# key	zipf — built by export_dictionary.py, do not hand-edit
اؤاتى	0.00
اؤب	0.00
اؤتم	0.00
اؤتمت	0.00
اؤتمر	0.00
اؤتممتم	0.00
اؤتممتن	0.00
اؤتممن	0.00
اؤتممنا	0.00
اؤتموا	0.00
اؤدى	1.34
اؤنى	0.00
ائتال	0.00
ائتام	0.00
ائتب	0.00
ائتثر	0.00
ائتج	0.00
ائتزر	0.00
ائتض	0.00
ائتكال	0.00
ائتكل	0.00
ائتلاف	3.93
ائتلافي	1.77
ائتلاق	0.00
ائتلف	1.98
ائتلق	0.00
ائتلى	0.00
ائتم	0.00
ائتمار	0.00
ائتمان	3.31
ائتمت	0.00
ائتمر	1.18
ائتمرتم	0.00
ائتمرتن	0.00
ائتمرنا	0.00
ائتمري	0.00
ائتمم	0.00
ائتممتم	0.00
ائتممتن	0.00
ائتممنا	0.00
ائتمن	2.33
ائتموا	0.00
ائتمي	0.00
ائتنس	0.00
ائتوى	0.00
ائمة	4.13
ائن	1.85
ائنوا	0.00
ائني	0.00
ائنيا	0.00
ائنين	0.00
ابؤس	0.00
ابؤسن	0.00
ابؤسوا	0.00
ابؤسي	0.00
ابا	4.38
اباء	3.73
اباءة	0.00
اباب	1.29
ابابة	0.00
ابابيل	2.68
ابات	2.05
اباتة	0.00
اباتي	1.97
اباجور	0.00
اباح	2.46
اباحة	3.12
اباحي	3.03
اباحية	3.74
اباخس	0.00
اباد	3.74
ابادة	3.88
ابار	3.57
ابارز	0.00
ابارى	0.00
اباريق	2.39
اباريقي	0.00
اباز	0.00
ابازير	0.00
ابازيم	1.67
اباس	1.31
اباسط	0.00
اباسن	0.00
اباسوا	0.00
اباسي	0.00
اباض	0.00
اباضة	1.64
اباضي	1.70
اباضية	1.79
اباط	1.74
اباطئ	0.00
اباطرة	2.81
اباطيل	2.02
اباع	1.17
اباعد	1.29
اباعر	0.00
اباق	0.00
ابال	0.00
ابالة	0.00
ابالسة	1.48
ابالى	2.03
اباليس	0.00
ابان	4.16
ابانة	1.76
اباهي	1.47
اباهيم	0.00
ابب	0.00
ابت	3.63
ابتئاس	0.00
ابتئس	0.00
ابتئسن	0.00
ابتئسوا	0.00
ابتئسي	0.00
ابتا	0.00
ابتاس	0.00
ابتاستم	0.00
ابتاستن	0.00
ابتاسن	0.00
ابتاسنا	0.00
ابتاسوا	0.00
ابتاع	2.67
ابتاعت	1.84
ابتاعوا	1.45
ابتاعي	1.09
ابتة	0.00
ابتدؤوا	0.00
ابتدئن	0.00
ابتدئوا	0.00
ابتدئي	0.00
ابتدا	3.32
ابتداء	4.37
ابتدائي	3.76
ابتداتم	0.00
ابتداتن	0.00
ابتدار	0.00
ابتداع	2.42
ابتدان	0.00
ابتدانا	1.72
ابتدر	1.14
ابتدع	2.98
ابتده	0.00
ابتذال	2.03
ابتذل	0.00
ابتر	2.33
ابتز	2.15
ابتزاز	3.57
ابتزازي	1.66
ابتسام	3.30
ابتسامة	4.10
ابتسر	0.00
ابتسري	0.00
ابتسم	3.86
ابتسمتم	0.00
ابتسمتن	0.00
ابتسمنا	1.43
ابتسمي	3.08
ابتض	0.00
ابتع	1.65
ابتعاث	2.67
ابتعاد	3.09
ابتعث	2.17
ابتعد	4.00
ابتعدتم	1.37
ابتعدتن	0.00
ابتعدنا	2.98
ابتعدي	2.79
ابتغاء	3.11
ابتغى	2.69
ابتكار	3.94
ابتكر	3.64
ابتل	2.13
ابتلاء	2.99
ابتلاش	0.00
ابتلاع	3.23
ابتلال	1.15
ابتلع	2.92
ابتلعي	0.00
ابتلى	2.74
ابتم	0.00
ابتما	0.00
ابتن	0.00
ابتناء	1.38
ابتنى	1.83
ابتهاج	2.73
ابتهال	2.58
ابتهج	3.07
ابتهل	1.77
ابتياع	2.08
ابتيع	0.00
ابتيعت	0.00
ابتيعوا	0.00
ابث	2.39
ابجد	2.38
ابجدي	2.26
ابجدية	2.95
ابجر	2.04
ابح	1.97
ابحاث	4.41
ابحار	2.81
ابحث	4.41
ابحثن	0.00
ابحثوا	3.29
ابحثي	2.75
ابحر	3.49
ابحرن	0.00
ابحروا	1.64
ابحري	0.00
ابخازيا	3.24
ابخر	1.49
ابخرة	2.87
ابخق	0.00
ابخل	2.44
ابد	3.50
ابدؤوا	1.81
ابدئي	2.74
ابدا	5.28
ابداء	3.68
ابداع	3.97
ابداعي	3.24
ابدال	2.09
ابدان	1.23
ابدتم	0.00
ابدتن	0.00
ابدع	3.54
ابدل	3.09
ابدلي	0.00
ابدن	1.70
ابدنا	0.00
ابدوا	3.47
ابدون	1.30
ابدى	3.96
ابدي	3.43
ابدية	3.45
ابدين	0.00
ابذا	0.00
ابذة	0.00
ابر	3.10
ابرا	2.59
ابراء	2.82
ابراج	3.77
ابراح	0.00
ابراد	0.00
ابرار	2.62
ابراز	3.83
ابراق	1.01
ابرام	3.55
ابراهيم	5.14
ابرة	3.55
ابرج	0.00
ابرجن	0.00
ابرجوا	0.00
ابرجي	0.00
ابرح	2.51
ابرد	3.23
ابردن	0.00
ابردوا	0.00
ابردي	0.00
ابرز	4.78
ابرزن	0.00
ابرزوا	1.12
ابرزي	1.45
ابرش	1.04
ابرشية	2.98
ابرص	1.96
ابرغش	0.00
ابرغشت	0.00
ابرغشش	0.00
ابرغشي	0.00
ابرق	2.50
ابرقن	0.00
ابرقوا	0.00
ابرقي	1.01
ابرك	1.93
ابركن	0.00
ابركوا	0.00
ابركي	0.00
ابرم	3.11
ابريز	1.36
ابريسم	0.00
ابريق	2.89
ابريل	5.18
ابز	1.87
ابزار	0.00
ابزلة	0.00
ابزن	0.00
ابزيم	1.86
ابس	2.10
ابستاق	0.00
ابسر	0.00
ابسرن	0.00
ابسروا	0.00
ابسري	0.00
ابسط	4.16
ابسطن	0.00
ابسطوا	1.20
ابسطي	1.15
ابش	1.32
ابشاي	0.00
ابشر	3.26
ابشع	3.69
ابشم	0.00
ابص	1.55
ابصار	2.59
ابصر	3.16
ابصري	0.00
ابصق	1.93
ابصقن	0.00
ابصقوا	0.00
ابصقي	0.00
ابض	0.00
ابط	2.30
ابطؤ	0.00
ابطؤن	0.00
ابطؤوا	0.00
ابطئي	0.00
ابطا	3.64
ابطاء	3.45
ابطال	4.67
ابطح	1.11
ابطر	0.00
ابطش	0.00
ابطل	3.34
ابطلن	0.00
ابطلوا	1.22
ابطلي	0.00
ابطن	1.71
ابطنة	0.00
ابعاد	3.89
ابعار	0.00
ابعاض	1.06
ابعث	3.40
ابعثن	0.00
ابعثوا	2.15
ابعثي	1.69
ابعد	4.57
ابغاء	0.00
ابغاض	0.00
ابغال	0.00
ابغض	3.13
ابغى	2.44
ابق	3.17
ابقاء	4.16
ابقتم	0.00
ابقتن	0.00
ابقع	1.26
ابقن	0.00
ابقنا	1.16
ابقوا	3.56
ابقى	4.07
ابقي	3.51
ابقين	0.00
ابك	2.79
ابكاء	1.14
ابكار	2.28
ابكر	3.36
ابكرن	0.00
ابكروا	0.00
ابكري	0.00
ابكم	2.70
ابكوا	1.97
ابكى	2.97
ابكي	3.32
ابكين	1.08
ابل	4.20
ابلاء	0.00
ابلاج	0.00
ابلاجت	0.00
ابلاجج	0.00
ابلاجوا	0.00
ابلاجي	0.00
ابلاع	0.00
ابلاغ	3.78
ابلة	1.47
ابلج	2.12
ابلد	1.27
ابلدن	0.00
ابلدوا	0.00
ابلدي	0.00
ابلس	0.00
ابلع	2.03
ابلعن	0.00
ابلعوا	0.00
ابلعي	1.97
ابلغ	4.32
ابلغن	0.00
ابلغوا	2.24
ابلغي	1.54
ابلق	1.67
ابلل	1.55
ابللن	0.00
ابله	3.82
ابلى	2.77
ابليز	0.00
ابليس	3.84
ابليسي	1.10
ابن	5.57
ابنا	2.71
ابناء	4.90
ابناك	1.32
ابنة	4.61
ابنوا	2.14
ابنوس	1.55
ابنى	2.19
ابني	4.37
ابنين	2.22
ابه	2.47
ابها	3.73
ابهاء	1.60
ابهاج	1.48
ابهار	2.58
ابهاظ	0.00
ابهام	2.86
ابهة	2.10
ابهج	2.27
ابهر	2.98
ابهظ	1.33
ابهق	0.00
ابهل	0.00
ابهم	1.72
ابهمي	0.00
ابهى	2.94
ابوا	1.21
ابواب	4.51
ابواع	0.00
ابواق	3.24
ابوال	1.57
ابوان	2.26
ابوة	2.76
ابوت	3.04
ابوديم	0.00
ابولو	3.38
ابوي	3.48
ابى	4.16
ابي	5.46
ابيات	3.60
ابياض	0.00
ابيدجان	2.98
ابيس	1.85
ابيض	4.50
ابيضاض	2.31
ابيضت	2.13
ابيضض	0.00
ابيضضتم	0.00
ابيضضتن	0.00
ابيضضنا	0.00
ابيضوا	0.00
ابيضي	0.00
ابيقوري	0.00
ابيل	2.74
ابين	3.67
اتئاد	0.00
اتا	2.46
اتاب	0.00
اتاح	3.68
اتاحة	3.80
اتاد	0.00
اتاس	0.00
اتام	0.00
اتان	1.92
اتانى	0.00
اتانين	0.00
اتاوة	2.16
اتاوى	0.00
اتاويه	0.00
اتاى	0.00
اتب	1.45
اتباع	4.18
اتبب	0.00
اتببن	0.00
اتبس	0.00
اتبع	4.01
اتبعن	1.47
اتبعي	2.58
اتت	4.45
اتثن	0.00
اتثنى	0.00
اتجار	2.69
اتجارر	0.00
اتجاه	4.57
اتجر	1.43
اتجرن	0.00
اتجروا	0.00
اتجري	0.00
اتجه	3.87
اتحاد	4.83
اتحادي	3.20
اتحادية	3.36
اتحاف	2.61
اتحد	2.75
اتحدتم	0.00
اتحدتن	0.00
اتحدنا	2.01
اتحدي	1.82
اتحف	1.32
اتحو	0.00
اتحوى	0.00
اتخاذ	4.74
اتخام	0.00
اتخذ	4.41
اتخذي	2.16
اتخم	1.30
اتراب	1.68
اتراح	0.00
اتراس	1.16
اتراع	0.00
اتراف	0.00
اترب	0.00
اتربة	2.50
اترج	0.00
اترجة	0.00
اترح	0.00
اترع	0.00
اترف	0.00
اترك	4.07
اتركن	0.00
اتركوا	3.57
اتركي	3.16
اتريوم	0.00
اتزان	2.86
اتزر	0.00
اتزن	1.20
اتزو	0.00
اتزوى	0.00
اتساخ	1.87
اتساع	3.55
اتساق	2.61
اتسام	1.56
اتساو	0.00
اتساوى	0.00
اتسخ	2.15
اتسختم	0.00
اتسختن	0.00
اتسخنا	0.00
اتسخي	0.00
اتسر	0.00
اتسع	3.18
اتسق	1.43
اتسل	0.00
اتسلى	2.18
اتسم	3.33
اتسمى	0.00
اتشاح	0.00
اتشح	1.30
اتشيوت	0.00
اتصاف	1.89
اتصال	4.73
اتصف	2.79
اتصل	4.60
اتصلتم	1.24
اتصلتن	0.00
اتصلنا	3.13
اتصلى	0.00
اتصلي	2.69
اتضاح	1.89
اتضادد	0.00
اتضاع	0.00
اتضح	4.15
اتعاب	2.86
اتعاظ	1.89
اتعال	0.00
اتعالى	1.41
اتعب	3.06
اتعبن	0.00
اتعبوا	1.04
اتعبي	0.00
اتعد	1.02
اتعس	2.68
اتعش	0.00
اتعشى	1.57
اتعظ	2.10
اتغد	0.00
اتغدى	1.64
اتفاق	4.68
اتفاقا	3.74
اتفاقي	2.62
اتفاقية	4.75
اتفق	4.15
اتفقتم	1.89
اتفقتن	0.00
اتفقنا	3.92
اتفقي	1.25
اتفه	2.66
اتق	3.09
اتقاء	2.80
اتقاد	0.00
اتقان	3.46
اتقت	0.00
اتقد	1.63
اتقن	3.38
اتقني	1.15
اتقى	2.84
اتقياء	2.27
اتكؤوا	0.00
اتكئن	0.00
اتكئوا	0.00
اتكئي	0.00
اتكا	2.07
اتكاء	1.61
اتكاتم	0.00
اتكاتن	0.00
اتكال	1.60
اتكان	0.00
اتكانا	0.00
اتكل	2.05
اتل	2.25
اتلاء	0.00
اتلاد	0.00
اتلاف	3.36
اتلاق	0.00
اتلاقى	0.00
اتلام	1.07
اتلع	0.00
اتلف	2.66
اتلون	0.00
اتلى	1.48
اتلي	1.72
اتم	3.92
اتمار	0.00
اتمام	3.88
اتمت	3.17
اتمر	1.36
اتمم	2.57
اتممن	0.00
اتمي	1.18
اتن	1.85
اتهام	4.07
اتهم	4.15
اتواء	0.00
اتوال	0.00
اتوالى	0.00
اتواه	0.00
اتوب	2.74
اتوبيس	3.03
اتوم	2.60
اتون	3.23
اتى	4.57
اتي	3.51
اتياس	1.64
اتيان	3.05
اتياه	0.00
اتيتم	1.83
اتيتن	0.00
اتينا	2.67
اثا	1.30
اثاب	1.50
اثابة	1.16
اثاث	3.61
اثار	4.76
اثارة	4.59
اثارت	4.13
اثارن	0.00
اثاروا	2.42
اثاري	0.00
اثافي	1.01
اثاقل	0.00
اثاليث	0.00
اثام	2.58
اثبات	4.40
اثبت	4.35
اثبتن	1.11
اثبتوا	2.94
اثبتي	2.40
اثبر	0.00
اثبرن	0.00
اثبروا	0.00
اثبري	0.00
اثث	1.69
اثجل	0.00
اثخان	0.00
اثخن	2.28
اثد	0.00
اثدي	0.00
اثر	4.85
اثراء	3.63
اثرار	0.00
اثرة	2.45
اثرتم	1.18
اثرتن	0.00
اثرنا	2.28
اثرى	2.95
اثري	3.42
اثرياء	3.42
اثغر	0.00
اثف	0.00
اثفية	0.00
اثقاب	0.00
اثقال	2.90
اثقب	0.00
اثقبن	0.00
اثقبوا	0.00
اثقبي	0.00
اثقفة	0.00
اثقل	3.68
اثقلن	0.00
اثقلوا	0.00
اثقلي	0.00
اثل	1.98
اثلاث	1.72
اثلاج	0.00
اثلام	1.26
اثلث	0.00
اثلج	2.38
اثم	3.44
اثماء	0.00
اثمار	1.57
اثمان	2.58
اثمة	1.66
اثمد	1.52
اثمر	2.89
اثمرتم	0.00
اثمرتن	0.00
اثمرنا	0.00
اثمري	0.00
اثمن	3.31
اثمنة	1.54
اثن	2.03
اثناء	5.49
اثنان	4.55
اثنت	2.48
اثنوا	1.61
اثنون	0.00
اثنونت	0.00
اثنونى	0.00
اثنوني	0.00
اثنى	3.66
اثني	3.57
اثنية	1.66
اثنيتم	0.00
اثنيتن	1.15
اثنين	4.90
اثنينئذ	0.00
اثنينا	1.20
اثواب	2.83
اثور	1.93
اثى	0.00
اثير	3.53
اثيرت	3.35
اثيري	1.88
اثيل	2.27
اثيم	2.52
اثينا	4.27
اثيوبيا	4.18
اجئ	1.63
اجا	1.18
اجاب	3.99
اجابة	4.31
اجابت	3.28
اجابوا	2.87
اجاج	2.35
اجاد	2.88
اجادة	2.80
اجادى	0.00
اجار	2.76
اجارة	1.94
اجارت	0.00
اجاروا	0.00
اجاز	3.24
اجازة	4.31
اجاص	1.69
اجاع	0.00
اجاعة	0.00
اجاف	0.00
اجال	1.94
اجالة	0.00
اجام	1.16
اجامل	2.18
اجانب	3.99
اجانة	0.00
اجاود	0.00
اجاويد	1.88
اجباب	0.00
اجباح	0.00
اجبار	3.75
اجباري	3.27
اجباس	0.00
اجبال	1.41
اجبب	0.00
اجببن	0.00
اجبر	4.02
اجبرن	1.11
اجبروا	2.45
اجبري	0.00
اجبل	1.05
اجبن	2.46
اجبنة	0.00
اجتاح	3.28
اجتاز	3.40
اجتبى	0.00
اجتث	1.64
اجتثاث	2.97
اجتذاب	3.09
اجتذب	2.43
اجتر	0.00
اجترا	1.30
اجتراء	0.00
اجترار	2.02
اجتراع	0.00
اجتراف	0.00
اجترح	1.77
اجترع	0.00
اجترف	0.00
اجترم	0.00
اجتز	1.41
اجتزاز	0.00
اجتشا	0.00
اجتص	0.00
اجتلاب	1.30
اجتلب	0.00
اجتلى	0.00
اجتماع	4.77
اجتماعي	4.34
اجتمر	0.00
اجتمع	4.20
اجتمعتم	1.98
اجتمعتن	0.00
اجتمعنا	3.34
اجتمعي	0.00
اجتناء	0.00
اجتناب	2.75
اجتنب	2.26
اجتنى	0.00
اجتهاد	3.00
اجتهد	3.21
اجتهدتم	0.00
اجتهدتن	0.00
اجتهدنا	2.16
اجتهدي	1.45
اجتور	0.00
اجتياح	3.50
اجتياز	3.75
اجج	2.51
اجحاف	2.29
اجحف	1.70
اجد	4.64
اجداب	0.00
اجداث	0.00
اجدار	0.00
اجدب	1.77
اجدة	1.11
اجدد	3.32
اجددن	0.00
اجدر	2.86
اجدع	2.10
اجدل	1.60
اجدى	2.66
اجذاذ	0.00
اجذاع	0.00
اجذال	0.00
اجذام	0.00
اجذب	2.04
اجذر	0.00
اجذرن	0.00
اجذروا	0.00
اجذري	0.00
اجذل	0.00
اجذم	0.00
اجر	4.22
اجرؤ	1.60
اجرؤن	0.00
اجرؤوا	0.00
اجرئي	0.00
اجرا	2.50
اجراء	5.00
اجرائي	2.72
اجراح	0.00
اجراز	0.00
اجراس	3.38
اجراف	1.34
اجرام	3.12
اجرامي	3.29
اجرب	3.09
اجربة	1.59
اجرة	4.13
اجرتم	0.00
اجرتن	0.00
اجرح	2.57
اجرحن	0.00
اجرحوا	0.00
اجرحي	0.00
اجرد	2.32
اجرر	0.00
اجررن	0.00
اجرس	0.00
اجرع	0.00
اجرعن	0.00
اجرعوا	0.00
اجرعي	0.00
اجرم	2.31
اجرمز	0.00
اجرمزت	0.00
اجرمزز	0.00
اجرمزي	0.00
اجرنا	0.00
اجرنثم	0.00
اجرنثمي	0.00
اجروا	2.21
اجرى	4.29
اجري	4.14
اجرياء	0.00
اجرين	1.47
اجز	1.78
اجزاء	4.74
اجزال	0.00
اجزل	2.32
اجزوا	0.00
اجزى	0.00
اجزي	1.44
اجزين	0.00
اجسا	0.00
اجساد	3.56
اجسام	3.68
اجسد	1.93
اجسر	0.00
اجسرن	0.00
اجسروا	0.00
اجسري	0.00
اجسم	1.20
اجش	2.35
اجشم	0.00
اجع	1.20
اجعد	1.82
اجعل	4.09
اجعلن	0.00
اجعلوا	2.96
اجعلي	3.21
اجف	1.91
اجفال	1.37
اجفان	2.11
اجفل	1.32
اجل	5.83
اجلاء	3.59
اجلاب	0.00
اجلاد	0.00
اجلاس	1.53
اجلاف	1.26
اجلال	2.86
اجلب	3.08
اجلة	2.29
اجلح	1.47
اجلد	2.11
اجلدي	0.00
اجلس	3.90
اجلسن	0.00
اجلسوا	2.32
اجلسي	2.76
اجلعب	0.00
اجلعبب	0.00
اجلعبت	0.00
اجلعبي	0.00
اجلعد	0.00
اجلعدت	0.00
اجلعدد	0.00
اجلعدي	0.00
اجلل	1.14
اجلنفع	0.00
اجلنفعي	0.00
اجلوذ	0.00
اجلولى	0.00
اجلى	2.77
اجم	1.99
اجماء	0.00
اجماد	0.00
اجماع	3.76
اجمال	2.36
اجمالا	3.50
اجمالي	4.40
اجمة	2.23
اجمد	2.65
اجمدن	0.00
اجمدوا	0.00
اجمدي	1.30
اجمع	4.27
اجمعتم	0.00
اجمعتن	0.00
اجمعن	0.00
اجمعنا	1.93
اجمعوا	2.66
اجمعون	1.74
اجمعي	2.36
اجمل	4.66
اجملن	0.00
اجملوا	0.00
اجملي	0.00
اجن	2.70
اجناء	0.00
اجناب	1.77
اجناح	0.00
اجناد	2.82
اجناس	3.05
اجنان	0.00
اجنب	1.92
اجنبن	0.00
اجنبوا	0.00
اجنبي	4.09
اجنة	2.78
اجنح	1.10
اجنحة	3.98
اجندة	3.75
اجنف	0.00
اجهاد	3.24
اجهار	0.00
اجهاز	0.00
اجهاش	0.00
اجهاض	3.52
اجهام	0.00
اجهد	2.41
اجهدن	0.00
اجهدوا	0.00
اجهدي	0.00
اجهر	2.19
اجهرن	0.00
اجهروا	1.31
اجهري	0.00
اجهز	2.79
اجهزة	4.93
اجهش	2.23
اجهض	2.39
اجهل	3.86
اجهلن	0.00
اجهلوا	0.00
اجهلي	0.00
اجهم	0.00
اجواء	4.08
اجواخ	0.00
اجواد	2.16
اجواف	1.94
اجواق	0.00
اجوال	1.57
اجوام	0.00
اجوان	1.51
اجوبة	3.72
اجود	3.57
اجور	3.76
اجوزة	0.00
اجوف	2.81
اجونيدي	0.00
اجياد	2.44
اجياف	0.00
اجيال	4.02
اجيبت	1.99
اجيبي	3.48
اجيج	1.45
اجيد	3.44
اجير	2.81
اجيرات	0.00
اجيرت	0.00
اجيري	1.99
احابيل	1.14
احاج	1.32
احاجي	1.94
احاح	0.00
احاد	2.50
احادي	3.45
احاديث	4.13
احار	1.62
احارة	0.00
احارص	0.00
احاسن	1.04
احاط	3.23
احاطة	2.99
احاطت	2.99
احاطوا	2.52
احافير	2.27
احاق	1.12
احاقة	0.00
احاقق	0.00
احاكم	1.64
احال	3.12
احالة	3.48
احالت	2.47
احالوا	1.39
احالي	0.00
احاليل	0.00
احام	0.00
احب	5.22
احباء	2.91
احباب	3.52
احبار	2.47
احباس	1.39
احباش	1.31
احباط	3.76
احباك	0.00
احبال	2.12
احبة	2.80
احبس	2.40
احبط	2.94
احبطي	0.00
احبك	4.90
احبل	1.27
احبلن	0.00
احبلوا	0.00
احبلي	0.00
احبنطى	0.00
احبولة	1.57
احبي	2.10
احتاج	4.31
احتاجت	3.22
احتاجوا	2.81
احتاجي	0.00
احتار	2.61
احتاز	0.00
احتاط	1.97
احتاطت	0.00
احتاطوا	0.00
احتاطي	0.00
احتال	2.45
احتباس	3.01
احتبس	1.59
احتبى	0.00
احتج	3.51
احتجاب	2.11
احتجاج	3.78
احتجاز	3.83
احتجب	1.79
احتجز	3.27
احتجم	1.69
احتد	1.87
احتداد	1.66
احتدام	2.59
احتدم	2.50
احتذاء	1.61
احتذى	1.63
احتر	1.65
احتراز	1.91
احتراس	1.74
احتراف	3.14
احتراق	3.75
احترام	4.50
احترب	0.00
احتربتم	0.00
احتربتن	0.00
احتربنا	0.00
احتربي	0.00
احترز	1.33
احترس	2.75
احترف	2.84
احترق	3.50
احترم	3.41
احترمي	2.25
احتساء	2.69
احتساب	3.63
احتسب	2.89
احتسبي	1.46
احتسى	1.80
احتشاد	2.37
احتشام	2.00
احتشد	3.08
احتشدتم	0.00
احتشدتن	0.00
احتشدنا	0.00
احتشدي	0.00
احتشم	1.51
احتشى	0.00
احتضار	2.34
احتضان	3.41
احتضر	2.59
احتضن	3.13
احتط	0.00
احتطاب	0.00
احتطب	0.00
احتطتم	0.00
احتطتن	0.00
احتطن	0.00
احتطنا	0.00
احتظر	0.00
احتفاء	3.46
احتفاظ	2.93
احتفال	4.13
احتفالي	2.77
احتفر	1.15
احتفظ	3.88
احتفظي	2.45
احتفل	3.84
احتفلي	1.63
احتفى	2.84
احتقار	2.85
احتقان	2.98
احتقب	0.00
احتقر	2.45
احتقن	0.00
احتك	2.55
احتكار	3.67
احتكاك	3.47
احتكاكي	1.85
احتكام	1.93
احتكر	2.38
احتكم	1.63
احتل	4.03
احتلاب	0.00
احتلال	4.37
احتلام	1.30
احتلب	0.00
احتلم	1.48
احتلمتم	0.00
احتلمتن	0.00
احتلمنا	0.00
احتلمي	0.00
احتماء	1.69
احتمال	4.54
احتمل	3.02
احتملي	0.00
احتمى	2.53
احتو	1.13
احتواء	3.79
احتوت	3.45
احتوش	0.00
احتوى	3.36
احتياج	3.59
احتيار	1.09
احتياط	3.25
احتياطي	3.67
احتيال	3.57
احتيج	1.76
احتيجت	0.00
احتيجوا	0.00
احتيط	0.00
احث	2.37
احجاء	0.00
احجار	3.60
احجام	3.38
احجة	0.00
احجج	0.00
احججن	0.00
احجر	1.54
احجرن	0.00
احجروا	0.00
احجري	0.00
احجم	2.14
احجية	2.73
احد	5.98
احدئذ	0.00
احداء	0.00
احداب	0.00
احداث	4.91
احداق	1.64
احدان	0.00
احدب	2.55
احدث	4.60
احدثن	0.00
احدثوا	1.52
احدثي	0.00
احدذاك	0.00
احدق	2.54
احدوثة	1.31
احدودب	1.29
احدودبي	0.00
احدودق	0.00
احدودقي	0.00
احدى	5.37
احديداب	0.00
احذية	3.91
احر	3.35
احراء	0.00
احراج	3.15
احرار	4.06
احراز	3.47
احراق	3.55
احرام	1.96
احرب	1.33
احربن	0.00
احربوا	0.00
احربي	0.00
احرج	2.93
احرز	3.80
احرش	0.00
احرص	3.33
احرف	3.71
احرق	3.55
احرم	2.67
احرمي	0.00
احرنجم	0.00
احرنجمي	0.00
احرنشف	0.00
احرنشفي	0.00
احرنفز	0.00
احرنفزي	0.00
احرى	2.66
احرياء	0.00
احزاب	4.35
احزان	3.37
احزن	3.41
احس	4.26
احساء	1.15
احساب	1.41
احساس	4.10
احسان	3.88
احسن	4.64
احسنوا	2.10
احسني	2.43
احسي	0.00
احشاء	2.96
احشام	0.00
احصاء	3.87
احصائي	2.70
احصائية	3.72
احصان	0.00
احصرة	0.00
احصل	4.13
احصلن	0.00
احصلوا	2.09
احصلي	2.75
احصن	2.08
احصنة	3.07
احصى	2.99
احضار	3.69
احضان	3.57
احضر	3.94
احضرن	0.00
احضروا	2.78
احضري	2.74
احضنوا	1.21
احضني	2.17
احط	2.87
احطاب	0.00
احطط	0.00
احططن	0.00
احظ	2.12
احظوا	0.00
احظى	2.78
احظي	1.43
احظين	0.00
احفاد	3.82
احفار	0.00
احفاص	0.00
احفاض	0.00
احفر	2.63
احفرن	0.00
احفروا	1.68
احفري	1.01
احفظ	3.46
احفظن	0.00
احفظوا	2.38
احفظي	2.45
احفل	1.82
احفلن	0.00
احفلوا	0.00
احفلي	0.00
احفور	1.32
احق	3.43
احقاء	0.00
احقاب	1.75
احقاد	2.57
احقار	0.00
احقاق	2.44
احقب	0.00
احقد	2.08
احقر	2.85
احقوقف	0.00
احقوقفي	0.00
احقي	0.00
احقية	3.29
احك	2.45
احكام	4.44
احكك	0.00
احككن	0.00
احكم	3.39
احكمن	0.00
احكموا	2.20
احكمي	1.85
احكوا	1.38
احكون	0.00
احكى	2.00
احكي	3.50
احكين	0.00
احل	3.76
احلاء	0.00
احلاس	0.00
احلاف	2.16
احلاق	0.00
احلال	3.11
احلام	4.38
احلف	3.01
احلم	3.33
احلمن	0.00
احلموا	1.53
احلمي	1.88
احلولك	0.00
احلولى	0.00
احلى	4.01
احليل	1.36
احليلي	1.20
احم	3.12
احماء	2.38
احمار	1.57
احمارا	0.00
احمارت	0.00
احمارتا	0.00
احمارر	0.00
احماروا	0.00
احماري	0.00
احماض	0.00
احمال	2.82
احمد	5.59
احمدن	0.00
احمدوا	1.90
احمدي	3.44
احمر	4.51
احمرا	1.85
احمرار	3.12
احمرت	2.02
احمرتا	0.00
احمرر	0.00
احمررتم	0.00
احمررتن	0.00
احمررنا	0.00
احمروا	0.00
احمري	0.00
احمض	1.40
احمق	3.84
احمل	3.80
احملن	0.00
احملوا	2.18
احملي	1.94
احموا	2.12
احمى	1.95
احمي	3.45
احمين	0.00
احن	2.75
احناء	1.26
احناث	0.00
احناش	0.00
احناف	0.00
احناك	0.00
احنة	0.00
احنف	1.21
احنك	1.24
احنون	0.00
احنى	2.04
احو	1.14
احواج	0.00
احوار	0.00
احواض	3.39
احواف	0.00
احوال	3.95
احوج	3.10
احوجي	0.00
احور	2.05
احورار	0.00
احوط	1.38
احول	2.88
احولال	0.00
احولت	0.00
احولل	0.00
احوللتم	0.00
احوللتن	0.00
احوللنا	0.00
احولوا	0.00
احولي	0.00
احونصل	0.00
احووا	0.00
احوى	2.01
احوي	0.00
احوين	0.00
احي	2.12
احيا	3.78
احياء	4.62
احياد	0.00
احيار	0.00
احيال	0.00
احيانا	5.09
احيت	3.32
احيطت	2.35
احيطي	1.21
احيل	3.31
احيلت	2.78
احيلى	0.00
احيلي	0.00
احيوا	1.58
احيي	2.32
احيين	0.00
اخا	3.61
اخاء	2.23
اخادع	1.72
اخاديد	2.43
اخاذ	2.59
اخاسر	0.00
اخاصص	0.00
اخاطة	0.00
اخاف	4.20
اخافة	2.53
اخافت	1.97
اخافف	0.00
اخافوا	1.05
اخافي	0.00
اخال	2.11
اخاير	0.00
اخباء	0.00
اخبار	5.05
اخبت	0.00
اخبث	2.61
اخبر	4.39
اخبرن	0.00
اخبروا	2.47
اخبري	2.09
اخبز	1.26
اخبزن	0.00
اخبزوا	0.00
اخبزي	0.00
اخبى	0.00
اخبية	1.40
اخت	4.16
اختار	4.44
اختارت	4.05
اختاروا	3.68
اختاري	3.42
اختال	1.44
اختان	2.53
اختبا	2.81
اختباء	2.64
اختبار	4.65
اختباز	0.00
اختبر	3.44
اختبري	1.80
اختبز	0.00
اختتام	3.32
اختتامي	0.00
اختتان	0.00
اختتم	3.45
اختتن	0.00
اختتني	0.00
اختراع	4.08
اختراق	4.30
اخترط	0.00
اخترع	3.71
اخترعي	1.08
اخترق	3.41
اخترقي	0.00
اختزال	3.29
اختزالي	1.53
اختزان	1.99
اختزل	2.05
اختزن	1.31
اختص	2.94
اختصار	3.89
اختصاص	3.71
اختصام	1.18
اختصر	3.16
اختصم	1.79
اختضاب	0.00
اختضب	0.00
اختط	1.99
اختطاف	4.05
اختطف	3.61
اختطى	0.00
اختفاء	4.10
اختفى	4.11
اختل	2.72
اختلاء	1.30
اختلاج	1.76
اختلاجة	0.00
اختلاس	3.15
اختلاط	3.37
اختلاف	4.46
اختلاق	3.02
اختلال	3.39
اختلب	0.00
اختلج	0.00
اختلس	2.42
اختلط	3.30
اختلطتم	0.00
اختلطتن	0.00
اختلطنا	0.00
اختلطي	1.08
اختلف	4.03
اختلفتم	2.22
اختلفتن	0.00
اختلفنا	3.34
اختلفي	0.00
اختلق	2.55
اختلى	1.79
اختمار	1.30
اختمر	1.15
اختمرتم	0.00
اختمرتن	0.00
اختمرنا	0.00
اختمري	0.00
اختناق	3.35
اختنق	2.74
اختنوا	0.00
اختني	0.00
اختيار	4.95
اختياري	3.69
اختيال	1.54
اختير	3.68
اختيرت	3.54
اختيروا	2.34
اخثار	0.00
اخثر	0.00
اخجال	0.00
اخجل	3.37
اخجلن	0.00
اخجلوا	1.56
اخجلي	0.00
اخداش	0.00
اخداع	0.00
اخدان	1.01
اخدر	1.69
اخدش	1.20
اخدشن	0.00
اخدشوا	0.00
اخدشي	0.00
اخدع	2.00
اخدعان	0.00
اخدود	2.62
اخذ	5.02
اخذان	0.00
اخذتم	0.00
اخذتن	0.00
اخذل	1.83
اخذلن	0.00
اخذلوا	0.00
اخذلي	0.00
اخذنا	1.20
اخذي	2.28
اخر	5.84
اخرائيل	0.00
اخراج	4.50
اخراس	1.90
اخراص	0.00
اخرب	2.62
اخربة	0.00
اخرة	3.00
اخرج	4.29
اخرجة	1.62
اخرجن	1.21
اخرجوا	2.97
اخرجي	2.78
اخرس	3.69
اخرفة	0.00
اخرق	3.24
اخرمص	0.00
اخرمصت	0.00
اخرمصص	0.00
اخرمصي	0.00
اخرنطم	0.00
اخرنطمي	0.00
اخرنمس	0.00
اخرنمسي	0.00
اخروط	0.00
اخروطتم	0.00
اخروطتن	0.00
اخروطنا	0.00
اخروطي	0.00
اخروي	1.49
اخرى	5.94
اخريات	3.64
اخزاء	0.00
اخزنوا	0.00
اخزني	0.00
اخزى	2.13
اخسة	0.00
اخسر	3.39
اخشاب	2.93
اخشاش	0.00
اخشاف	0.00
اخشن	2.12
اخشوشب	0.00
اخشوشبي	0.00
اخشوشن	0.00
اخشوشني	0.00
اخص	2.77
اخصائي	3.82
اخصاب	2.49
اخصاص	0.00
اخصام	0.00
اخصب	2.45
اخصر	2.11
اخصوا	0.00
اخصى	0.00
اخصي	0.00
اخصين	0.00
اخضاب	0.00
اخضار	0.00
اخضارت	0.00
اخضارر	0.00
اخضاروا	0.00
اخضاري	0.00
اخضاع	3.43
اخضب	0.00
اخضر	4.19
اخضرار	2.15
اخضرت	1.75
اخضرر	0.00
اخضررتم	0.00
اخضررتن	0.00
اخضررنا	0.00
اخضروا	0.00
اخضري	0.00
اخضع	3.07
اخضعن	0.00
اخضعوا	1.60
اخضعي	1.52
اخضل	0.00
اخضلت	1.09
اخضلل	0.00
اخضللتم	0.00
اخضللتن	0.00
اخضللنا	0.00
اخضلن	0.00
اخضلوا	0.00
اخضلي	0.00
اخضوضب	0.00
اخضوضر	0.00
اخضوضري	0.00
اخضوضع	0.00
اخضوضعي	0.00
اخضيضار	0.00
اخطا	3.84
اخطاء	4.34
اخطار	3.55
اخطبوط	2.75
اخطر	4.22
اخطط	2.56
اخططن	0.00
اخطف	1.91
اخطم	0.00
اخطمة	0.00
اخطمن	0.00
اخطموا	0.00
اخطمي	0.00
اخف	3.69
اخفاء	4.15
اخفاف	1.47
اخفاق	3.12
اخفت	3.20
اخفش	0.00
اخفض	3.29
اخفق	3.24
اخفى	3.25
اخفية	0.00
اخل	2.97
اخلاء	4.05
اخلاب	0.00
اخلاد	0.00
اخلاص	3.41
اخلاط	2.16
اخلاف	1.84
اخلاق	3.99
اخلاقي	3.87
اخلاقية	4.00
اخلال	2.73
اخلة	0.00
اخلد	2.71
اخلدن	0.00
اخلدوا	1.22
اخلدي	1.16
اخلص	3.13
اخلط	2.46
اخلطن	0.00
اخلطوا	1.34
اخلطي	2.68
اخلف	2.91
اخلفن	0.00
اخلفوا	1.09
اخلفي	0.00
اخلق	3.29
اخلولق	0.00
اخلون	0.00
اخلى	2.74
اخلي	2.66
اخلياء	0.00
اخماج	0.00
اخماد	3.49
اخماس	2.52
اخماص	0.00
اخمد	2.58
اخمر	1.17
اخمرة	1.04
اخمرن	0.00
اخمروا	0.00
اخمري	0.00
اخمص	3.03
اخن	2.27
اخناء	0.00
اخنب	0.00
اخنبن	0.00
اخنبوا	0.00
اخنبي	0.00
اخنس	1.11
اخنع	0.00
اخنف	1.04
اخنى	1.10
اخوات	3.58
اخوال	2.20
اخوام	0.00
اخوان	3.84
اخوة	3.82
اخوف	2.48
اخون	2.88
اخونة	1.86
اخوي	3.16
اخوية	3.41
اخى	2.40
اخيار	2.45
اخياف	0.00
اخيال	0.00
اخير	3.54
اخيرا	4.97
اخيرى	0.00
اخيفت	0.00
اخيفي	0.00
اخيل	3.01
اخيلة	1.68
ادا	2.53
اداء	4.84
اداب	3.67
اداة	4.55
ادار	3.64
ادارا	0.00
ادارة	5.36
ادارت	3.23
ادارك	1.67
اداروا	2.52
اداري	3.90
اداف	0.00
ادام	2.91
ادان	3.76
ادانة	3.92
اداني	1.92
اداهي	0.00
اداوة	1.01
ادب	4.29
ادباء	3.13
ادباب	0.00
ادبار	1.93
ادباش	0.00
ادبب	0.00
ادببن	0.00
ادبر	3.03
ادبري	0.00
ادبي	3.60
ادبيا	2.99
ادبيات	3.11
ادت	4.71
ادثار	0.00
ادثر	0.00
ادجاء	0.00
ادجى	0.00
ادح	0.00
ادحاض	0.00
ادحض	1.43
ادحون	0.00
ادحى	0.00
ادحي	0.00
ادخار	2.81
ادخاس	0.00
ادخال	4.41
ادخر	2.59
ادخل	4.44
ادخلن	1.15
ادخلوا	3.55
ادخلي	3.32
ادخنة	2.44
ادر	3.12
ادرا	0.00
ادراب	0.00
ادراج	4.05
ادرار	2.57
ادراس	0.00
ادراك	4.13
ادران	1.92
ادرب	2.09
ادربن	0.00
ادربوا	0.00
ادربي	0.00
ادرج	3.44
ادرجن	0.00
ادرجوا	1.17
ادرجي	0.00
ادرس	3.32
ادرسن	0.00
ادرسوا	1.94
ادرسي	1.93
ادرع	1.47
ادرك	4.35
ادرنة	2.41
ادروا	0.00
ادرى	3.77
ادري	4.87
ادريس	4.15
ادرين	1.71
ادسم	0.00
ادع	3.51
ادعاء	3.79
ادعاص	0.00
ادعت	3.51
ادعث	0.00
ادعج	2.14
ادعس	1.48
ادعص	0.00
ادعق	0.00
ادعم	3.42
ادعمن	0.00
ادعموا	3.24
ادعمي	1.29
ادعون	0.00
ادعى	4.18
ادعي	3.63
ادعية	3.21
ادغال	2.79
ادغام	2.19
ادغم	1.49
ادفا	2.39
ادفاء	0.00
ادفان	0.00
ادفع	3.79
ادفعن	0.00
ادفعوا	2.35
ادفعي	2.07
ادفف	0.00
ادففن	0.00
ادفنوا	1.44
ادفني	1.63
ادق	3.80
ادقاء	0.00
ادقة	0.00
ادكن	1.82
ادل	2.82
ادلاء	2.63
ادلاس	0.00
ادلب	4.31
ادلة	4.53
ادلج	1.83
ادلف	1.57
ادلل	1.60
ادللن	0.00
ادلهم	1.58
ادلى	3.90
ادم	4.73
ادماء	0.00
ادماج	2.98
ادمان	3.78
ادمة	1.38
ادمج	2.29
ادمع	1.86
ادمغة	3.12
ادمل	0.00
ادمم	0.00
ادممن	0.00
ادمن	2.92
ادمني	0.00
ادمى	2.40
ادمي	3.09
ادمية	2.96
ادن	2.38
ادنا	0.00
ادناء	0.00
ادناس	0.00
ادناف	0.00
ادنون	0.00
ادنى	4.66
ادني	2.71
ادنياء	0.00
ادهان	1.47
ادهش	2.76
ادهم	3.59
ادهنا	0.00
ادهى	2.49
ادهية	0.00
ادو	2.38
ادواء	1.90
ادوات	4.65
ادوار	3.95
ادوال	0.00
ادوم	2.52
ادون	3.07
ادووا	0.00
ادوي	0.00
ادوية	4.12
ادوين	2.45
ادى	5.07
ادياك	0.00
اديان	2.97
اديب	3.79
اديبات	1.64
اديبة	2.27
اديرة	2.49
اديرت	2.09
اديري	1.66
اديم	2.64
اذا	6.13
اذاب	2.23
اذار	4.61
اذاع	2.76
اذاعة	4.32
اذاعت	2.61
اذاعوا	1.94
اذاق	1.84
اذاقة	0.00
اذاك	2.19
اذاكي	0.00
اذال	0.00
اذان	3.57
اذبال	0.00
اذبح	2.26
اذبحن	0.00
اذبحوا	1.64
اذبحي	0.00
اذبل	1.61
اذج	0.00
اذخار	0.00
اذخر	0.00
اذر	1.74
اذراب	0.00
اذرة	0.00
اذرع	3.38
اذروا	0.00
اذرون	0.00
اذرى	0.00
اذري	1.80
اذرية	0.00
اذرين	0.00
اذريون	1.09
اذعان	2.11
اذعن	2.42
اذفة	0.00
اذقن	0.00
اذكاء	2.31
اذكار	2.67
اذكر	4.56
اذكرن	0.00
اذكري	2.53
اذكى	3.72
اذكياء	3.22
اذل	2.84
اذلاء	2.16
اذلال	3.07
اذلة	2.42
اذلعب	0.00
اذلعبب	0.00
اذلعبت	0.00
اذلعبي	0.00
اذلف	1.04
اذلق	0.00
اذلول	0.00
اذلولت	0.00
اذلولى	0.00
اذما	1.44
اذمار	0.00
اذمة	0.00
اذن	4.82
اذناب	2.68
اذنب	2.74
اذنبتم	0.00
اذنبتن	0.00
اذنبنا	1.68
اذنبي	0.00
اذنة	1.46
اذني	3.59
اذهاب	0.00
اذهال	1.10
اذهان	3.58
اذهب	4.25
اذهبن	1.30
اذهبوا	3.58
اذهبي	2.87
اذهل	2.62
اذون	2.18
اذوى	0.00
اذى	3.93
اذي	2.33
اذيال	2.66
اذية	3.33
اذيعت	2.77
اذيعي	0.00
اذين	1.41
ارا	2.46
اراء	4.25
ارائج	0.00
ارائك	2.39
اراب	2.81
اراث	0.00
اراجح	0.00
اراجيح	1.90
اراجيز	1.56
اراجيف	0.00
اراح	2.43
اراحة	2.70
اراحت	1.60
اراحوا	0.00
اراد	4.86
ارادئ	0.00
ارادة	4.06
ارادت	4.27
ارادن	1.33
ارادوا	4.12
ارادي	3.00
اراذل	1.81
اراس	1.04
اراسن	0.00
اراسوا	0.00
اراسي	0.00
اراض	3.77
اراضي	4.44
اراع	0.00
اراق	2.08
اراقة	3.43
اراقق	0.00
اراك	4.03
اراكة	0.00
ارام	3.06
ارامل	2.86
ارامي	1.86
ارانب	2.80
اراو	1.08
اراوي	0.00
ارب	2.85
ارباء	0.00
ارباب	3.76
ارباث	0.00
ارباح	3.80
ارباد	0.00
ارباض	1.08
ارباع	3.59
ارباق	0.00
ارباك	2.64
اربب	0.00
ارببن	0.00
اربة	1.14
اربث	0.00
اربح	3.28
اربحن	0.00
اربحوا	1.43
اربحي	1.41
اربد	3.11
اربذ	0.00
اربط	3.14
اربطن	0.00
اربطوا	2.35
اربطي	2.01
اربع	4.99
اربعاء	3.10
اربعة	5.20
اربعون	3.49
اربك	2.59
اربكي	0.00
اربوسة	0.00
اربون	0.00
اربى	2.14
اربي	2.50
اربيان	0.00
اربيل	3.83
اربيوم	0.00
ارت	3.04
ارتاب	2.14
ارتاح	3.32
ارتاحت	2.26
ارتاحوا	2.43
ارتاحي	2.51
ارتاد	2.38
ارتاس	0.00
ارتاع	1.73
ارتال	2.40
ارتاى	2.57
ارتب	2.93
ارتباط	4.08
ارتباك	3.28
ارتبز	0.00
ارتبط	3.66
ارتبك	2.49
ارتبكتم	0.00
ارتبكتن	0.00
ارتبكنا	0.00
ارتبكي	0.00
ارتبل	0.00
ارتبن	0.00
ارتبوا	0.00
ارتبي	0.00
ارتج	1.51
ارتجاج	2.77
ارتجاع	2.66
ارتجاعي	1.43
ارتجاف	2.36
ارتجال	2.36
ارتجت	1.76
ارتجع	0.00
ارتجف	2.42
ارتجل	2.13
ارتجلي	0.00
ارتجى	0.00
ارتح	1.80
ارتحال	2.01
ارتحتم	0.00
ارتحتن	0.00
ارتحل	2.99
ارتحن	0.00
ارتحنا	2.12
ارتخاء	2.66
ارتخى	1.72
ارتد	3.22
ارتداء	4.32
ارتداد	3.15
ارتدت	3.45
ارتدد	0.00
ارتددتم	0.00
ارتددتن	0.00
ارتددنا	0.00
ارتدع	0.00
ارتدوا	3.20
ارتدى	3.63
ارتدي	2.90
ارتزاق	1.36
ارتزق	0.00
ارتزقتم	0.00
ارتزقتن	0.00
ارتزقنا	0.00
ارتزقي	0.00
ارتسام	1.29
ارتسم	1.99
ارتشاء	0.00
ارتشاف	2.28
ارتشف	2.09
ارتشى	1.23
ارتصاف	1.15
ارتصف	0.00
ارتضاء	0.00
ارتضخ	0.00
ارتضى	2.45
ارتطام	2.83
ارتطم	2.30
ارتع	0.00
ارتعاد	1.31
ارتعاش	2.43
ارتعب	2.02
ارتعد	2.01
ارتعدتم	0.00
ارتعدتن	0.00
ارتعدنا	0.00
ارتعدي	0.00
ارتعش	2.32
ارتعف	0.00
ارتعى	0.00
ارتفاع	4.94
ارتفاق	1.74
ارتفع	4.26
ارتفعتم	0.00
ارتفعتن	0.00
ارتفعنا	2.18
ارتفعي	1.49
ارتقاء	3.11
ارتقاب	1.34
ارتقب	1.26
ارتقى	3.22
ارتكاب	3.96
ارتكاز	2.89
ارتكاس	1.62
ارتكب	3.94
ارتكز	2.46
ارتكس	1.20
ارتكض	1.10
ارتكم	0.00
ارتكن	0.00
ارتماء	1.49
ارتمى	2.16
ارتهط	0.00
ارتهن	0.00
ارتواء	1.69
ارتوى	2.16
ارتياب	2.48
ارتياح	3.03
ارتياد	3.09
ارتياع	1.04
ارتيح	0.00
ارث	3.73
ارثعن	0.00
ارثعنت	0.00
ارثعنن	0.00
ارثعننا	0.00
ارثعني	0.00
ارثوذكس	2.16
ارج	2.22
ارجا	2.16
ارجاء	4.26
ارجاب	0.00
ارجاس	1.23
ارجاع	3.56
ارجاف	1.21
ارجام	0.00
ارجح	2.97
ارجحن	0.00
ارجحنت	0.00
ارجحنن	0.00
ارجحننا	0.00
ارجحني	0.00
ارجع	4.21
ارجعن	1.04
ارجعوا	3.02
ارجعي	3.18
ارجف	1.77
ارجل	3.55
ارجلة	0.00
ارجلن	0.00
ارجلوا	0.00
ارجلي	1.13
ارجوان	2.19
ارجواني	3.02
ارجوحة	2.87
ارجوزة	2.52
ارجوك	3.83
ارجون	2.29
ارجونة	0.00
ارجى	2.34
ارجي	2.38
ارجيش	1.08
ارح	2.76
ارحاء	0.00
ارحام	2.61
ارحب	3.64
ارحل	3.28
ارحم	3.56
ارحمن	1.08
ارحموا	2.44
ارحمي	1.61
ارخ	2.79
ارخاء	2.39
ارخام	0.00
ارخبيل	3.34
ارخخ	0.00
ارخخن	0.00
ارخص	3.85
ارخف	0.00
ارخم	1.23
ارخميدس	2.51
ارخى	2.16
ارخي	2.10
ارد	3.89
اردا	1.86
ارداف	2.25
اردب	1.20
اردد	2.27
ارددن	0.00
اردف	2.05
اردماني	0.00
اردمون	0.00
اردن	3.23
اردني	3.95
اردواز	0.00
اردى	2.60
اردياء	0.00
اردية	2.28
ارذال	0.00
ارذل	2.49
ارز	3.59
ارزاء	0.00
ارزاق	2.67
ارزة	1.84
ارزز	0.00
ارززن	0.00
ارزق	2.43
ارزقن	0.00
ارزقوا	0.00
ارزقي	1.34
ارزي	1.41
ارزيز	0.00
ارس	1.99
ارساء	3.38
ارساغ	0.00
ارسال	4.70
ارسان	1.08
ارسب	1.48
ارسخ	1.76
ارسطو	3.43
ارسغ	0.00
ارسل	4.76
ارسلان	3.08
ارسلي	2.42
ارسم	3.55
ارسمن	0.00
ارسموا	1.70
ارسمي	2.36
ارسن	1.39
ارسى	2.77
ارش	2.57
ارشاء	0.00
ارشاد	3.54
ارشاق	0.00
ارشح	2.64
ارشد	3.14
ارشدي	0.00
ارشذونة	0.00
ارشش	0.00
ارششن	0.00
ارشف	1.81
ارشك	0.00
ارشكي	0.00
ارشم	0.00
ارشى	1.36
ارشية	0.00
ارشيدوق	2.41
ارشيف	4.06
ارصاد	2.43
ارصاف	0.00
ارصد	2.07
ارصدة	2.76
ارصع	0.00
ارصفة	3.29
ارض	5.02
ارضاء	3.82
ارضاع	2.53
ارضة	2.08
ارضت	1.90
ارضع	2.10
ارضوا	1.12
ارضون	0.00
ارضى	3.48
ارضي	3.86
ارضياء	0.00
ارضية	4.25
ارضين	1.82
ارط	0.00
ارطاب	0.00
ارطال	2.81
ارطب	1.82
ارطى	0.00
ارع	1.87
ارعاء	0.00
ارعاد	0.00
ارعاش	0.00
ارعب	2.59
ارعد	1.42
ارعدي	0.00
ارعش	0.00
ارعن	2.43
ارعو	0.00
ارعواء	0.00
ارعون	0.00
ارعوى	1.30
ارعى	2.61
ارعي	1.43
ارغاء	0.00
ارغاد	0.00
ارغام	2.95
ارغد	1.62
ارغفة	2.41
ارغم	3.06
ارغن	1.86
ارغون	1.41
ارغى	0.00
ارفاد	1.16
ارفاش	0.00
ارفاق	3.19
ارفخشذ	1.72
ارفض	3.85
ارفع	3.96
ارفق	2.98
ارفقة	0.00
ارفل	1.20
ارفه	1.36
ارق	3.46
ارقاء	1.73
ارقاد	0.00
ارقاص	0.00
ارقاط	0.00
ارقام	4.47
ارقان	0.00
ارقد	2.88
ارقدن	0.00
ارقدوا	1.70
ارقدي	2.21
ارقش	0.00
ارقص	3.14
ارقصن	0.00
ارقصوا	1.95
ارقصي	2.39
ارقط	1.56
ارقع	1.55
ارقى	3.86
ارك	2.85
اركاب	1.74
اركاع	0.00
اركان	4.29
اركب	2.82
اركس	0.00
اركش	0.00
اركض	3.11
اركضن	0.00
اركضوا	1.89
اركضي	1.97
اركع	2.02
اركن	2.19
اركنساس	2.69
اركون	2.44
ارم	3.15
ارماء	0.00
ارماح	0.00
ارماق	0.00
ارمال	0.00
ارمد	1.60
ارمدة	0.00
ارمس	1.37
ارمش	2.07
ارمل	2.73
ارملة	3.85
ارمن	2.33
ارمني	3.50
ارموا	2.17
ارمى	1.87
ارمي	3.27
ارميا	2.70
ارمية	1.44
ارمين	2.26
ارمينيا	4.15
ارمينية	2.49
ارن	2.15
ارنؤد	0.00
ارنؤدي	0.00
ارنب	3.26
ارنبة	2.54
ارنق	0.00
ارنيط	0.00
ارهاب	3.97
ارهابي	4.05
ارهابية	4.43
ارهاصات	2.24
ارهاط	0.00
ارهاف	0.00
ارهاق	3.09
ارهب	2.37
ارهبن	0.00
ارهبوا	1.07
ارهبي	0.00
ارهط	0.00
ارهف	1.46
ارهفي	0.00
ارهق	2.75
ارو	2.59
ارواء	2.34
ارواث	0.00
ارواح	4.23
ارواق	1.74
اروام	0.00
اروح	3.23
اروحتم	0.00
اروحتن	0.00
اروحنا	1.68
اروحي	0.00
اروع	4.18
اروفى	0.00
اروق	2.54
اروقة	3.28
اروم	1.78
ارومة	2.02
ارونية	0.00
ارووا	0.00
اروى	3.34
اروي	2.41
اروية	0.00
اروين	2.30
ارى	4.79
اري	3.42
ارياح	1.47
ارياع	0.00
ارياف	2.53
ارياق	0.00
اريانة	2.30
اريب	1.81
اريتري	1.71
اريتريا	3.61
اريج	3.18
اريحا	3.58
اريحت	0.00
اريحي	1.70
اريدت	1.23
اريدي	1.23
اريديوم	1.16
اريزونا	3.79
اريس	2.05
اريكا	1.84
اريكة	3.32
اريوس	2.51
اريوسية	0.00
ازا	2.01
ازاء	4.21
ازاح	2.74
ازاحة	3.65
ازادرخت	0.00
ازار	2.66
ازاغ	1.70
ازاغة	0.00
ازال	3.83
ازالة	4.67
ازام	0.00
ازاميل	1.33
ازاهر	1.04
ازب	1.63
ازباد	0.00
ازبال	0.00
ازبد	1.41
ازبر	0.00
ازبرن	0.00
ازبروا	0.00
ازبري	0.00
ازج	2.15
ازجاج	0.00
ازجال	0.00
ازجى	0.00
ازح	2.32
ازحف	1.90
ازحل	0.00
ازحلن	0.00
ازحلوا	0.00
ازحلي	0.00
ازحم	1.19
ازحمن	0.00
ازحموا	0.00
ازحمي	0.00
ازداد	4.01
ازدادت	3.94
ازدادوا	2.57
ازدادي	0.00
ازدان	1.76
ازدانت	1.86
ازدانوا	0.00
ازداني	0.00
ازدجر	0.00
ازدحام	3.38
ازدحم	2.07
ازدحمتم	0.00
ازدحمتن	0.00
ازدحمنا	0.00
ازدحمي	0.00
ازدد	1.37
ازددتم	0.00
ازددتن	0.00
ازددن	0.00
ازددنا	1.89
ازدراء	3.28
ازدراد	0.00
ازدرد	0.00
ازدردي	0.00
ازدرع	0.00
ازدرى	1.47
ازدقم	0.00
ازدلف	0.00
ازدن	0.00
ازدنا	0.00
ازدنتم	0.00
ازدنتن	0.00
ازدهاء	0.00
ازدهار	3.57
ازدهر	2.65
ازدهرتم	0.00
ازدهرتن	0.00
ازدهرنا	0.00
ازدهري	0.00
ازدهف	0.00
ازدهى	0.00
ازدواج	2.72
ازدواجي	1.62
ازدوج	0.00
ازدوجتم	0.00
ازدوجتن	0.00
ازدوجنا	0.00
ازدوجي	0.00
ازدياد	4.01
ازديان	0.00
ازديد	0.00
ازر	2.92
ازرار	3.48
ازرد	0.00
ازردن	0.00
ازردوا	0.00
ازردي	0.00
ازرع	2.92
ازرعن	0.00
ازرعوا	1.71
ازرعي	1.36
ازرق	4.18
ازرقت	1.04
ازرقق	0.00
ازرققتم	0.00
ازرققتن	0.00
ازرققنا	0.00
ازرقوا	0.00
ازرقي	0.00
ازرو	2.19
ازرى	1.83
ازعاج	3.74
ازعج	3.31
ازعر	1.45
ازعل	1.90
ازعم	1.92
ازعمن	0.00
ازعموا	0.00
ازعمي	0.00
ازغ	0.00
ازف	2.63
ازفة	0.00
ازفل	0.00
ازق	1.48
ازقاق	0.00
ازقة	2.82
ازك	0.00
ازكاء	0.00
ازكى	2.77
ازكياء	1.17
ازل	3.44
ازلف	0.00
ازلي	2.53
ازم	1.94
ازماع	0.00
ازمال	0.00
ازمان	2.71
ازمة	4.74
ازمع	1.32
ازمن	0.00
ازمنة	3.34
ازميل	2.13
ازن	1.94
ازناد	0.00
ازند	0.00
ازندة	0.00
ازنوا	0.00
ازنى	1.13
ازني	1.26
ازنين	0.00
ازهار	3.77
ازهاق	2.48
ازهد	2.04
ازهر	3.04
ازهرتم	0.00
ازهرتن	0.00
ازهرن	0.00
ازهرنا	0.00
ازهروا	0.00
ازهري	2.77
ازهق	2.26
ازهقن	0.00
ازهقوا	0.00
ازهقي	0.00
ازهى	2.58
ازو	1.94
ازواج	3.68
ازواد	3.07
ازوار	1.21
ازواغ	1.38
ازوان	0.00
ازوت	1.01
ازور	2.87
ازورار	0.00
ازورة	1.04
ازووا	0.00
ازوى	0.00
ازوي	0.00
ازوين	0.00
ازى	1.04
ازي	1.28
ازياء	4.18
ازياج	0.00
ازيار	1.29
ازياق	0.00
ازيان	1.08
ازيد	3.54
ازيز	2.97
ازيف	1.51
اسؤ	1.23
اسئتم	0.00
اسئتما	0.00
اسئتن	0.00
اسئلة	4.64
اسئمتم	0.00
اسئمتن	0.00
اسئمنا	0.00
اسئمي	0.00
اسئنا	0.00
اسا	2.63
اساء	3.85
اساءا	1.12
اساءت	3.09
اساءتا	0.00
اساؤوا	2.62
اسائوا	1.02
اسابق	2.22
اسابيع	4.81
اساتذة	4.07
اساتم	2.16
اساتما	0.00
اساتن	0.00
اسار	1.54
اسارع	1.42
اسارون	0.00
اسارير	1.93
اساس	4.95
اساسا	4.52
اساسي	4.57
اساسيا	4.07
اساطير	3.70
اساطيل	2.53
اساطين	2.28
اساغ	0.00
اسافل	1.86
اساقفة	3.12
اساكفة	0.00
اسال	4.08
اسالة	2.27
اسالن	0.00
اسالوا	2.92
اسالي	2.99
اساليب	4.38
اسام	2.13
اسامة	4.36
اسامتم	0.00
اسامتن	0.00
اسامن	0.00
اسامنا	0.00
اساموا	0.00
اسامي	3.09
اسان	0.00
اسانا	2.46
اساوئ	0.00
اساور	3.01
اساوى	0.00
اسايا	0.00
اسباب	4.96
اسبات	1.41
اسبار	0.00
اسباع	1.35
اسباغ	2.34
اسباق	0.00
اسبان	2.30
اسبانخ	0.00
اسباني	3.34
اسبانيا	4.69
اسبانية	3.93
اسبت	0.00
اسبح	2.53
اسبحن	0.00
اسبحوا	0.00
اسبحي	1.49
اسبر	2.03
اسبرطة	2.30
اسبرين	2.46
اسبست	1.13
اسبع	1.01
اسبغ	2.43
اسبغل	0.00
اسبغلت	0.00
اسبغلل	0.00
اسبغلي	0.00
اسبغول	0.00
اسبغي	0.00
اسبق	3.13
اسبقية	2.70
اسبكر	0.00
اسبكرت	0.00
اسبكرر	0.00
اسبكري	0.00
اسبل	1.69
اسبن	2.39
اسبوع	4.81
اسبوعي	3.58
است	3.09
استؤجر	1.81
استؤجرن	0.00
استؤصل	1.20
استؤصلن	0.00
استؤنوا	0.00
استؤني	0.00
استؤنيا	0.00
استؤنين	0.00
استئثار	1.88
استئجار	3.40
استئذان	3.14
استئساد	0.00
استئصال	3.63
استئناس	1.91
استئناف	4.03
استا	0.00
استاء	2.58
استاءا	0.00
استاءت	1.96
استاءتا	0.00
استاؤوا	1.08
استائوا	0.00
استائي	0.00
استاب	0.00
استاتم	0.00
استاتما	0.00
استاتن	0.00
استاتى	0.00
استاتين	0.00
استاثر	2.08
استاجر	3.25
استاجري	0.00
استاخر	1.01
استاد	2.92
استاذ	4.55
استاذن	2.77
استاذني	0.00
استار	2.25
استاس	0.00
استاسد	1.60
استاصل	1.99
استاصلي	0.00
استاك	1.01
استال	0.00
استالف	0.00
استام	0.00
استامر	0.00
استامن	1.56
استامني	0.00
استامى	0.00
استان	0.00
استانا	3.11
استانت	0.00
استانتا	0.00
استانس	2.07
استانف	3.30
استانى	0.00
استاني	0.00
استاهل	1.18
استاوى	0.00
استايك	0.00
استباح	2.29
استباحة	2.31
استباق	2.44
استبان	2.23
استبانة	2.36
استبحر	0.00
استبد	2.56
استبداد	3.12
استبدال	4.08
استبدع	0.00
استبدل	3.47
استبدلي	1.71
استبرا	2.11
استبراك	0.00
استبرق	1.90
استبرك	0.00
استبسال	1.98
استبسل	1.95
استبشار	1.68
استبشاع	0.00
استبشر	2.50
استبشع	0.00
استبصار	2.15
استبصر	1.25
استبطا	0.00
استبطاء	1.09
استبطان	1.81
استبطن	0.00
استبعاد	3.98
استبعد	3.58
استبق	2.22
استبقاء	2.18
استبقى	1.71
استبهام	0.00
استبهم	0.00
استبى	0.00
استتاب	1.23
استتابت	0.00
استتار	1.69
استتب	2.21
استتباب	2.63
استتبع	1.79
استتر	1.97
استتفه	0.00
استتيب	0.00
استتيبت	0.00
استتيبي	0.00
استثار	1.88
استثقال	1.01
استثقل	1.70
استثمار	4.04
استثمر	3.41
استثن	1.23
استثناء	4.15
استثنت	2.08
استثنى	2.44
استجاب	3.82
استجابة	4.51
استجار	2.32
استجارت	1.29
استجاز	1.35
استجة	1.04
استجد	2.62
استجدى	1.58
استجر	0.00
استجز	0.00
استجلاء	1.64
استجلاب	2.29
استجلب	2.04
استجلى	0.00
استجم	1.45
استجمام	2.67
استجمع	2.56
استجمعي	0.00
استجمل	0.00
استجن	0.00
استجنس	0.00
استجني	0.00
استجهل	0.00
استجواب	3.60
استجوب	2.79
استجير	1.04
استجيرت	0.00
استجيري	0.00
استح	1.50
استحاث	0.00
استحاض	0.00
استحال	2.84
استحالة	3.56
استحب	1.87
استحبب	0.00
استحبي	0.00
استحت	1.70
استحث	1.36
استحجب	0.00
استحداث	3.43
استحدث	3.12
استحرم	0.00
استحرمي	0.00
استحسان	3.46
استحسر	0.00
استحسن	2.07
استحسني	0.00
استحصاد	0.00
استحصال	1.92
استحصد	0.00
استحصل	1.91
استحضار	3.41
استحضر	2.72
استحضري	1.18
استحفظ	0.00
استحفظي	0.00
استحق	3.55
استحقاق	3.55
استحقر	1.04
استحقق	0.00
استحقي	0.00
استحكام	1.40
استحكم	1.80
استحل	2.26
استحلاء	0.00
استحلف	1.13
استحلى	0.00
استحم	2.13
استحمار	1.60
استحمال	1.40
استحمام	3.17
استحمت	1.82
استحمر	0.00
استحمل	2.12
استحملي	1.04
استحمم	0.00
استحمي	1.95
استحواذ	3.24
استحوذ	3.46
استحوش	0.00
استحى	1.26
استحيا	2.14
استحياء	2.62
استخار	1.83
استخبار	1.39
استخبر	0.00
استخبري	0.00
استخدام	5.48
استخدم	4.78
استخدمي	3.35
استخراج	4.21
استخرج	3.17
استخف	2.73
استخفاء	0.00
استخفاف	2.66
استخفى	0.00
استخلاص	3.68
استخلب	0.00
استخلص	2.54
استخلف	2.41
استدار	2.83
استدارة	2.71
استدارت	2.37
استدام	1.44
استدامة	3.19
استدان	1.97
استدانة	1.66
استدبر	0.00
استدر	2.21
استدراج	2.83
استدراك	2.31
استدرتم	0.00
استدرتن	0.00
استدرج	2.36
استدرر	0.00
استدرك	2.27
استدرنا	0.00
استدري	0.00
استدعاء	4.20
استدعى	3.70
استدفئ	0.00
استدفئن	0.00
استدفئي	0.00
استدفا	0.00
استدفاء	0.00
استدفان	0.00
استدفع	0.00
استدل	2.68
استدلال	2.66
استدير	1.16
استديري	1.08
استديو	2.32
استذكار	2.45
استذكر	2.26
استذكري	0.00
استذم	0.00
استذمى	0.00
استذنب	0.00
استذنبي	0.00
استذهن	0.00
استراب	0.00
استراث	0.00
استراح	2.65
استراحة	4.03
استراحت	2.06
استراف	0.00
استراق	2.23
استرال	0.00
استرالي	2.98
استراى	0.00
استرجاع	3.86
استرجع	3.06
استرجل	2.00
استرجلي	0.00
استرجم	0.00
استرح	2.35
استرحتم	0.00
استرحتن	0.00
استرحم	0.00
استرحنا	1.88
استرخاء	3.13
استرخاص	1.21
استرخص	1.16
استرخى	2.02
استرد	2.91
استرداد	3.76
استردد	0.00
استردي	0.00
استرزاق	1.25
استرزق	0.00
استرزقي	0.00
استرسال	1.32
استرسل	1.92
استرشاد	1.01
استرشد	1.52
استرضاء	2.55
استرضع	0.00
استرضى	0.00
استرعاء	1.48
استرعف	0.00
استرعى	2.65
استرفد	0.00
استرق	2.11
استرقة	0.00
استرهب	0.00
استروح	0.00
استريح	2.74
استريحي	2.56
استزاد	1.45
استزادة	1.64
استزار	0.00
استزل	0.00
استزمر	0.00
استساغ	1.42
استساغة	1.84
استسال	0.00
استسخر	0.00
استسر	0.00
استسرر	0.00
استسري	0.00
استسق	0.00
استسقاء	2.59
استسقت	1.11
استسقى	1.77
استسلام	3.39
استسلم	3.86
استسلمي	1.56
استسمح	1.47
استسهال	1.47
استسهل	1.61
استشار	2.62
استشارة	3.69
استشاط	2.32
استشاظ	0.00
استشب	0.00
استشراء	1.79
استشراف	2.52
استشراق	1.78
استشرف	1.83
استشرق	0.00
استشرى	2.19
استشعار	3.53
استشعر	2.97
استشعري	1.45
استشف	1.72
استشفاء	2.28
استشفع	0.00
استشفى	0.00
استشكل	1.32
استشم	0.00
استشهاد	4.11
استشهد	4.15
استشهدي	0.00
استصبح	0.00
استصبحي	0.00
استصبر	0.00
استصح	0.00
استصحاب	1.74
استصحب	1.21
استصدار	2.57
استصدر	1.87
استصدري	0.00
استصراخ	0.00
استصرخ	1.38
استصعاب	0.00
استصعب	2.13
استصغار	2.12
استصغر	1.76
استصلاح	2.89
استصلح	1.04
استصواب	0.00
استصوب	1.09
استضئ	0.00
استضئن	0.00
استضاء	1.62
استضاءة	0.00
استضاءت	0.00
استضاتم	0.00
استضاتن	0.00
استضاف	3.73
استضافة	4.18
استضان	0.00
استضانا	0.00
استضعف	1.38
استضيء	0.00
استضيئي	0.00
استطاب	1.11
استطابة	0.00
استطار	0.00
استطارة	0.00
استطاع	4.61
استطاعة	3.16
استطاعت	4.16
استطال	2.13
استطالة	2.30
استطالت	1.64
استطب	0.00
استطباب	1.48
استطبق	0.00
استطراب	0.00
استطراد	1.72
استطراف	0.00
استطرب	0.00
استطرد	1.88
استطرف	0.00
استطع	3.80
استطعم	1.41
استطل	0.00
استطلاع	4.14
استطلع	2.16
استطلق	1.20
استطيع	4.23
استطيعت	0.00
استطيعي	0.00
استطيل	0.00
استطيلي	0.00
استظراف	1.12
استظرف	0.00
استظل	2.14
استظلال	0.00
استظهار	1.70
استظهر	1.73
استظهري	0.00
استعاد	3.60
استعادة	4.42
استعاذ	2.43
استعاذة	1.58
استعاذت	0.00
استعار	2.79
استعارة	3.33
استعاض	1.90
استعاضة	1.63
استعان	3.42
استعانة	2.63
استعباد	3.10
استعبد	2.38
استعبدي	0.00
استعتب	0.00
استعجال	2.86
استعجب	1.74
استعجل	2.73
استعجلي	1.64
استعجم	1.59
استعد	3.45
استعداء	2.56
استعداد	4.47
استعدد	0.00
استعدى	1.84
استعدي	2.35
استعذ	1.53
استعذاب	0.00
استعذب	0.00
استعذتم	0.00
استعذتن	0.00
استعذنا	0.00
استعذى	0.00
استعر	1.87
استعراب	1.20
استعراض	4.16
استعرب	1.21
استعربي	0.00
استعرض	3.25
استعرضي	0.00
استعرف	0.00
استعرفي	0.00
استعصاء	1.80
استعصم	1.21
استعصى	2.54
استعط	0.00
استعطاء	0.00
استعطاف	2.26
استعطر	0.00
استعطف	1.34
استعطى	0.00
استعظام	1.16
استعظم	1.63
استعف	0.00
استعفاء	0.00
استعفى	1.34
استعلاء	2.29
استعلام	2.60
استعلم	1.98
استعلمي	0.00
استعلى	1.55
استعمار	3.03
استعمال	4.61
استعمر	2.34
استعمري	0.00
استعمل	4.04
استعملي	2.69
استعيا	0.00
استعيذ	1.08
استعيذي	0.00
استغاث	2.38
استغاثة	3.39
استغبى	0.00
استغراب	2.49
استغراق	2.17
استغرب	3.28
استغرق	4.08
استغشى	0.00
استغفار	2.58
استغفال	2.11
استغفر	3.29
استغفل	1.37
استغل	3.86
استغلاق	0.00
استغلال	4.41
استغلظ	0.00
استغلق	0.00
استغلى	1.20
استغناء	2.33
استغنى	2.97
استف	1.18
استفاد	3.75
استفادة	3.32
استفادت	3.56
استفاض	1.80
استفاضة	1.77
استفاق	2.65
استفاقة	1.80
استفتاء	4.14
استفتاح	1.71
استفتح	2.19
استفتى	1.95
استفحال	2.32
استفحل	2.23
استفد	2.75
استفراد	1.39
استفراغ	2.09
استفرد	1.86
استفرش	0.00
استفرغ	2.28
استفره	0.00
استفز	2.96
استفزاز	3.51
استفسار	3.54
استفسر	2.90
استفل	0.00
استفهام	3.45
استفهم	1.41
استفهمي	0.00
استفيد	3.16
استفيدت	0.00
استفيدي	1.97
استقاء	1.98
استقال	3.76
استقالة	4.08
استقالت	2.99
استقام	2.48
استقامة	3.16
استقامت	2.32
استقباح	0.00
استقبال	4.41
استقبح	1.17
استقبحي	0.00
استقبل	4.01
استقبلي	1.62
استقتل	1.29
استقتلي	0.00
استقدام	3.61
استقدر	0.00
استقدس	0.00
استقدم	2.55
استقذر	0.00
استقر	3.96
استقرئي	0.00
استقرا	1.32
استقراء	2.73
استقرار	4.24
استقراض	0.00
استقران	0.00
استقرب	0.00
استقرت	3.67
استقرر	0.00
استقرض	0.00
استقرضي	0.00
استقرى	0.00
استقري	1.12
استقسم	0.00
استقص	0.00
استقصاء	2.90
استقصى	1.80
استقضى	0.00
استقطاع	2.50
استقطب	2.90
استقطبي	0.00
استقطر	0.00
استقطري	0.00
استقطع	1.79
استقل	3.46
استقلاب	2.43
استقلال	4.38
استقلل	0.00
استقلي	0.00
استقم	2.30
استقوى	1.85
استقى	2.43
استقيل	2.37
استقيلت	0.00
استقيلي	0.00
استقيم	1.37
استقيمي	1.52
استكان	1.64
استكانة	1.60
استكبار	1.68
استكبر	2.12
استكبري	0.00
استكتاب	0.00
استكتب	1.26
استكتبي	0.00
استكثار	0.00
استكثر	2.11
استكثري	0.00
استكراه	0.00
استكره	0.00
استكرهي	0.00
استكرى	0.00
استكشاف	4.07
استكشف	2.83
استكشفي	1.25
استكف	0.00
استكفف	0.00
استكفي	0.00
استكلب	0.00
استكلبي	0.00
استكمال	3.79
استكمل	3.01
استكمن	0.00
استل	2.39
استلاب	1.74
استلاف	1.33
استلال	1.57
استلام	4.01
استلب	1.32
استلحاق	0.00
استلذ	1.16
استلذاذ	0.00
استلزام	1.59
استلزم	2.76
استلطاف	1.58
استلطف	1.67
استلف	1.73
استلفات	0.00
استلفت	1.83
استلق	1.82
استلقاء	1.94
استلقت	1.93
استلقى	2.40
استلم	3.79
استلمي	1.61
استلهم	2.68
استلهمي	0.00
استمات	1.95
استماتة	2.23
استماتت	1.45
استمارة	3.63
استماع	3.77
استمال	2.00
استمالة	3.04
استمت	0.00
استمتاع	2.50
استمتع	4.14
استمتعي	2.82
استمتم	0.00
استمتنا	0.00
استمثال	0.00
استمجد	0.00
استمد	2.89
استمداد	1.99
استمر	4.80
استمرا	1.39
استمراء	0.00
استمرار	4.72
استمرر	1.26
استمري	3.33
استمسك	2.40
استمسكي	0.00
استمطر	0.00
استمطري	0.00
استمع	4.09
استمعي	2.08
استملاح	0.00
استملاك	2.19
استملح	0.00
استمن	0.00
استمناء	2.50
استمنت	0.00
استمنى	1.29
استمني	1.37
استمهال	0.00
استمهل	1.18
استميت	0.00
استميتي	0.00
استن	2.43
استناء	0.00
استناد	2.30
استنار	2.11
استنارة	1.92
استنارت	1.63
استنبئي	0.00
استنبا	0.00
استنباط	3.02
استنبان	0.00
استنبط	2.39
استنتاج	3.37
استنتج	2.99
استنجاء	0.00
استنجاد	1.96
استنجب	0.00
استنجد	2.52
استنجع	0.00
استنجى	0.00
استند	3.47
استندتم	0.00
استندتن	0.00
استندنا	1.04
استندي	1.29
استنر	0.00
استنزاف	3.41
استنزف	2.57
استنزل	1.36
استنساخ	3.24
استنسب	0.00
استنسبي	0.00
استنسخ	2.27
استنسر	0.00
استنسري	0.00
استنشاق	3.35
استنشد	0.00
استنشق	2.71
استنصار	0.00
استنصر	1.68
استنطاق	1.81
استنطق	1.30
استنظر	0.00
استنعاش	0.00
استنعش	0.00
استنفاد	2.69
استنفار	2.87
استنفد	2.35
استنفذ	2.52
استنفر	2.00
استنفري	0.00
استنفى	0.00
استنقذ	1.04
استنقص	1.27
استنقع	0.00
استنكار	3.22
استنكاف	0.00
استنكح	0.00
استنكر	3.01
استنكف	1.39
استنهاض	2.13
استنهض	1.32
استنواق	0.00
استني	2.60
استنير	0.00
استنيري	0.00
استهان	2.35
استهانة	2.80
استهبل	1.08
استهتار	2.76
استهتر	1.45
استهجان	2.53
استهجن	1.92
استهداف	4.34
استهدف	4.00
استهدفي	0.00
استهدم	0.00
استهدى	1.31
استهزئن	0.00
استهزئي	0.00
استهزا	2.33
استهزاء	2.83
استهزان	0.00
استهل	2.79
استهلاك	4.25
استهلال	2.53
استهلك	2.76
استهواء	0.00
استهول	0.00
استهوى	1.34
استو	1.84
استواء	2.71
استوائي	2.56
استواى	0.00
استوت	2.43
استوثق	1.40
استوجب	2.53
استوحش	2.04
استوحى	2.51
استودع	2.21
استوديو	2.69
استورد	2.43
استوردي	0.00
استورط	0.00
استوزر	1.31
استوصف	0.00
استوصى	0.00
استوضح	1.89
استوطا	0.00
استوطن	2.98
استوعب	3.33
استوعد	0.00
استوعر	0.00
استوف	0.00
استوفت	2.29
استوفد	0.00
استوفر	0.00
استوفى	2.40
استوقح	0.00
استوقد	1.32
استوقظ	0.00
استوقف	1.76
استوقفي	0.00
استوقى	0.00
استول	0.00
استولت	3.62
استولد	0.00
استولى	3.65
استونيا	2.80
استوى	3.09
استويتم	1.16
استويتن	0.00
استوينا	1.12
استيء	0.00
استيئاس	0.00
استيئس	0.00
استياء	3.60
استياس	1.76
استيثاق	0.00
استيجاب	0.00
استيحاء	1.92
استيداع	1.13
استير	2.44
استيراد	4.05
استيسر	0.00
استيصاء	0.00
استيصاف	0.00
استيضاح	2.21
استيطان	2.65
استيعاب	3.83
استيفاء	3.03
استيفاد	0.00
استيقاد	0.00
استيقاظ	2.73
استيقان	1.20
استيقظ	4.15
استيقظي	2.22
استيقن	1.18
استيلاء	3.55
استيمن	0.00
اسجاع	0.00
اسجاق	0.00
اسجد	2.37
اسجدن	0.00
اسجدوا	2.37
اسجدي	1.16
اسجنوا	0.00
اسجني	0.00
اسجى	0.00
اسح	0.00
اسحات	0.00
اسحار	1.70
اسحاق	4.24
اسحر	1.56
اسحرن	0.00
اسحروا	0.00
اسحري	0.00
اسحق	2.14
اسحية	0.00
اسخط	2.23
اسخطن	0.00
اسخطوا	0.00
اسخطي	0.00
اسخن	2.46
اسخى	1.58
اسخياء	1.17
اسد	4.21
اسداء	2.52
اسداس	1.77
اسدال	2.17
اسدان	1.71
اسدة	0.00
اسدر	0.00
اسدل	2.40
اسدى	2.73
اسدية	1.96
اسر	4.23
اسراء	3.31
اسرائيل	5.32
اسراب	3.05
اسراج	1.10
اسرار	4.31
اسراع	2.34
اسراف	2.75
اسراك	1.76
اسرب	1.71
اسرة	4.64
اسرج	1.95
اسرد	2.50
اسرع	4.57
اسرعن	0.00
اسرعوا	2.00
اسرعي	1.81
اسرف	2.59
اسرق	3.03
اسرقن	0.00
اسرقوا	1.75
اسرقي	1.67
اسرل	0.00
اسرنج	0.00
اسرندى	0.00
اسرى	3.83
اسري	3.19
اسرية	3.02
اسس	4.49
اسسي	0.00
اسطبل	2.38
اسطر	3.20
اسطرلاب	1.51
اسطع	2.12
اسطمة	0.00
اسطنبول	4.20
اسطوانة	3.50
اسطواني	2.84
اسطورة	4.21
اسطوري	3.26
اسطول	4.11
اسع	2.53
اسعاد	3.26
اسعار	4.87
اسعاف	3.82
اسعد	4.27
اسعدن	0.00
اسعدوا	0.00
اسعدي	1.82
اسعف	1.91
اسعل	0.00
اسعلن	0.00
اسعلوا	0.00
اسعلي	0.00
اسعوا	1.87
اسعى	3.64
اسعي	2.18
اسعين	0.00
اسف	4.48
اسفار	3.06
اسفاط	0.00
اسفر	4.21
اسفراج	0.00
اسفع	0.00
اسفل	4.57
اسفلت	2.43
اسفنج	2.24
اسفنط	0.00
اسفنيك	0.00
اسفي	3.10
اسفين	2.41
اسق	2.03
اسقاط	4.32
اسقام	1.68
اسقربوط	0.00
اسقط	3.69
اسقطن	0.00
اسقطوا	2.47
اسقطي	1.60
اسقف	3.52
اسقفي	1.73
اسقمري	1.13
اسقوا	1.24
اسقى	1.54
اسقي	1.88
اسقية	0.00
اسقين	0.00
اسكات	3.11
اسكار	0.00
اسكاف	1.23
اسكان	3.42
اسكت	3.74
اسكتش	2.29
اسكتن	0.00
اسكتوا	2.47
اسكتي	3.03
اسكدنيا	0.00
اسكر	2.89
اسكفة	1.01
اسكن	3.56
اسكندر	3.43
اسكنوا	1.87
اسكني	1.60
اسل	3.03
اسلاء	0.00
اسلاب	1.49
اسلاخ	0.00
اسلاس	0.00
اسلاف	2.90
اسلاك	3.65
اسلام	4.27
اسلامي	4.18
اسلب	1.76
اسلة	0.00
اسلح	1.40
اسلحة	4.61
اسلخ	1.39
اسلخن	0.00
اسلخوا	0.00
اسلخي	0.00
اسلس	1.61
اسلف	1.90
اسلك	2.82
اسلكن	0.00
اسلكوا	1.87
اسلكي	1.38
اسلم	4.13
اسلمة	3.02
اسلمن	0.00
اسلموا	1.95
اسلمي	1.68
اسلنطح	0.00
اسلنطحي	0.00
اسلنطع	0.00
اسلنطعي	0.00
اسلنقى	0.00
اسلوب	4.61
اسلي	2.90
اسلية	0.00
اسليح	0.00
اسم	5.40
اسماء	4.97
اسمار	1.30
اسماط	1.01
اسماع	2.46
اسماعيل	4.67
اسماك	3.90
اسمال	1.63
اسمت	2.26
اسمح	3.64
اسمدة	2.51
اسمر	3.34
اسمرا	2.28
اسمرار	2.20
اسمع	4.42
اسمعن	1.93
اسمعوا	3.63
اسمعي	3.24
اسمك	3.57
اسمل	0.00
اسمم	1.54
اسممن	0.00
اسمن	2.43
اسمنت	3.17
اسمون	0.00
اسمى	3.79
اسمي	4.55
اسن	2.69
اسناد	3.30
اسنان	4.10
اسنة	1.86
اسنت	1.35
اسند	3.23
اسندة	0.00
اسندن	0.00
اسندوا	1.30
اسندي	1.30
اسننا	0.00
اسننتم	0.00
اسننتن	0.00
اسنى	2.02
اسني	1.51
اسهاب	2.06
اسهال	3.07
اسهام	2.70
اسهب	2.65
اسهر	2.60
اسهل	4.43
اسهلن	0.00
اسهلوا	0.00
اسهلي	0.00
اسهم	4.21
اسو	2.05
اسوا	4.87
اسواء	2.54
اسواد	1.18
اسوار	3.73
اسواط	1.84
اسواغ	0.00
اسواق	4.25
اسوان	3.84
اسوة	3.49
اسود	4.63
اسوداد	2.13
اسورة	1.92
اسووا	0.00
اسوى	2.00
اسوي	2.99
اسوياء	2.26
اسوين	0.00
اسى	2.85
اسي	2.50
اسيئت	1.76
اسيئتا	0.00
اسيئي	0.00
اسيا	5.01
اسياج	1.47
اسياح	0.00
اسياخ	2.27
اسياد	3.20
اسياف	1.28
اسية	2.65
اسيتون	1.94
اسير	3.97
اسيف	2.09
اسيوط	3.74
اسيوي	3.45
اشاب	0.00
اشابة	1.32
اشابه	1.11
اشاجع	0.00
اشاح	1.65
اشاحة	1.36
اشاد	3.82
اشادة	3.47
اشادد	0.00
اشار	4.66
اشارة	4.81
اشارت	4.35
اشارف	0.00
اشاروا	3.27
اشاط	0.00
اشاع	2.51
اشاعة	3.75
اشاعت	1.96
اشاعوا	1.78
اشاقي	0.00
اشال	0.00
اشام	1.25
اشاهر	0.00
اشاوس	1.87
اشب	2.07
اشباح	3.73
اشبار	1.82
اشباع	3.16
اشبال	3.05
اشباه	3.56
اشبع	2.92
اشبه	4.34
اشبيلية	3.71
اشبين	1.31
اشبينة	1.50
اشتات	2.25
اشتاق	3.26
اشتاى	0.00
اشتباك	3.57
اشتباه	2.90
اشتبك	3.18
اشتبه	2.93
اشتجر	0.00
اشتجرتم	0.00
اشتجرتن	0.00
اشتجرنا	0.00
اشتجري	0.00
اشتد	3.68
اشتداد	3.37
اشتر	3.24
اشتراء	1.78
اشتراط	2.94
اشتراك	3.97
اشتراكي	3.32
اشترت	3.68
اشترط	2.96
اشترع	0.00
اشترغار	0.00
اشترك	4.31
اشتركتم	1.34
اشتركتن	0.00
اشتركنا	1.90
اشتركي	1.64
اشترى	4.00
اشتط	1.62
اشتطت	1.25
اشتطط	0.00
اشتططتم	0.00
اشتططتن	0.00
اشتططنا	0.00
اشتطوا	0.00
اشتطي	0.00
اشتعال	3.54
اشتعل	3.03
اشتغال	2.47
اشتغل	3.76
اشتغلتم	0.00
اشتغلتن	0.00
اشتغلنا	2.27
اشتغلي	1.95
اشتف	0.00
اشتق	2.76
اشتقاق	2.79
اشتكاء	0.00
اشتكى	3.68
اشتم	2.83
اشتمال	2.16
اشتمل	3.12
اشتملي	0.00
اشتهاء	2.53
اشتهار	2.17
اشتهر	4.00
اشتهرتم	0.00
اشتهرتن	0.00
اشتهرنا	1.05
اشتهري	0.00
اشتهى	2.45
اشتوى	0.00
اشتياق	2.80
اشتيام	0.00
اشتية	0.00
اشجار	4.12
اشجان	2.38
اشجر	0.00
اشجرن	0.00
اشجروا	0.00
اشجري	0.00
اشجع	3.56
اشجى	1.32
اشح	1.91
اشحاء	0.00
اشحاذ	0.00
اشحب	0.00
اشحة	1.04
اشحذ	1.93
اشخاص	5.14
اشخص	1.88
اشخصن	0.00
اشخصوا	0.00
اشخصي	0.00
اشد	4.55
اشداء	3.13
اشداق	0.00
اشذاب	0.00
اشر	3.43
اشراب	0.00
اشراح	0.00
اشراط	2.70
اشراع	0.00
اشراف	4.14
اشراق	2.80
اشراك	3.69
اشرب	3.75
اشربة	1.71
اشربن	0.00
اشربوا	2.66
اشربي	2.83
اشرح	3.67
اشرحن	0.00
اشرحوا	1.70
اشرحي	2.35
اشرس	3.02
اشرط	0.00
اشرطة	4.01
اشرع	2.35
اشرعة	2.70
اشرعن	0.00
اشرعوا	0.00
اشرعي	0.00
اشرف	4.53
اشرفن	0.00
اشرفوا	1.38
اشرفي	1.85
اشرق	2.96
اشرك	3.16
اشركن	0.00
اشركوا	1.44
اشركي	0.00
اشروا	0.00
اشرى	0.00
اشري	1.48
اشرية	0.00
اشرين	0.00
اشزر	0.00
اشطر	2.28
اشع	2.00
اشعار	3.72
اشعاع	3.25
اشعاعي	2.84
اشعال	3.79
اشعان	0.00
اشعب	1.92
اشعبن	0.00
اشعبوا	0.00
اشعبي	0.00
اشعة	4.26
اشعث	2.84
اشعر	4.76
اشعرة	0.00
اشعري	2.52
اشعل	3.79
اشعلن	0.00
اشعلوا	2.18
اشعلي	1.65
اشعياء	2.64
اشغال	3.47
اشغف	0.00
اشغفن	0.00
اشغفوا	0.00
اشغفي	0.00
اشغل	3.15
اشغلن	0.00
اشغلوا	1.41
اشغلي	1.79
اشف	1.95
اشفاء	1.46
اشفار	1.69
اشفاع	0.00
اشفاق	1.98
اشفق	3.45
اشفى	2.66
اشق	3.08
اشقاء	3.34
اشقر	3.36
اشقى	2.55
اشقيل	0.00
اشك	3.58
اشكال	4.72
اشكالي	1.93
اشكالية	3.58
اشكاني	0.00
اشكر	4.03
اشكرن	0.00
اشكروا	2.04
اشكري	1.76
اشكك	2.10
اشككن	0.00
اشكل	3.04
اشكلن	0.00
اشكلوا	0.00
اشكلي	0.00
اشكون	1.09
اشكى	1.32
اشكي	3.03
اشل	1.74
اشلاء	3.56
اشلى	1.32
اشم	3.00
اشمئزاز	2.44
اشمئزي	0.00
اشماز	1.29
اشمازت	1.68
اشمازز	0.00
اشمازوا	0.00
اشمت	1.73
اشمخر	0.00
اشمس	0.00
اشمط	0.00
اشمل	3.17
اشنان	1.09
اشنة	1.36
اشنع	2.64
اشنق	1.74
اشنقة	0.00
اشهاب	0.00
اشهاد	0.00
اشهار	2.99
اشهب	2.30
اشهد	3.81
اشهدن	0.00
اشهدوا	2.25
اشهدي	1.73
اشهر	5.30
اشهرن	0.00
اشهروا	1.33
اشهري	1.17
اشهل	1.09
اشهلي	0.00
اشهى	2.89
اشهية	0.00
اشواط	2.86
اشواق	2.83
اشواك	2.97
اشور	3.11
اشوري	2.18
اشورية	2.21
اشوس	1.14
اشول	1.55
اشوه	2.05
اشى	0.00
اشي	2.79
اشياء	4.96
اشياخ	1.97
اشياع	1.26
اشيب	2.57
اشيرت	0.00
اشيري	1.31
اشيعت	1.57
اشيعي	0.00
اشينة	0.00
اصا	0.00
اصائل	0.00
اصاب	4.21
اصابة	4.63
اصابت	3.80
اصابع	4.11
اصابوا	2.92
اصابيح	0.00
اصات	0.00
اصاتة	0.00
اصاخ	0.00
اصادق	1.98
اصاعب	0.00
اصاغر	1.51
اصال	0.00
اصالة	3.63
اصالح	1.61
اصباح	1.41
اصبار	0.00
اصباغ	2.58
اصبح	5.42
اصبحتم	2.54
اصبحتن	0.00
اصبحنا	4.26
اصبحي	0.00
اصبر	3.21
اصبرن	0.00
اصبروا	2.70
اصبري	2.76
اصبع	3.43
اصبغ	2.63
اصبغة	1.20
اصبوحة	1.42
اصت	0.00
اصح	3.21
اصحاء	2.84
اصحاب	5.18
اصحاح	2.12
اصحار	0.00
اصحام	0.00
اصحب	2.05
اصحبن	0.00
اصحبوا	0.00
اصحبي	1.30
اصحر	1.48
اصحف	0.00
اصحى	2.19
اصخد	0.00
اصخر	0.00
اصد	2.29
اصدا	0.00
اصداء	3.35
اصداد	0.00
اصدار	4.73
اصداغ	0.00
اصدة	0.00
اصدر	4.64
اصدري	0.00
اصدف	0.00
اصدفن	0.00
اصدفوا	0.00
اصدفي	0.00
اصدق	4.32
اصدقاء	4.68
اصدقن	0.00
اصدقوا	1.56
اصدقي	1.23
اصر	3.99
اصرار	3.78
اصرة	1.58
اصرح	2.53
اصرخ	3.67
اصرخن	0.00
اصرخوا	1.63
اصرخي	1.53
اصرع	1.52
اصرعن	0.00
اصرعوا	0.00
اصرعي	0.00
اصرف	2.85
اصرفن	0.00
اصرفوا	1.59
اصرفي	1.50
اصري	1.12
اصص	1.91
اصطاد	2.64
اصطاف	0.00
اصطام	0.00
اصطب	0.00
اصطباغ	1.04
اصطبح	1.20
اصطبحي	0.00
اصطبر	1.48
اصطبرتم	0.00
اصطبرتن	0.00
اصطبرنا	0.00
اصطبري	0.00
اصطبغ	1.77
اصطبل	1.39
اصطبن	0.00
اصطحاب	3.35
اصطحب	2.99
اصطخب	0.00
اصطخد	0.00
اصطخم	0.00
اصطدام	3.66
اصطدم	3.35
اصطراع	0.00
اصطرخ	0.00
اصطرع	0.00
اصطرك	0.00
اصطف	2.68
اصطفاء	2.33
اصطفاف	2.54
اصطفاق	0.00
اصطفق	0.00
اصطفى	2.82
اصطك	0.00
اصطكاك	1.66
اصطل	0.00
اصطلاء	0.00
اصطلاح	3.00
اصطلت	0.00
اصطلح	2.71
اصطلق	0.00
اصطلى	0.00
اصطليتم	0.00
اصطليتن	0.00
اصطلينا	0.00
اصطناع	2.70
اصطناعي	3.25
اصطنع	2.26
اصطوانة	0.00
اصطياد	3.54
اصطياف	1.70
اصعب	4.43
اصعد	2.91
اصعدة	2.13
اصعدن	0.00
اصعدوا	1.66
اصعدي	1.67
اصعق	0.00
اصعقن	0.00
اصعقوا	0.00
اصعقي	0.00
اصغ	1.94
اصغاء	1.69
اصغار	0.00
اصغت	1.77
اصغر	4.59
اصغري	1.31
اصغون	0.00
اصغى	2.39
اصغي	2.05
اصف	2.67
اصفاح	0.00
اصفاد	2.05
اصفار	2.65
اصفاق	0.00
اصفدة	0.00
اصفر	3.83
اصفرار	2.79
اصفرت	1.48
اصفرر	0.00
اصفررتم	0.00
اصفررتن	0.00
اصفررنا	0.00
اصفروا	0.00
اصفري	1.64
اصفق	2.30
اصفهان	3.87
اصفون	0.00
اصفى	2.51
اصفي	1.97
اصفياء	1.81
اصقاع	3.07
اصقع	1.04
اصل	4.99
اصلا	4.61
اصلاب	1.91
اصلات	0.00
اصلاح	4.54
اصلاحي	3.08
اصلاحية	3.51
اصلاد	0.00
اصلال	0.00
اصلان	3.11
اصلب	2.74
اصلت	1.60
اصلتم	0.00
اصلتن	0.00
اصلح	3.90
اصلحي	1.49
اصلد	1.63
اصلع	2.94
اصلن	1.23
اصلنا	2.43
اصلوا	1.41
اصلى	2.64
اصلي	4.06
اصلين	0.00
اصم	3.31
اصماد	0.00
اصمة	0.00
اصمت	3.34
اصمتن	0.00
اصمتوا	1.88
اصمتي	1.90
اصمخة	0.00
اصمد	1.91
اصمدن	0.00
اصمدوا	1.55
اصمدي	1.11
اصن	0.00
اصناف	3.80
اصنام	2.82
اصنة	0.00
اصنع	3.69
اصنعن	0.00
اصنعوا	2.65
اصنعي	2.61
اصهاب	0.00
اصهار	2.02
اصهب	2.20
اصوات	4.48
اصواتي	1.08
اصوار	0.00
اصواع	0.00
اصواف	1.34
اصوب	2.31
اصول	4.73
اصونة	0.00
اصي	0.00
اصياف	0.00
اصيبت	4.02
اصيبي	0.00
اصيص	2.16
اصيل	3.57
اضؤ	0.00
اضئتم	0.00
اضئتن	0.00
اضئنا	0.00
اضا	0.00
اضاء	3.11
اضاءة	3.66
اضاءت	2.85
اضاؤوا	1.16
اضائوا	0.00
اضابير	1.20
اضاتم	0.00
اضاتن	0.00
اضاحيك	0.00
اضاخم	0.00
اضاع	3.34
اضاعة	3.30
اضاعت	2.64
اضاعوا	2.67
اضاف	4.21
اضافة	5.18
اضافت	3.78
اضافوا	3.04
اضافي	4.25
اضال	0.00
اضاميم	0.00
اضان	0.00
اضانا	0.00
اضايق	1.84
اضب	0.00
اضبان	0.00
اضبط	2.55
اضجار	0.00
اضجاع	0.00
اضجر	1.44
اضجع	1.08
اضحاك	2.36
اضحال	0.00
اضحك	3.78
اضحكن	0.00
اضحكوا	2.33
اضحكي	2.40
اضحوكة	2.84
اضحى	3.65
اضحية	2.73
اضخم	3.84
اضداد	2.39
اضر	3.41
اضراء	0.00
اضراب	3.84
اضرار	3.96
اضراس	2.05
اضرب	3.69
اضربتم	0.00
اضربتن	0.00
اضربنا	1.09
اضربي	1.16
اضرحة	3.28
اضرر	0.00
اضررن	0.00
اضرغط	0.00
اضرغطت	0.00
اضرغطط	0.00
اضرغطي	0.00
اضرم	2.91
اضطبن	0.00
اضطجاع	0.00
اضطجع	2.62
اضطر	4.17
اضطراب	4.18
اضطرار	2.51
اضطرام	1.08
اضطرب	2.84
اضطربتم	0.00
اضطربتن	0.00
اضطربنا	0.00
اضطربي	0.00
اضطرر	0.00
اضطرع	0.00
اضطرم	0.00
اضطري	0.00
اضطغن	0.00
اضطلاع	1.77
اضطلع	2.54
اضطهاد	3.76
اضطهد	2.24
اضعاف	4.11
اضعف	3.99
اضعفن	0.00
اضعفوا	0.00
اضعفي	0.00
اضغاث	2.52
اضغان	1.07
اضفاء	3.62
اضفار	0.00
اضفى	2.68
اضل	3.10
اضلاع	3.11
اضلال	1.54
اضلع	2.35
اضلل	0.00
اضللن	0.00
اضم	2.79
اضماء	0.00
اضمار	1.84
اضمامة	0.00
اضمة	0.00
اضمحل	1.99
اضمحلال	2.55
اضمحلت	2.19
اضمحلل	0.00
اضمحلي	0.00
اضمدة	0.00
اضمر	2.41
اضمم	1.12
اضممن	0.00
اضناء	0.00
اضنك	1.32
اضنى	1.58
اضواء	3.92
اضيئت	1.97
اضيئي	1.11
اضياف	0.00
اضيعت	1.24
اضيعي	0.00
اضيفت	3.23
اضيفي	2.70
اضيق	3.43
اطاب	1.82
اطاح	3.50
اطاحة	2.45
اطار	4.85
اطاريح	0.00
اطاع	3.04
اطاعة	2.72
اطاعت	1.76
اطاعوا	2.08
اطاف	1.07
اطاق	2.05
اطال	3.05
اطالة	3.38
اطالت	1.85
اطالوا	1.66
اطاول	0.00
اطايب	2.02
اطباء	4.41
اطباع	1.67
اطباق	3.90
اطبخ	2.78
اطبخة	0.00
اطبخن	0.00
اطبخوا	0.00
اطبخي	2.05
اطبع	2.61
اطبعن	0.00
اطبعوا	1.07
اطبعي	1.61
اطبق	3.21
اطبل	0.00
اطبلن	0.00
اطبلوا	0.00
اطبلي	0.00
اطحل	0.00
اطر	3.33
اطراء	2.55
اطراب	0.00
اطراد	1.95
اطرار	0.00
اطراس	0.00
اطراف	4.33
اطراق	0.00
اطرب	2.13
اطربن	0.00
اطربوا	0.00
اطربي	0.00
اطرح	3.05
اطرحن	0.00
اطرحي	1.63
اطرد	2.79
اطردن	0.00
اطردوا	1.71
اطردي	1.34
اطرش	2.20
اطرف	2.86
اطرق	2.79
اطروحة	3.33
اطرى	1.87
اطرية	0.00
اطريفل	0.00
اطزج	0.00
اطعام	3.62
اطعم	3.10
اطعمة	3.75
اطعمي	0.00
اطغى	1.55
اطف	1.53
اطفؤوا	0.00
اطفئتم	0.00
اطفئتن	0.00
اطفئنا	1.55
اطفئي	1.72
اطفا	2.82
اطفاء	3.83
اطفائي	2.07
اطفائية	1.55
اطفاتم	1.30
اطفاتن	0.00
اطفال	5.17
اطفان	0.00
اطفانا	1.52
اطفح	0.00
اطفون	0.00
اطفي	1.88
اطل	3.16
اطلاء	0.00
اطلاس	1.09
اطلاع	3.61
اطلاق	5.13
اطلال	3.51
اطلالة	3.32
اطلب	4.15
اطلبن	0.00
اطلبوا	2.96
اطلبي	2.91
اطلة	0.00
اطلح	0.00
اطلس	3.44
اطلسي	1.97
اطلع	4.18
اطلق	5.01
اطلقن	0.00
اطلقوا	3.66
اطلقي	2.07
اطلية	0.00
اطم	1.70
اطمئنان	2.81
اطمئنوا	2.21
اطمئني	2.11
اطمار	1.13
اطماع	2.80
اطمان	2.84
اطمانت	2.29
اطمانن	0.00
اطماننا	0.00
اطمانوا	1.61
اطمة	0.00
اطناب	1.58
اطناف	0.00
اطنان	3.52
اطنب	1.57
اطهار	1.83
اطهر	2.29
اطواد	0.00
اطوار	3.37
اطواس	0.00
اطواف	2.03
اطواق	2.52
اطورة	0.00
اطوع	1.88
اطول	4.69
اطوم	0.00
اطوى	0.00
اطيار	1.44
اطياف	3.60
اطيب	3.58
اطير	3.04
اطيعت	0.00
اطيعي	0.00
اطيلت	0.00
اطيلي	1.08
اظارف	0.00
اظافر	3.27
اظاهر	0.00
اظرف	2.80
اظعان	0.00
اظفار	2.08
اظفر	2.16
اظفور	0.00
اظل	3.20
اظلاف	1.15
اظلال	0.00
اظلام	1.68
اظلف	0.00
اظلل	0.00
اظللن	0.00
اظلم	3.46
اظلمتم	0.00
اظلمتن	0.00
اظلمنا	0.00
اظلمي	0.00
اظما	1.46
اظناء	0.00
اظهار	4.26
اظهر	4.54
اظهرن	0.00
اظهروا	2.47
اظهري	1.98
اعاجم	1.39
اعاجيب	2.02
اعاد	4.23
اعادة	5.28
اعادت	3.95
اعادوا	3.32
اعاذ	0.00
اعاذة	0.00
اعار	2.12
اعارة	3.24
اعارت	1.24
اعارق	0.00
اعاروا	0.00
اعاريب	0.00
اعاريض	1.20
اعازز	0.00
اعاسر	0.00
اعاش	0.00
اعاشة	2.12
اعاصير	2.77
اعاض	0.00
اعاظم	1.89
اعاق	2.72
اعاقة	3.83
اعال	1.32
اعالة	3.17
اعالي	3.42
اعامم	0.00
اعان	2.72
اعانة	3.08
اعانف	0.00
اعباء	3.36
اعباب	0.00
اعبد	2.18
اعبدن	0.00
اعبدوا	2.83
اعبدي	0.00
اعبر	3.25
اعبرن	0.00
اعبروا	1.73
اعبري	1.84
اعبس	0.00
اعبسن	0.00
اعبسوا	0.00
اعبسي	0.00
اعبط	0.00
اعبل	0.00
اعتاء	0.00
اعتاد	4.07
اعتادت	3.72
اعتادوا	3.45
اعتادي	0.00
اعتاض	1.10
اعتاق	1.90
اعتبار	4.51
اعتبارا	4.24
اعتباط	0.00
اعتباطا	2.01
اعتباطي	2.44
اعتبر	4.51
اعتبط	0.00
اعتجن	0.00
اعتد	2.33
اعتداء	4.04
اعتداد	1.59
اعتدال	2.85
اعتدة	1.14
اعتدل	2.34
اعتدى	3.35
اعتذار	3.82
اعتذر	4.08
اعتراء	0.00
اعتراش	0.00
اعتراض	4.08
اعتراف	4.13
اعتراك	1.97
اعترش	0.00
اعترض	3.76
اعترف	4.35
اعترفي	2.47
اعترك	0.00
اعترى	2.14
اعتز	2.61
اعتزاز	2.64
اعتزال	3.37
اعتزام	2.14
اعتزل	3.44
اعتزم	2.44
اعتزمي	0.00
اعتشاب	0.00
اعتشب	0.00
اعتصاب	1.08
اعتصار	1.62
اعتصام	3.72
اعتصب	0.00
اعتصر	1.86
اعتصم	2.53
اعتطف	0.00
اعتق	2.97
اعتقاد	3.87
اعتقال	4.53
اعتقد	4.57
اعتقدي	0.00
اعتقل	4.05
اعتقم	0.00
اعتكاف	2.03
اعتكد	0.00
اعتكف	2.56
اعتل	2.00
اعتلاء	2.87
اعتلال	3.14
اعتلى	2.95
اعتم	2.08
اعتماد	4.35
اعتمار	1.53
اعتمد	4.20
اعتمر	2.61
اعتمري	0.00
اعتمل	0.00
اعتملتم	0.00
اعتملتن	0.00
اعتملنا	0.00
اعتملي	0.00
اعتن	2.70
اعتناء	2.43
اعتناق	3.54
اعتنت	2.62
اعتنق	3.09
اعتنى	3.22
اعتنيتم	0.00
اعتنيتن	0.00
اعتنينا	1.21
اعتور	0.00
اعتى	3.13
اعتياد	2.46
اعتيد	1.44
اعتيدت	0.00
اعتيدوا	0.00
اعجاب	3.98
اعجاز	3.07
اعجاف	0.00
اعجام	1.26
اعجب	3.83
اعجبن	0.00
اعجبوا	1.86
اعجبي	1.07
اعجز	3.28
اعجف	1.14
اعجل	2.17
اعجلن	0.00
اعجلوا	0.00
اعجلي	0.00
اعجم	1.56
اعجمي	2.49
اعجوبة	2.93
اعد	4.62
اعداء	4.35
اعداد	4.70
اعدادات	3.39
اعدال	0.00
اعدام	4.05
اعدد	1.94
اعددن	0.00
اعدل	3.09
اعدم	3.42
اعدمن	0.00
اعدموا	2.35
اعدمي	0.00
اعدى	2.32
اعدي	2.69
اعذار	3.35
اعذاق	0.00
اعذب	3.02
اعذبة	0.00
اعذر	2.80
اعراء	0.00
اعراب	2.97
اعرابي	3.04
اعراس	2.62
اعراش	1.08
اعراص	0.00
اعراض	4.31
اعراف	2.84
اعراق	3.00
اعرب	4.20
اعربي	1.16
اعرج	2.96
اعرس	1.67
اعرض	3.79
اعرف	4.94
اعرفن	0.00
اعرفوا	2.54
اعرفي	2.77
اعرق	3.36
اعرقة	0.00
اعرقتم	0.00
اعرقتن	0.00
اعرقنا	0.00
اعرقي	0.00
اعرن	0.00
اعرنكس	0.00
اعز	4.03
اعزاء	2.60
اعزاب	0.00
اعزاز	2.39
اعزب	3.14
اعزة	2.15
اعزر	0.00
اعزرن	0.00
اعزروا	0.00
اعزري	0.00
اعزل	2.95
اعزلن	0.00
اعزلوا	1.24
اعزلي	0.00
اعزم	1.86
اعزمن	0.00
اعزموا	1.04
اعزمي	1.08
اعساس	0.00
اعسال	0.00
اعسر	2.72
اعش	2.27
اعشاب	3.60
اعشار	2.87
اعشاش	2.63
اعشب	0.00
اعشر	0.00
اعشق	2.86
اعشقن	0.00
اعشقوا	0.00
اعشقي	0.00
اعشوشب	0.00
اعشى	2.05
اعشية	0.00
اعشيشاب	0.00
اعصاب	3.54
اعصار	3.91
اعصر	2.29
اعصف	1.34
اعصم	0.00
اعصمة	0.00
اعصوصب	0.00
اعض	2.69
اعضاء	5.30
اعضاد	1.10
اعضد	0.00
اعضض	0.00
اعضضن	0.00
اعطاء	4.52
اعطاب	2.29
اعطاش	0.00
اعطاف	1.16
اعطال	2.72
اعطب	1.50
اعطت	3.99
اعطش	1.84
اعطف	1.76
اعطفة	0.00
اعطل	1.72
اعطلن	0.00
اعطلوا	0.00
اعطلي	0.00
اعطى	4.44
اعطية	1.85
اعظ	1.91
اعظم	4.71
اعف	2.42
اعفاء	3.49
اعفار	0.00
اعفان	0.00
اعفة	1.01
اعفج	0.00
اعفجن	0.00
اعفجوا	0.00
اعفجي	0.00
اعفر	1.78
اعفن	1.24
اعفون	0.00
اعفى	2.56
اعفي	2.24
اعقاب	4.38
اعقار	0.00
اعقام	0.00
اعقب	3.11
اعقد	3.03
اعقف	0.00
اعقل	2.89
اعقم	1.34
اعكر	1.54
اعكس	2.30
اعكسن	0.00
اعكسوا	0.00
اعكسي	1.02
اعل	2.69
اعلاء	3.15
اعلاج	1.26
اعلاف	2.53
اعلاق	0.00
اعلاك	1.41
اعلال	1.46
اعلام	4.46
اعلامي	4.04
اعلامية	4.35
اعلان	4.86
اعلم	5.20
اعلمن	1.14
اعلموا	3.06
اعلمي	2.75
اعلن	5.11
اعلني	1.40
اعلوا	0.00
اعلوط	0.00
اعلولى	0.00
اعلون	0.00
اعلى	5.18
اعلي	3.44
اعلين	0.00
اعم	3.06
اعماء	1.32
اعماد	0.00
اعمار	3.70
اعماق	4.15
اعمال	5.23
اعمام	2.46
اعمد	2.00
اعمدة	3.91
اعمر	2.47
اعمري	0.00
اعمش	0.00
اعمق	4.02
اعمقن	0.00
اعمقوا	0.00
اعمقي	0.00
اعمل	4.54
اعملن	0.00
اعملوا	3.13
اعملي	3.07
اعمم	1.60
اعممن	0.00
اعموا	0.00
اعمى	3.95
اعمي	2.59
اعمين	0.00
اعن	2.62
اعناب	1.80
اعناد	0.00
اعناق	2.80
اعنان	0.00
اعنة	1.44
اعند	1.83
اعنز	1.12
اعنس	0.00
اعنف	3.22
اعنق	1.27
اعنوا	0.00
اعنى	2.57
اعني	3.70
اعنين	0.00
اعهد	1.68
اعهدن	0.00
اعهدوا	0.00
اعهدي	0.00
اعواد	3.19
اعواض	0.00
اعوام	4.66
اعوان	3.44
اعوج	2.69
اعوجاج	2.76
اعوجت	1.39
اعوجج	0.00
اعوججتم	0.00
اعوججتن	0.00
اعوججنا	1.31
اعوجوا	0.00
اعوجي	0.00
اعور	2.72
اعورار	0.00
اعورن	0.00
اعوروا	0.00
اعوري	0.00
اعوز	1.20
اعوزاز	0.00
اعوص	0.00
اعول	2.39
اعوم	1.94
اعيا	2.04
اعياء	2.66
اعياد	3.89
اعيار	0.00
اعيان	3.33
اعيدت	2.95
اعيدي	2.43
اعيرت	1.26
اعيري	0.00
اعين	4.23
اغاث	1.86
اغاثة	3.52
اغار	3.41
اغارة	2.17
اغاريد	1.39
اغاريض	0.00
اغازر	0.00
اغاض	0.00
اغاظ	1.59
اغاظة	2.35
اغال	0.00
اغالي	1.57
اغاليق	0.00
اغام	0.00
اغان	3.71
اغاني	4.31
اغب	1.51
اغباب	0.00
اغباش	0.00
اغبر	2.51
اغبش	1.18
اغبوا	0.00
اغبى	3.56
اغبي	1.91
اغبياء	3.69
اغبين	0.00
اغتاب	1.90
اغتار	0.00
اغتاظ	1.73
اغتال	2.91
اغتباط	0.00
اغتبط	1.21
اغتدى	0.00
اغتذى	0.00
اغتر	2.30
اغتراب	2.45
اغترار	1.51
اغتراف	1.31
اغترب	1.90
اغترف	1.70
اغتسال	1.90
اغتسل	3.03
اغتصاب	4.27
اغتصب	3.24
اغتصبي	0.00
اغتفار	0.00
اغتفر	1.13
اغتلم	0.00
اغتلمتم	0.00
اغتلمتن	0.00
اغتلمنا	0.00
اغتلمي	0.00
اغتم	1.72
اغتمام	0.00
اغتمس	0.00
اغتناء	0.00
اغتنام	2.97
اغتنم	3.03
اغتنى	2.16
اغتياب	1.16
اغتيال	4.47
اغدار	0.00
اغداق	1.49
اغدق	2.35
اغدودن	0.00
اغدية	0.00
اغذية	3.31
اغر	2.09
اغراء	3.49
اغرار	1.02
اغراس	1.45
اغراض	3.86
اغراق	3.42
اغرب	3.87
اغربة	1.58
اغربن	0.00
اغربوا	1.11
اغربي	2.12
اغرة	1.29
اغرد	1.82
اغرز	1.30
اغرس	2.33
اغرق	3.50
اغرم	2.46
اغرمي	0.00
اغرندى	0.00
اغرود	0.00
اغرورق	0.00
اغرى	2.45
اغري	2.30
اغريقي	2.43
اغريل	0.00
اغزر	2.19
اغزل	1.71
اغسال	0.00
اغسطس	5.19
اغسق	0.00
اغسل	3.21
اغسلن	0.00
اغسلوا	2.05
اغسلي	2.67
اغشى	1.91
اغشية	2.66
اغصان	3.21
اغصن	0.00
اغضب	3.69
اغضبن	0.00
اغضبوا	1.36
اغضبي	0.00
اغضة	0.00
اغضن	0.00
اغضى	1.17
اغطش	0.00
اغطى	1.17
اغطية	3.54
اغفار	0.00
اغفال	3.21
اغفر	3.76
اغفرن	0.00
اغفروا	1.99
اغفري	1.86
اغفل	3.01
اغفى	1.85
اغل	2.03
اغلاط	2.26
اغلاق	4.56
اغلال	2.61
اغلب	4.78
اغلبية	4.20
اغلط	1.77
اغلطن	0.00
اغلطوا	0.00
اغلطي	0.00
اغلظ	2.26
اغلف	1.84
اغلق	4.17
اغلقي	1.92
اغلم	0.00
اغلمة	0.00
اغلمن	0.00
اغلموا	0.00
اغلمي	0.00
اغلنثى	0.00
اغلوا	0.00
اغلولب	0.00
اغلى	3.94
اغلي	2.62
اغليق	0.00
اغلين	0.00
اغم	1.01
اغماء	2.92
اغماد	1.13
اغمار	1.09
اغماض	2.38
اغماضة	1.39
اغمد	1.63
اغمر	1.86
اغمرن	0.00
اغمروا	0.00
اغمري	0.00
اغمض	3.28
اغمط	0.00
اغمى	2.34
اغمي	2.73
اغن	1.92
اغناء	2.92
اغنام	2.99
اغنان	0.00
اغنى	4.04
اغنياء	3.44
اغنية	4.79
اغواء	2.86
اغوار	2.70
اغوانا	1.37
اغوى	2.19
اغوياء	0.00
اغيا	1.34
اغيار	1.63
اغياض	0.00
اغيد	1.32
اغير	3.74
اغيم	0.00
افؤل	0.00
افئدة	2.85
افاء	1.82
افائك	0.00
افاتار	2.86
افاح	0.00
افاخ	0.00
افاخم	0.00
افاد	4.14
افادة	3.53
افادت	4.25
افادوا	2.60
افاره	0.00
افاريز	1.36
افاصح	0.00
افاض	2.21
افاضة	1.58
افاضل	2.49
افاع	1.88
افاعي	2.78
افاعيل	1.57
افاق	3.78
افاك	2.16
افاكه	0.00
افاكيه	0.00
افانين	1.79
افاويق	0.00
افاويه	0.00
افة	3.45
افت	1.49
افتاء	2.09
افتار	2.10
افتتاح	4.55
افتتاحي	2.40
افتتان	2.27
افتتح	4.15
افتتحي	0.00
افتتن	2.13
افتح	4.48
افتحص	0.00
افتحل	0.00
افتحن	0.00
افتحوا	3.04
افتحي	3.05
افتخار	2.57
افتخر	2.86
افتدى	1.94
افتر	2.37
افتراء	2.84
افترار	0.00
افتراس	2.50
افتراش	1.18
افتراض	3.92
افتراضي	3.71
افتراع	0.00
افتراق	2.42
افترس	1.92
افترش	1.55
افترض	3.65
افترق	2.50
افترى	2.74
افتص	0.00
افتصاد	0.00
افتصد	0.00
افتضاح	2.24
افتضح	2.00
افتضخ	0.00
افتعال	2.88
افتعل	2.49
افتعلي	0.00
افتق	0.00
افتقاد	3.00
افتقار	3.13
افتقد	3.30
افتقر	2.93
افتقرتم	0.00
افتقرتن	0.00
افتقرنا	0.00
افتقري	0.00
افتكر	2.35
افتكري	0.00
افتل	1.48
افتلى	0.00
افتن	1.52
افتنان	0.00
افتى	3.25
افتيمون	0.00
افج	0.00
افجاع	0.00
افجر	2.52
افجرتم	0.00
افجرتن	0.00
افجرن	0.00
افجرنا	0.00
افجروا	0.00
افجري	0.00
افجع	1.75
افحام	1.96
افحج	1.15
افحش	1.85
افحشن	0.00
افحشوا	0.00
افحشي	0.00
افحم	1.47
افخ	0.00
افخاذ	2.57
افخر	3.15
افخم	3.18
افد	1.60
افدنة	2.34
افدى	1.16
افدية	0.00
افذاذ	1.98
افر	2.64
افراج	2.70
افراح	1.24
افراخ	2.01
افراد	5.02
افراز	3.65
افراط	2.90
افراغ	3.11
افراغة	0.00
افران	3.00
افرج	3.54
افرجن	0.00
افرجوا	1.80
افرجي	0.00
افرح	3.21
افرحن	0.00
افرحوا	2.33
افرحي	2.11
افرخ	0.00
افرد	2.87
افرر	0.00
افررن	0.00
افرز	2.46
افرش	2.18
افرشة	1.74
افرض	2.56
افرضن	0.00
افرضوا	1.34
افرضي	1.26
افرط	2.83
افرع	3.28
افرغ	3.47
افرق	2.52
افرقة	1.71
افرك	2.05
افرم	1.32
افرنج	0.00
افرنجي	1.59
افرند	0.00
افرندات	0.00
افره	1.04
افريز	1.75
افريقي	3.50
افريقيا	4.68
افريقية	3.79
افز	2.32
افزاز	0.00
افزاع	1.60
افزع	2.30
افساد	3.40
افسال	0.00
افسح	2.86
افسد	3.54
افسس	2.90
افسل	0.00
افسنتين	1.49
افشاء	2.84
افشرج	0.00
افشل	3.49
افشى	2.58
افصاح	2.70
افصح	3.41
افصحن	0.00
افصحوا	1.30
افصحي	1.03
افضال	2.34
افضل	5.66
افضلية	3.54
افضى	3.00
افضية	1.16
افطار	3.46
افطام	0.00
افطح	0.00
افطر	2.91
افطرتم	0.00
افطرتن	0.00
افطرن	0.00
افطرنا	0.00
افطروا	1.16
افطري	1.13
افطس	2.01
افطم	0.00
افظ	0.00
افظاظ	0.00
افظع	3.10
افعال	4.14
افعام	0.00
افعل	4.22
افعلن	0.00
افعلوا	2.68
افعلي	2.53
افعم	0.00
افعوان	1.20
افعى	3.38
افغان	3.30
افغاني	3.32
افف	1.16
افق	3.84
افقار	2.03
افقد	3.74
افقدن	0.00
افقدوا	1.09
افقدي	1.17
افقر	3.34
افقري	0.00
افقس	0.00
افقسن	0.00
افقسوا	0.00
افقسي	0.00
افقع	1.57
افقم	0.00
افقه	2.87
افقي	3.17
افك	2.75
افكار	4.55
افكة	0.00
افكر	4.41
افكرن	0.00
افكروا	0.00
افكري	0.00
افكه	1.72
افكوهة	0.00
افل	2.49
افلات	2.52
افلاح	0.00
افلاذ	1.17
افلاس	3.35
افلاطون	3.45
افلاق	0.00
افلاك	2.28
افلام	4.79
افلت	3.07
افلج	1.58
افلح	3.59
افلحي	0.00
افلس	2.69
افلى	0.00
افمام	0.00
افن	1.32
افناء	2.26
افناد	0.00
افنان	2.71
افنت	1.99
افندي	3.44
افنون	1.12
افنى	2.74
افنية	2.11
افهام	1.65
افهد	0.00
افهم	4.29
افهمن	0.00
افهموا	2.35
افهمي	2.51
افواج	3.28
افواد	0.00
افواق	0.00
افواه	3.47
افوكادو	2.30
افول	2.54
افوه	1.04
افياش	1.39
افيال	2.48
افيح	0.00
افيد	2.81
افيدت	0.00
افيدي	0.00
افيش	1.92
افيكة	0.00
افيون	3.03
اقئ	0.00
اقابح	0.00
اقاح	0.00
اقاحي	0.00
اقاد	1.38
اقادر	1.15
اقادم	0.00
اقارئ	0.00
اقارب	3.81
اقاسي	1.83
اقاص	0.00
اقاصي	2.72
اقاصير	0.00
اقاصيص	1.99
اقال	3.29
اقالة	3.81
اقالل	0.00
اقاليم	3.39
اقام	4.15
اقامة	4.61
اقامت	3.91
اقاموا	3.54
اقانيم	2.15
اقاوم	3.28
اقاوي	0.00
اقاويل	2.83
اقباء	0.00
اقباب	0.00
اقبار	1.21
اقباس	1.25
اقباط	3.35
اقبال	3.83
اقبح	3.24
اقبحن	0.00
اقبحوا	0.00
اقبحي	0.00
اقبر	1.46
اقبري	0.00
اقبس	0.00
اقبض	2.50
اقبضن	0.00
اقبضوا	1.63
اقبضي	1.14
اقبل	4.22
اقبلن	0.00
اقبلوا	2.31
اقبلي	2.63
اقبية	2.91
اقتات	1.76
اقتاد	1.71
اقتال	0.00
اقتباس	3.74
اقتبس	3.37
اقتبل	0.00
اقتبلي	0.00
اقتتال	2.78
اقتتل	1.76
اقتتلي	0.00
اقتحام	4.21
اقتحم	3.78
اقتداء	2.69
اقتدار	2.38
اقتدر	0.00
اقتدى	2.05
اقتر	0.00
اقترا	0.00
اقتراب	3.99
اقتراح	4.34
اقتراض	2.93
اقتراع	3.45
اقتراف	2.60
اقترب	4.10
اقتربتم	1.30
اقتربتن	0.00
اقتربنا	2.93
اقتربي	2.55
اقترح	4.35
اقترحي	1.68
اقترض	2.54
اقترضي	0.00
اقترع	1.35
اقترف	2.88
اقترن	2.97
اقتسام	2.70
اقتسم	2.11
اقتص	2.03
اقتصاد	4.38
اقتصادي	4.21
اقتصار	2.51
اقتصد	1.89
اقتصدي	0.00
اقتصر	3.47
اقتض	0.00
اقتضاء	2.30
اقتضب	0.00
اقتضبي	0.00
اقتضت	2.82
اقتضى	3.03
اقتط	0.00
اقتطاع	2.91
اقتطاف	1.89
اقتطط	0.00
اقتطع	2.71
اقتطف	1.43
اقتطي	0.00
اقتعد	0.00
اقتفاء	2.69
اقتفى	2.08
اقتل	3.41
اقتلاع	2.96
اقتلع	2.42
اقتلن	0.00
اقتلوا	3.19
اقتلي	1.44
اقتم	1.67
اقتناء	3.45
اقتناص	2.71
اقتناع	2.87
اقتنص	2.28
اقتنع	3.41
اقتنعتم	0.00
اقتنعتن	0.00
اقتنعنا	1.93
اقتنعي	1.20
اقتنى	2.57
اقتوى	0.00
اقتيات	1.04
اقتياد	2.27
اقحاح	1.69
اقحاف	0.00
اقحام	3.03
اقحم	2.48
اقحوان	2.34
اقداح	2.40
اقدار	2.88
اقدام	4.07
اقدد	0.00
اقددن	0.00
اقدر	4.60
اقدس	3.22
اقدسن	0.00
اقدسوا	0.00
اقدسي	0.00
اقدم	4.86
اقدمون	0.00
اقدمية	2.35
اقذاء	0.00
اقذار	1.64
اقذر	2.88
اقذع	1.28
اقذف	2.86
اقذفن	0.00
اقذفوا	0.00
اقذفي	0.00
اقذلة	0.00
اقذى	0.00
اقر	4.20
اقرؤوا	2.56
اقرئي	2.47
اقرا	4.58
اقراء	2.46
اقرار	4.03
اقراص	3.91
اقراض	2.81
اقراط	2.71
اقران	2.15
اقرب	4.80
اقرباء	3.41
اقربة	0.00
اقرح	1.16
اقرحة	0.00
اقرس	0.00
اقرض	2.26
اقرضي	0.00
اقرع	2.62
اقرف	2.11
اقرن	2.33
اقري	1.93
اقزام	2.90
اقساط	3.17
اقسام	4.23
اقسس	0.00
اقسسن	0.00
اقسط	1.13
اقسم	4.42
اقسمن	0.00
اقسموا	2.27
اقسمي	1.63
اقسى	3.80
اقشاب	0.00
اقشع	0.00
اقشعر	2.06
اقشعرار	0.00
اقشعرت	0.00
اقشعرر	0.00
اقشعري	0.00
اقصاء	3.62
اقصار	0.00
اقصب	0.00
اقصبن	0.00
اقصبوا	0.00
اقصبي	0.00
اقصر	4.06
اقصص	1.32
اقصصن	0.00
اقصوصة	1.88
اقصى	4.64
اقض	3.20
اقضاض	0.00
اقضب	0.00
اقضبن	0.00
اقضبوا	0.00
اقضبي	0.00
اقضوا	2.26
اقضى	3.06
اقضي	3.43
اقضية	2.36
اقضين	0.00
اقط	2.00
اقطاب	3.21
اقطار	3.68
اقطاط	0.00
اقطاع	2.03
اقطاعة	1.32
اقطاعي	2.16
اقطاعية	2.37
اقطان	1.38
اقطب	0.00
اقطبن	0.00
اقطبوا	0.00
اقطبي	0.00
اقطر	1.55
اقطرن	0.00
اقطروا	0.00
اقطري	0.00
اقطط	0.00
اقططن	0.00
اقطع	3.58
اقطعن	0.00
اقطعوا	2.28
اقطعي	2.43
اقطف	2.26
اقطنوا	0.00
اقطني	0.00
اقطوطى	0.00
اقعاد	0.00
اقعد	2.79
اقعدن	0.00
اقعدوا	2.00
اقعدي	2.12
اقعر	0.00
اقعرن	0.00
اقعروا	0.00
اقعري	0.00
اقعس	0.00
اقعى	0.00
اقف	3.74
اقفاء	0.00
اقفار	1.36
اقفاص	3.12
اقفال	3.36
اقفر	1.37
اقفز	2.28
اقفزن	0.00
اقفزوا	0.00
اقفزي	0.00
اقفل	3.06
اقفلي	1.35
اقفى	1.36
اقفية	0.00
اقل	5.37
اقلاع	3.27
اقلاق	1.83
اقلام	3.65
اقلب	3.00
اقلبن	0.00
اقلبوا	1.79
اقلبي	2.13
اقلع	2.81
اقلعف	0.00
اقلف	0.00
اقلق	3.28
اقلقن	0.00
اقلقوا	1.29
اقلقي	0.00
اقلم	0.00
اقلمن	0.00
اقلموا	0.00
اقلمي	0.00
اقلون	0.00
اقلى	1.01
اقلي	2.19
اقلية	3.95
اقليد	1.44
اقليدس	2.42
اقليل	0.00
اقليم	4.59
اقليمي	3.66
اقليميا	3.62
اقليمية	4.03
اقم	3.61
اقمار	3.36
اقماط	0.00
اقماع	2.22
اقمح	0.00
اقمر	1.13
اقمرتم	0.00
اقمرتن	0.00
اقمرنا	0.00
اقمري	0.00
اقمشة	3.23
اقمصة	2.18
اقمع	1.86
اقناء	0.00
اقناط	0.00
اقناع	4.14
اقنثا	0.00
اقنط	1.08
اقنع	3.52
اقنعة	3.67
اقنعن	0.00
اقنعوا	1.83
اقنعي	1.63
اقنوم	1.87
اقنى	1.76
اقنيز	0.00
اقو	2.26
اقواء	0.00
اقواب	0.00
اقوات	1.55
اقواس	2.95
اقوال	4.04
اقوام	3.17
اقود	3.45
اقول	5.00
اقوم	4.38
اقووا	0.00
اقوى	4.82
اقوي	3.55
اقوياء	3.76
اقوين	0.00
اقى	1.11
اقياظ	0.00
اقيان	0.00
اقيس	2.37
اقيسة	1.11
اقيمت	4.37
اقيمي	1.16
اكا	0.00
اكابر	3.20
اكاثر	0.00
اكادير	3.47
اكاديمي	3.66
اكاذيب	3.65
اكار	2.10
اكارة	0.00
اكارع	0.00
اكارم	1.31
اكاريم	0.00
اكاسرة	0.00
اكاف	0.00
اكافئ	1.56
اكال	1.77
اكاليل	2.84
اكام	1.43
اكامل	0.00
اكايس	0.00
اكب	2.23
اكباب	0.00
اكباد	2.06
اكبار	2.08
اكباش	1.82
اكبال	1.17
اكبح	1.53
اكبر	5.69
اكبرن	0.00
اكبروا	1.66
اكبري	1.87
اكبس	1.76
اكبسن	0.00
اكبسوا	0.00
اكبسي	1.13
اكبل	0.00
اكتئاب	3.42
اكتاب	1.43
اكتاف	3.22
اكتال	0.00
اكتب	4.73
اكتبن	0.00
اكتبوا	2.73
اكتبي	3.06
اكتتاب	2.69
اكتتام	0.00
اكتتب	1.60
اكتتبي	0.00
اكتتف	0.00
اكتتم	0.00
اكتحال	0.00
اكتحل	1.09
اكتحلتم	0.00
اكتحلتن	0.00
اكتحلنا	0.00
اكتحلي	0.00
اكتدح	0.00
اكتراء	0.00
اكتراث	2.59
اكترب	0.00
اكتربتم	0.00
اكتربتن	0.00
اكتربنا	0.00
اكتربي	0.00
اكترث	2.23
اكترى	0.00
اكتساء	1.26
اكتساب	3.84
اكتساح	2.82
اكتسب	3.54
اكتسح	2.94
اكتسى	2.05
اكتشاف	4.61
اكتشف	4.54
اكتشفي	2.61
اكتظ	2.08
اكتظاظ	2.43
اكتع	0.00
اكتفاء	2.96
اكتفة	0.00
اكتفى	3.28
اكتلى	0.00
اكتم	2.36
اكتمال	3.85
اكتمل	3.65
اكتمن	0.00
اكتموا	1.63
اكتمي	1.56
اكتناز	2.11
اكتناف	1.32
اكتناه	1.01
اكتنز	1.16
اكتنس	0.00
اكتنف	1.40
اكتنه	0.00
اكتهال	0.00
اكتهل	0.00
اكتواء	0.00
اكتوبر	5.34
اكتوى	2.08
اكثار	2.79
اكثر	6.09
اكثرن	0.00
اكثروا	1.84
اكثري	2.23
اكثرية	3.23
اكحال	0.00
اكحل	2.20
اكد	4.69
اكداس	1.83
اكدر	1.64
اكدى	0.00
اكدي	1.95
اكذب	3.64
اكذبن	0.00
اكذبوا	0.00
اكذبي	1.85
اكذوبة	2.94
اكر	2.42
اكراء	0.00
اكراز	0.00
اكراش	1.08
اكرام	3.13
اكرامية	2.03
اكراه	3.28
اكرب	0.00
اكربتم	0.00
اكربتن	0.00
اكربن	0.00
اكربنا	0.00
اكربوا	0.00
اكربي	0.00
اكرة	1.91
اكرش	0.00
اكرع	0.00
اكرم	4.10
اكرمن	0.00
اكرموا	0.00
اكرمي	1.84
اكرن	0.00
اكره	4.33
اكرهي	0.00
اكرومة	0.00
اكرى	1.10
اكرياء	0.00
اكساب	2.47
اكسار	0.00
اكسب	3.13
اكسبن	0.00
اكسبوا	1.29
اكسبي	1.94
اكسجين	3.34
اكسح	1.29
اكسد	1.34
اكسدة	2.90
اكسر	3.38
اكسرن	0.00
اكسروا	1.81
اكسري	2.24
اكسف	0.00
اكسفورد	3.39
اكسل	3.41
اكسى	0.00
اكسية	1.11
اكسيد	3.87
اكسير	2.76
اكسينون	0.00
اكشاك	2.83
اكشر	1.07
اكشف	3.01
اكشفن	0.00
اكشفوا	1.60
اكشفي	2.11
اكشن	3.45
اكعب	0.00
اكف	3.08
اكفا	2.50
اكفاء	3.10
اكفال	0.00
اكفان	2.28
اكفة	0.00
اكفر	2.75
اكفل	2.01
اكفهر	0.00
اكفهرار	0.00
اكفوا	0.00
اكفى	1.19
اكفي	1.31
اكفين	0.00
اكل	4.37
اكلا	0.00
اكلاء	0.00
اكلال	0.00
اكلب	2.00
اكلبن	0.00
اكلبوا	0.00
اكلبي	0.00
اكلة	3.38
اكلتم	0.00
اكلتن	0.00
اكلح	0.00
اكلف	2.15
اكلفن	0.00
اكلفوا	1.16
اكلفي	0.00
اكلنا	0.00
اكلي	3.12
اكليروس	1.48
اكليل	3.10
اكم	1.81
اكمؤ	0.00
اكما	0.00
اكمال	3.97
اكمام	3.00
اكمة	2.17
اكمد	1.07
اكمش	0.00
اكمل	4.36
اكمه	1.04
اكمون	0.00
اكن	4.61
اكناف	2.80
اكنة	1.81
اكنسة	0.00
اكنف	0.00
اكواب	3.46
اكواخ	3.04
اكوادور	2.41
اكوار	1.05
اكواز	1.88
اكواع	1.47
اكوام	3.34
اكوان	2.52
اكوع	0.00
اكول	2.26
اكى	0.00
اكيار	0.00
اكياس	3.93
اكيال	1.51
اكيد	4.20
اكيس	1.76
الا	5.99
الاء	3.12
الاب	3.25
الاباما	3.28
الابن	4.29
الابناء	4.10
الاثنين	4.81
الاح	0.00
الاحد	4.99
الادد	0.00
الاذ	0.00
الاذذ	0.00
الاراضي	4.87
الاردن	5.05
الارض	5.65
الاسد	4.92
الاسكا	3.42
الاسلام	5.33
الاشهل	2.20
الاع	0.00
الاعالي	2.59
الاعيب	2.66
الاغاني	4.48
الاف	5.02
الافاعي	3.47
الافعى	3.60
الاقصر	3.63
الاقى	1.64
الاقي	3.10
الالى	2.48
الام	4.15
الاماني	3.30
الامم	5.22
الامين	4.63
الان	5.97
الانبار	3.69
الانة	0.00
الانثى	4.08
الاندلس	4.25
الانصار	3.93
الاهاجي	0.00
الاهة	2.17
الايا	1.52
الايادي	3.63
الايدي	4.09
الاين	1.45
الب	3.28
الباء	0.00
الباب	2.14
الباد	0.00
البارح	3.12
البارحة	4.55
الباس	2.26
البان	3.01
الباني	2.87
البانيا	3.89
البتراء	3.13
البترون	2.86
البحرين	5.19
البحيرة	4.33
البديع	3.40
البراق	3.34
البرجيس	0.00
البس	3.30
البسة	2.79
البسي	1.82
البصرة	4.32
البعر	1.95
البكة	1.27
البلقان	3.71
البن	1.88
البنجاب	3.26
البنغال	2.78
البهاما	2.93
البو	3.18
البوسنة	3.99
البوم	4.02
البيضاء	4.78
الة	4.70
الت	2.47
التئام	2.98
التائي	0.00
التاث	0.00
التاع	0.00
التام	2.20
التاى	0.00
التاي	1.68
التباس	2.80
التباك	0.00
التبت	3.66
التبس	2.29
التبك	0.00
التبن	3.06
التبنتم	0.00
التبنتن	0.00
التبني	3.52
التثنية	2.84
التجا	2.53
التجاء	1.72
التحاء	0.00
التحاف	1.44
التحاق	3.22
التحام	2.93
التحف	3.55
التحق	3.90
التحم	2.40
التحى	0.00
التذ	1.26
التذاذ	0.00
التراقي	2.47
التزاق	0.00
التزام	4.24
التزق	0.00
التزم	3.70
التشيك	3.61
التصاق	2.81
التصق	2.62
التطام	0.00
التطم	0.00
التظى	0.00
التعازي	3.78
التف	3.06
التفات	2.41
التفاف	3.31
التفت	3.63
التفتت	2.76
التفتم	0.00
التفتنا	1.74
التفتي	1.87
التق	2.33
التقاء	3.51
التقاط	4.21
التقاف	1.01
التقام	1.04
التقت	3.84
التقط	3.86
التقف	0.00
التقم	1.50
التقى	4.22
التكم	1.52
التماس	3.73
التمس	3.03
التمسي	1.34
التهاب	4.41
التهاف	0.00
التهام	2.90
التهب	1.85
التهف	0.00
التهم	4.22
التهمي	0.00
التهى	1.04
التواء	2.97
التوالي	4.58
التوى	2.30
التياع	0.00
الث	0.00
الثغ	1.10
الثور	4.06
الج	1.92
الجا	3.07
الجاء	0.00
الجام	1.98
الجامع	4.26
الجبيل	3.60
الجدي	3.71
الجديدة	5.46
الجرار	3.22
الجزائر	5.08
الجزيرة	5.15
الجم	2.04
الجمة	0.00
الجمعة	5.14
الجوابي	1.28
الجوف	4.00
الجيزة	4.19
الح	3.05
الحاح	2.89
الحاد	2.87
الحارث	3.97
الحاف	1.26
الحاق	3.73
الحام	0.00
الحان	3.69
الحبشة	3.56
الحجاز	3.95
الحجل	2.60
الحد	2.03
الحديدة	3.90
الحرمين	4.47
الحس	3.76
الحسكة	3.51
الحسن	4.93
الحسوا	0.00
الحسي	3.34
الحسيمة	3.48
الحف	0.00
الحق	3.56
الحقي	1.18
الحلفاء	3.86
الحم	1.04
الحمل	4.67
الحن	1.99
الحواشي	2.81
الحوت	4.10
الحى	0.00
الحي	1.36
الخ	4.35
الخاصة	5.62
الخبر	4.99
الخرطوم	4.22
الخطا	3.31
الخليل	4.47
الخمس	4.48
الخميس	4.90
الخن	0.00
الخوابي	1.27
الخوافي	1.99
الخوالي	2.93
الخوخ	3.35
الد	3.19
الدارجة	3.50
الدانوب	3.06
الدبران	1.86
الدة	0.00
الدجاج	4.29
الدجاجة	3.54
الدلو	3.83
الدمام	4.20
الدواعي	2.70
الدوالي	2.97
الدواهي	2.04
الدوحة	4.44
الذ	3.18
الذكر	4.53
الذي	6.54
الراية	3.79
الرب	4.66
الرباط	4.22
الرشاء	1.79
الرصافة	2.97
الرضا	4.26
الرقة	4.27
الرمان	3.55
الرملة	3.49
الروابي	2.60
الرواسي	2.38
الروم	4.25
الروي	2.39
الرياض	5.08
الز	0.00
الزاق	0.00
الزام	3.51
الزامي	3.33
الزامية	3.45
الزرقاء	4.32
الزق	1.23
الزم	3.15
الزمي	0.00
الزهر	3.62
الزهرة	3.95
الزيتون	4.30
الس	2.26
السبت	4.86
السرطان	4.65
السن	2.75
السنبلة	2.64
السنة	5.38
السند	4.01
السنغال	4.04
السواقي	2.49
السودان	5.05
السويد	4.41
السويس	4.26
الشارقة	4.19
الشاش	2.96
الشافعي	4.34
الشام	4.80
الشرق	5.26
الشرقية	5.06
الشريفي	2.48
الشوك	3.47
الشيخان	2.76
الشيعة	4.76
الصربية	3.77
الصق	2.71
الصوابي	1.63
الصومال	4.35
الصويرة	2.98
الصين	5.22
الضالع	3.45
الضفادع	3.49
الضواحي	3.56
الضواري	2.49
الطائف	4.28
الطارق	3.26
الطاف	2.53
الطب	4.83
الطف	3.65
الطفن	0.00
الطفوا	0.00
الطفي	1.32
الظهران	3.78
العاب	4.63
العاصي	3.65
العافية	3.63
العاقل	3.67
العامية	3.81
العب	4.02
العبرية	4.16
العبن	1.22
العبوا	2.62
العبي	2.79
العدس	3.12
العرائش	3.07
العراق	5.51
العزى	2.97
العفو	4.80
العق	2.51
العقرب	3.87
العقن	0.00
العقوا	0.00
العقي	2.09
العلمين	3.19
العن	2.84
العنقاء	3.16
العنوا	1.34
العني	1.58
العوادي	2.29
العوالي	2.76
العوبة	2.42
العيون	4.57
الغاء	4.65
الغابون	3.00
الغاد	0.00
الغاز	3.33
الغام	3.34
الغانج	2.10
الغبراء	2.09
الغت	3.62
الغربية	5.15
الغز	0.00
الغطاس	2.92
الغم	0.00
الغواشي	0.00
الغوالي	2.14
الغى	3.76
الف	5.44
الفاتحة	3.69
الفاسخ	1.09
الفاطر	1.73
الفاظ	3.36
الفاف	0.00
الفباء	1.04
الفبائي	1.10
الفة	2.87
الفت	3.56
الفتاوي	2.52
الفجيرة	3.55
الفحاوي	0.00
الفرات	3.98
الفصحى	3.81
الفلبين	4.45
الفى	2.39
الفي	3.83
الفيافي	2.42
الفية	2.80
الفين	3.81
الفيوم	3.86
الق	3.58
القاء	4.45
القاب	3.62
القاح	0.00
القاط	0.00
القاعدة	5.02
القاهرة	5.24
القت	4.02
القح	1.20
القدس	4.94
القدوس	3.72
القران	5.25
القرم	3.72
القرنفل	3.10
القرين	3.37
القطيف	4.28
القم	1.65
القنت	0.00
القوا	2.59
القواري	0.00
القوافي	3.31
القوس	4.08
القوقاز	3.99
القى	4.31
القي	3.25
القية	0.00
القين	2.27
الك	2.71
الكتاب	5.47
الكترون	2.66
الكرخ	3.02
الكع	0.00
الكعبة	3.96
الكن	0.00
الكنك	0.00
الكوفة	3.85
الكونغو	4.24
الكويت	5.37
اللات	3.12
اللتيات	0.00
اللتيان	0.00
اللهم	4.84
الليالي	4.11
الليلة	5.07
الم	4.78
الماتي	3.03
الماس	3.27
الماسة	2.42
الماسي	3.37
الماعز	3.81
المام	2.61
المان	3.42
الماني	3.76
المانيا	4.85
المانية	3.96
الماوي	1.74
المباغي	1.21
المباكي	0.00
المباني	4.51
المتم	0.00
المتن	0.00
المثاوي	0.00
المثنى	3.53
المجاري	3.84
المجر	3.71
المح	3.24
المحرم	3.69
المحمرة	2.90
المحويت	2.72
المحيي	2.29
المخا	3.05
المخلص	3.79
المدائن	3.17
المدينة	5.63
المذكر	2.97
المرء	4.66
المراة	5.43
المراثي	2.24
المراسي	2.66
المراعي	3.47
المراقي	1.79
المرامي	1.95
المريخ	4.36
المساعي	3.09
المساقي	1.46
المسيح	4.97
المشاتي	1.40
المشاكي	0.00
المشاوي	2.22
المشتري	3.95
المصالي	0.00
المصري	5.27
المع	3.46
المعاصي	3.65
المعاني	4.03
المعز	3.35
المعي	1.79
المغازي	2.80
المغاني	1.47
المغرب	5.31
المقالي	2.51
المقاهي	3.78
المكاوي	2.30
المكسيك	4.86
الملاقي	1.10
الملاهي	3.43
الملك	5.56
المماشي	1.09
المن	1.53
المنا	2.25
المناجي	1.25
المناحي	2.02
المناعي	3.71
المنافي	2.57
المنامة	3.95
المنيا	4.03
المهاوي	1.48
المهرة	3.56
المهم	4.95
الموا	1.21
المواشي	3.53
الموالي	3.73
الموت	5.34
الموصل	4.67
المي	1.77
الميزان	4.06
النار	5.52
الناصر	4.34
الناصرة	3.87
الناظور	3.44
النجف	3.98
النرويج	3.97
النقب	3.42
النمسا	4.04
النواحي	3.90
النوادي	3.66
النواصي	2.29
النواهي	1.56
النوبة	4.18
النيجر	3.94
النيل	4.73
اله	4.69
الهاء	2.63
الهاب	1.33
الهاج	0.00
الهام	3.93
الهب	2.18
الهة	3.84
الهج	0.00
الهف	0.00
الهم	3.35
الهمي	0.00
الهند	5.13
الهوة	0.00
الهى	1.71
الهي	4.27
الهيات	1.53
الو	2.61
الواح	3.82
الواحد	4.96
الواذ	0.00
الوان	4.32
الوة	0.00
الوتم	0.00
الوتن	0.00
الوداع	4.09
الوف	2.95
الومون	0.00
الون	2.92
الونا	1.63
الوهة	1.08
الوهية	2.53
الوى	1.23
الويات	0.00
الوية	3.58
الى	6.91
الي	5.25
اليابان	5.05
الياس	3.56
الياف	3.62
الية	4.40
اليرموك	4.16
اليس	4.63
اليسع	2.23
اليسن	1.18
اليسوا	2.00
اليسي	1.41
اليف	3.33
اليق	2.07
اليك	5.23
اليكم	4.50
اليكما	2.09
اليل	2.00
اليم	3.37
اليمن	5.53
الين	3.77
الينا	4.84
الينوي	3.09
اليه	5.54
اليها	5.24
اليهم	4.71
اليهما	3.71
اليهن	3.22
اليوم	6.19
اليونان	4.65
اما	5.65
اماء	2.42
امات	2.71
اماتة	2.28
اماتت	1.66
اماتوا	1.59
اماثل	1.23
اماثيل	0.00
اماجد	0.00
اماد	0.00
اماذا	1.08
امار	2.27
اماراتي	3.85
امارة	4.09
امارر	0.00
امازيغ	3.17
امازيغي	2.70
اماس	0.00
اماسي	1.95
اماضي	0.00
اماط	1.66
اماطة	2.66
اماع	0.00
اماعز	0.00
اماكن	4.86
امال	3.91
امالة	2.59
امالح	0.00
اماليح	0.00
امام	5.51
امامة	3.08
امامي	4.16
امان	4.36
امانة	4.13
اماني	3.75
امبير	3.41
امة	4.55
امت	2.89
امتاح	0.00
امتار	3.98
امتاز	3.16
امتازت	2.64
امتازوا	1.56
امتازي	0.00
امتاع	2.69
امتثال	2.96
امتثل	2.49
امتثلي	0.00
امتحان	4.13
امتحن	2.66
امتحني	0.00
امتخاض	0.00
امتخاط	0.00
امتخض	0.00
امتخط	0.00
امتد	3.85
امتداح	1.77
امتداد	4.30
امتدت	4.07
امتدح	2.68
امتدد	1.22
امتددتم	0.00
امتددتن	0.00
امتددنا	0.00
امتدوا	1.16
امتدي	0.00
امتراس	0.00
امترس	0.00
امترى	0.00
امتز	0.00
امتزاج	2.56
امتزتم	0.00
امتزتن	0.00
امتزج	2.47
امتزن	0.00
امتزنا	0.00
امتساك	0.00
امتسك	0.00
امتشاق	0.00
امتشط	0.00
امتشق	1.54
امتص	2.50
امتصاص	3.88
امتطاء	2.35
امتطى	2.28
امتع	3.13
امتعاض	2.30
امتعة	3.24
امتعض	1.76
امتقع	1.10
امتلا	3.35
امتلاء	3.02
امتلاك	4.12
امتلك	3.81
امتلكي	1.04
امتن	2.30
امتناع	3.05
امتنان	2.85
امتنع	3.37
امتهان	2.80
امتهن	2.53
امتياز	3.72
امتيز	0.00
امثال	4.25
امثل	3.55
امثلة	4.29
امثلن	0.00
امثلوا	0.00
امثلي	0.00
امثولة	2.02
امج	1.86
امجاد	3.08
امجد	3.54
امجدن	0.00
امجدوا	0.00
امجدي	0.00
امح	2.16
امحاء	1.13
امحاح	0.00
امحت	1.04
امحتا	0.00
امحص	0.00
امحصن	0.00
امحصوا	0.00
امحصي	0.00
امحض	0.00
امحق	1.73
امحقن	0.00
امحقوا	0.00
امحقي	0.00
امحون	0.00
امحى	1.57
امحي	2.07
امحيتم	0.00
امحيتما	0.00
امحيتن	0.00
امحينا	0.00
امخاخ	1.61
امخض	0.00
امخطة	0.00
امد	3.68
امداح	1.35
امداد	3.53
امدد	1.96
امددن	0.00
امدمي	0.00
امدوا	0.00
امدوحة	0.00
امدي	1.01
امدين	0.00
امذريان	0.00
امر	5.44
امرؤ	3.20
امرئة	0.00
امراء	3.74
امراة	5.17
امرار	2.38
امراس	0.00
امراض	4.46
امراع	0.00
امراغ	0.00
امراق	0.00
امرة	3.20
امرتم	0.00
امرتن	0.00
امرد	2.26
امرش	0.00
امرشن	0.00
امرشوا	0.00
امرشي	0.00
امرض	2.42
امرضن	0.00
امرضوا	0.00
امرضي	0.00
امرط	0.00
امرع	0.00
امرغ	1.26
امرق	0.00
امرك	4.29
امركة	1.79
امرنا	1.56
امرنوا	0.00
امرني	2.25
امري	4.07
امريكا	5.26
امريكة	1.85
امريكي	5.00
امزجة	2.15
امزح	3.70
امزحن	0.00
امزحوا	1.13
امزحي	1.26
امس	4.95
امساد	0.00
امساك	3.18
امساكية	1.21
امسس	0.00
امسسن	0.00
امسك	3.82
امسكي	1.94
امسوخ	0.00
امسى	3.15
امسية	3.75
امش	2.85
امشاج	2.34
امشاط	2.12
امشق	0.00
امشوا	2.38
امشى	2.27
امشي	3.66
امشين	0.00
امص	1.71
امصار	1.68
امصاص	0.00
امصال	0.00
امصرة	0.00
امصل	0.00
امض	2.96
امضاء	3.23
امضاغ	0.00
امضغ	1.36
امضوا	2.45
امضى	4.01
امضي	2.79
امضين	0.00
امطاء	0.00
امطار	3.95
امطر	3.12
امطرن	0.00
امطروا	1.25
امطري	1.66
امطى	0.00
امع	0.00
امعاء	3.18
امعان	2.20
امعة	2.37
امعز	0.00
امعط	0.00
امعن	2.73
امعية	0.00
امغاص	0.00
امغر	0.00
امكاء	0.00
امكان	2.92
امكانية	4.79
امكث	2.16
امكثن	0.00
امكثوا	2.06
امكثي	1.26
امكر	1.67
امكرن	0.00
امكروا	0.00
امكري	0.00
امكن	4.00
امكنة	3.09
امكني	1.46
امل	4.84
املؤوا	1.20
املئي	1.89
املا	3.05
املاء	2.88
املاح	3.02
املاق	2.14
املاك	3.64
املال	0.00
املان	0.00
املج	2.83
املح	2.01
املد	0.00
املس	2.95
املط	1.13
املطة	0.00
املق	1.17
املك	4.43
املكن	0.00
املكوا	1.10
املكي	0.00
املوحة	0.00
املى	2.72
املي	3.58
امم	4.06
اممي	3.22
امن	4.92
امناء	3.75
امنة	4.54
امنتم	2.51
امنتن	0.00
امنح	2.70
امنع	3.04
امنعن	0.00
امنعوا	2.19
امنعي	1.48
امنى	2.77
امني	4.19
امنية	4.60
امنيوتي	0.00
امنيون	2.05
امه	4.55
امهات	3.90
امهار	0.00
امهال	1.69
امهدة	0.00
امهر	3.08
امهري	0.00
امهق	2.04
امهل	2.29
امهى	0.00
امو	2.58
اموات	3.67
امواج	3.72
امواس	1.91
اموال	4.52
امواه	1.59
امور	4.69
اموري	3.39
اموس	2.32
امومة	2.76
امون	3.35
امونيوم	1.71
اموي	2.81
امى	3.37
امي	5.05
اميال	3.88
اميبا	1.58
اميبي	1.09
امية	3.93
اميتت	1.45
اميتي	1.87
امير	4.83
اميرات	2.86
اميرال	2.32
اميرة	4.26
اميركا	4.18
اميركي	4.01
اميري	3.52
اميز	3.26
اميل	3.41
اميلن	0.00
اميلوا	0.00
اميلي	2.54
امين	4.74
امينة	4.02
انئذ	2.30
انا	5.89
اناء	3.48
اناب	2.50
انابة	1.98
انابل	0.00
انابيب	4.02
انابيق	0.00
اناة	1.72
اناث	3.37
اناجع	0.00
اناجيل	2.32
اناخ	2.01
اناد	0.00
انادى	1.65
انادي	3.33
انار	2.81
انارة	3.33
انارت	2.34
اناروا	1.32
اناس	4.59
اناسب	1.50
اناسي	2.01
اناسية	0.00
اناشيد	3.29
اناشيط	0.00
اناصف	0.00
اناط	1.70
اناطة	1.46
اناطر	0.00
اناظيم	0.00
اناعيم	0.00
اناغالس	0.00
اناف	1.01
انافس	2.14
انافع	0.00
انافي	1.80
اناقة	3.61
اناقي	0.00
انال	3.35
انام	4.22
انامت	0.00
انامل	2.67
اناموا	0.00
انان	2.76
اناناس	2.38
اناني	3.17
انانية	3.43
اناوئ	0.00
اناور	0.00
اناوى	0.00
اناى	1.71
انب	2.12
انبؤوا	0.00
انبئتم	0.00
انبئتن	0.00
انبئنا	1.36
انبئي	0.00
انبا	1.96
انباء	4.38
انبات	2.53
انباتم	0.00
انباتن	0.00
انبار	1.64
انباز	0.00
انباط	1.26
انباع	1.54
انبال	0.00
انبان	0.00
انبانا	2.32
انباه	0.00
انبت	2.64
انبث	1.05
انبثاث	1.34
انبثاق	2.68
انبثق	3.07
انبج	0.00
انبجاس	0.00
انبجس	0.00
انبذ	1.55
انبذة	0.00
انبذن	0.00
انبذوا	0.00
انبذي	0.00
انبرام	0.00
انبرم	0.00
انبرى	2.19
انبساط	2.41
انبسط	2.32
انبسطتم	0.00
انبسطتن	0.00
انبسطنا	1.12
انبسطي	0.00
انبط	0.00
انبطاح	1.96
انبطح	2.33
انبعاث	3.18
انبعاج	2.11
انبعث	2.41
انبعج	0.00
انبغى	1.27
انبل	2.88
انبلاج	2.00
انبلج	1.57
انبلع	0.00
انبنى	1.71
انبهار	2.38
انبهت	0.00
انبهر	2.57
انبوب	3.89
انبوبة	3.24
انبوش	0.00
انبياء	3.11
انبيق	0.00
انة	3.37
انت	6.03
انتا	2.58
انتاب	1.86
انتاج	4.92
انتاجي	2.61
انتار	0.00
انتاى	0.00
انتباه	4.23
انتبذ	0.00
انتبه	4.12
انتثر	1.96
انتج	3.80
انتجاع	0.00
انتجب	0.00
انتجع	1.04
انتجف	0.00
انتجى	0.00
انتحاب	1.35
انتحار	4.03
انتحاري	3.66
انتحال	3.15
انتحب	1.83
انتحر	3.56
انتحس	0.00
انتحل	2.74
انتحلي	0.00
انتحى	1.87
انتخاب	4.33
انتخابي	3.13
انتخب	3.81
انتداب	2.83
انتدب	2.63
انتدى	0.00
انترنت	4.07
انتزاع	3.72
انتزع	3.21
انتساب	2.87
انتساخ	1.04
انتسال	0.00
انتسب	2.80
انتسبتم	0.00
انتسبتن	0.00
انتسبنا	0.00
انتسبي	0.00
انتسخ	0.00
انتسل	0.00
انتشاء	2.08
انتشار	4.76
انتشاق	0.00
انتشال	3.28
انتشر	4.17
انتشق	0.00
انتشل	2.28
انتشى	1.98
انتصاب	3.10
انتصار	4.30
انتصاف	2.22
انتصب	2.53
انتصت	0.00
انتصح	0.00
انتصر	3.72
انتصرتم	1.96
انتصرتن	0.00
انتصرنا	2.86
انتصري	0.00
انتصف	2.47
انتضح	0.00
انتطاح	0.00
انتطح	0.00
انتظار	4.57
انتظام	3.51
انتظر	4.45
انتظري	2.92
انتظم	2.57
انتظمي	0.00
انتعاش	3.36
انتعال	1.85
انتعش	2.52
انتعل	1.90
انتفاخ	3.34
انتفاش	0.00
انتفاض	1.83
انتفاضة	4.08
انتفاع	2.35
انتفخ	2.35
انتفختم	0.00
انتفختن	0.00
انتفخنا	0.00
انتفخي	0.00
انتفش	1.21
انتفض	2.90
انتفضتم	0.00
انتفضتن	0.00
انتفضنا	1.20
انتفضي	0.00
انتفع	2.42
انتفل	1.05
انتفى	1.92
انتقاء	3.31
انتقائي	2.74
انتقاد	3.95
انتقاص	2.71
انتقاض	1.69
انتقال	4.37
انتقالي	3.04
انتقام	3.76
انتقامي	3.04
انتقد	4.13
انتقش	0.00
انتقص	2.04
انتقض	1.97
انتقع	0.00
انتقل	4.54
انتقم	3.17
انتقمتم	0.00
انتقمتن	0.00
انتقمنا	1.93
انتقمي	0.00
انتقى	2.20
انتكاس	2.45
انتكاسة	3.17
انتكاص	0.00
انتكس	2.22
انتكص	0.00
انتم	4.74
انتما	2.79
انتماء	3.44
انتمى	2.88
انتن	2.70
انته	3.38
انتهاء	4.75
انتهاج	2.59
انتهاز	2.80
انتهازي	2.54
انتهاس	0.00
انتهاك	4.10
انتهب	1.25
انتهت	4.85
انتهج	2.53
انتهر	0.00
انتهز	3.09
انتهس	0.00
انتهض	1.20
انتهك	3.14
انتهى	4.72
انتهيتم	1.58
انتهيتن	0.00
انتهينا	3.48
انتو	3.54
انتوت	0.00
انتوى	1.64
انتويرب	2.47
انث	1.48
انثال	0.00
انثاه	2.48
انثقب	0.00
انثلم	1.04
انثن	0.00
انثناء	1.93
انثنت	1.55
انثنى	2.05
انثنيتم	0.00
انثنيتن	0.00
انثنينا	0.00
انثوي	2.90
انثى	4.32
انج	2.81
انجاب	3.54
انجاح	3.23
انجاد	2.31
انجاز	4.21
انجاس	1.90
انجال	2.07
انجب	3.42
انجبار	1.01
انجبذ	0.00
انجبر	1.08
انجبرتم	0.00
انجبرتن	0.00
انجبرنا	0.00
انجبري	0.00
انجح	3.68
انجحن	0.00
انجحوا	0.00
انجحي	1.23
انجد	1.83
انجدان	0.00
انجذاب	2.85
انجذام	0.00
انجذب	2.68
انجذر	0.00
انجذم	0.00
انجر	2.40
انجرار	1.01
انجراف	2.54
انجرة	1.99
انجرد	1.20
انجرف	2.35
انجز	3.79
انجزم	0.00
انجزي	0.00
انجس	2.34
انجع	2.24
انجف	0.00
انجل	3.31
انجلاء	1.80
انجلب	0.00
انجلترا	4.22
انجلى	2.38
انجليز	2.40
انجليزي	3.63
انجم	2.14
انجمع	0.00
انجمن	1.59
انجموا	0.00
انجمي	0.00
انجون	0.00
انجى	2.56
انجي	3.13
انجية	0.00
انجيل	3.55
انجيلي	2.43
انح	1.20
انحاء	5.09
انحاز	2.72
انحباس	2.19
انحبس	1.69
انحت	1.80
انحتات	0.00
انحتن	0.00
انحتوا	0.00
انحتي	0.00
انحجب	0.00
انحد	0.00
انحدار	3.34
انحدر	2.92
انحذف	1.20
انحراف	3.78
انحرف	3.09
انحرفتم	0.00
انحرفتن	0.00
انحرفنا	1.35
انحرفي	0.00
انحرق	1.56
انحس	1.32
انحسار	3.30
انحسام	0.00
انحسر	2.60
انحسم	1.25
انحصار	2.25
انحصر	2.57
انحط	2.26
انحطاط	3.15
انحطام	0.00
انحطم	0.00
انحف	2.73
انحقر	0.00
انحل	2.36
انحلاب	0.00
انحلال	2.96
انحلب	0.00
انحلي	0.00
انحمق	0.00
انحمل	0.00
انحملتم	0.00
انحملتن	0.00
انحملنا	0.00
انحملي	0.00
انحناء	3.27
انحنى	2.98
انحى	1.68
انحياز	3.09
انخاب	1.41
انخداع	1.29
انخدش	0.00
انخدع	2.38
انخذل	1.14
انخراط	2.72
انخراق	0.00
انخرام	0.00
انخرب	0.00
انخرط	3.08
انخرق	1.21
انخرم	0.00
انخساف	1.37
انخسف	0.00
انخض	0.00
انخفاض	4.48
انخفض	4.12
انخلاع	1.24
انخلع	2.07
انخناق	0.00
انخنث	0.00
انخنق	0.00
اند	3.76
انداء	0.00
انداب	0.00
انداد	1.78
اندب	1.95
اندباغ	0.00
اندبغ	0.00
اندثار	2.52
اندثر	2.66
اندحار	2.16
اندحر	1.76
اندر	3.18
اندراج	0.00
اندراس	1.34
اندراوس	2.32
اندرج	1.84
اندرس	2.42
اندس	1.89
اندساس	1.43
اندعس	0.00
اندف	0.00
اندفاع	3.24
اندفاعة	2.20
اندفاق	0.00
اندفان	0.00
اندفع	2.99
اندفق	0.00
اندفقتم	0.00
اندفقتن	0.00
اندفقنا	0.00
اندفقي	0.00
اندفن	1.43
اندق	1.31
اندقاق	0.00
اندك	1.09
اندلاع	4.29
اندلاق	0.00
اندلس	2.25
اندلسي	2.47
اندلسية	2.55
اندلع	3.61
اندلف	0.00
اندلق	1.29
اندم	3.71
اندماج	3.36
اندمال	1.49
اندمج	2.82
اندمر	0.00
اندمل	1.49
اندهاش	2.35
اندهش	2.47
اندوا	0.00
اندورا	2.81
اندون	1.21
اندى	2.17
اندي	2.85
انديانا	3.35
اندية	4.02
اندين	0.00
انديوم	1.43
انذار	4.06
انذاف	0.00
انذاك	4.43
انذال	2.16
انذر	2.97
انذعر	0.00
انذل	1.54
انذهل	0.00
انزاح	2.28
انزاز	0.00
انزاف	0.00
انزال	3.74
انزاه	0.00
انزجار	0.00
انزجر	0.00
انزر	0.00
انزرع	1.04
انزع	2.96
انزعاج	3.00
انزعاق	0.00
انزعج	2.91
انزعق	0.00
انزعن	0.00
انزعوا	1.90
انزعي	2.04
انزف	2.31
انزفن	0.00
انزفوا	0.00
انزفي	0.00
انزق	0.00
انزكان	2.43
انزل	4.37
انزلاق	3.17
انزلج	0.00
انزلق	2.59
انزلن	0.00
انزلوا	2.51
انزلي	2.64
انزو	2.35
انزواء	1.53
انزوت	1.22
انزوى	1.75
انزوي	1.26
انزويتم	0.00
انزويتن	0.00
انزوينا	0.00
انزياح	2.32
انزياغ	0.00
انزيم	2.91
انس	4.50
انساء	1.04
انساب	3.16
انساف	0.00
انساق	2.10
انسال	1.64
انسان	4.73
انساني	3.84
انسانية	4.37
انسب	3.43
انسباء	1.62
انسباك	0.00
انسبك	0.00
انسة	2.92
انستار	0.00
انستر	0.00
انسجام	3.18
انسجم	2.27
انسجن	1.20
انسحاب	4.12
انسحاق	1.50
انسحب	3.78
انسحبتم	0.00
انسحبتن	0.00
انسحبنا	2.03
انسحبي	1.27
انسحق	1.36
انسخ	2.80
انسخن	0.00
انسخوا	1.13
انسخي	1.63
انسد	1.89
انسداد	3.64
انسدال	1.67
انسدر	0.00
انسدل	0.00
انسراق	0.00
انسرب	0.00
انسرح	0.00
انسرق	1.73
انسطاح	0.00
انسطح	0.00
انسطل	0.00
انسف	1.35
انسفاك	0.00
انسفك	0.00
انسكاب	2.50
انسكب	2.26
انسل	2.44
انسلاخ	2.15
انسلال	1.49
انسلب	0.00
انسلت	1.71
انسلخ	1.98
انسلق	0.00
انسلك	0.00
انسلن	0.00
انسلوا	0.00
انسلى	0.00
انسلي	1.20
انسوا	3.27
انسولين	2.51
انسون	1.30
انسى	4.13
انسي	3.27
انسياب	2.78
انسياق	1.53
انسين	1.35
انشؤوا	1.93
انشئتم	0.00
انشئتن	0.00
انشئنا	1.38
انشئي	0.00
انشا	4.25
انشاء	5.06
انشائي	2.47
انشاتم	1.62
انشاتن	0.00
انشاد	2.87
انشاز	0.00
انشاط	0.00
انشال	0.00
انشان	1.32
انشانا	2.96
انشب	1.86
انشد	2.98
انشدخ	0.00
انشر	3.59
انشراح	2.69
انشرح	1.97
انشط	3.03
انشطة	4.43
انشطر	1.87
انشعاب	1.09
انشعب	1.04
انشغاف	0.00
انشغال	3.48
انشغف	0.00
انشغفتم	0.00
انشغفتن	0.00
انشغفنا	0.00
انشغفي	0.00
انشغل	3.23
انشغلتم	0.00
انشغلتن	0.00
انشغلنا	2.19
انشغلي	1.47
انشق	3.45
انشقاق	3.51
انشل	1.41
انشلال	0.00
انشمر	0.00
انشواء	0.00
انشودة	3.40
انشوطة	1.75
انشوى	0.00
انصاب	1.83
انصات	1.53
انصاح	0.00
انصار	4.44
انصاع	1.94
انصاف	3.35
انصب	2.75
انصباء	0.00
انصباب	1.77
انصبة	2.00
انصبن	0.00
انصت	3.42
انصتن	0.00
انصتوا	2.22
انصتي	1.88
انصح	3.79
انصحن	0.00
انصحوا	1.09
انصحي	1.39
انصداع	0.00
انصدع	1.01
انصر	2.82
انصراف	2.81
انصرام	1.11
انصرح	0.00
انصرع	0.00
انصرف	3.52
انصرفتم	0.00
انصرفتن	0.00
انصرفنا	1.44
انصرفي	1.69
انصرم	1.53
انصرن	0.00
انصروا	1.74
انصري	0.00
انصع	1.68
انصعق	0.00
انصف	2.43
انصفة	0.00
انصفق	0.00
انصفي	0.00
انصقل	0.00
انصل	0.00
انصلاح	0.00
انصلح	1.61
انصهار	2.82
انصهر	2.17
انصياع	1.78
انض	0.00
انضاء	0.00
انضاج	1.95
انضاد	0.00
انضاف	1.77
انضب	0.00
انضباط	3.03
انضبط	1.63
انضج	2.41
انضجع	0.00
انضح	0.00
انضخ	0.00
انضر	1.98
انضرب	1.85
انضرج	0.00
انضغط	1.20
انضفار	0.00
انضفر	0.00
انضم	4.50
انضمام	3.97
انضمت	4.12
انضمخ	0.00
انضمر	0.00
انضمم	1.10
انضممتم	0.00
انضممتن	0.00
انضممنا	1.61
انضموا	3.57
انضمي	2.21
انضواء	1.39
انضوى	1.97
انضى	0.00
انطاد	0.00
انطار	1.23
انطاع	0.00
انطاكي	1.40
انطاكية	3.10
انطاليا	3.07
انطباع	3.65
انطباعي	2.41
انطباق	2.42
انطبخ	0.00
انطبع	2.02
انطبق	2.14
انطرح	1.66
انطرحتم	0.00
انطرحتن	0.00
انطرحنا	0.00
انطرحي	0.00
انطرق	0.00
انطع	0.00
انطف	0.00
انطفؤوا	0.00
انطفئ	1.84
انطفئن	0.00
انطفئوا	0.00
انطفئي	0.00
انطفا	2.61
انطفاء	2.58
انطفاتم	0.00
انطفاتن	0.00
انطفان	0.00
انطفانا	0.00
انطق	3.11
انطلاء	0.00
انطلاق	4.43
انطلاقة	3.62
انطلب	0.00
انطلق	4.27
انطلى	1.57
انطلياس	1.91
انطماس	1.08
انطمس	0.00
انطواء	2.37
انطوائي	2.40
انطوى	2.75
انطى	0.00
انظار	3.72
انظام	0.00
انظر	5.33
انظرن	1.23
انظروا	3.90
انظري	2.92
انظف	2.98
انظلم	1.23
انظم	2.99
انظمة	4.61
انظمن	0.00
انظموا	1.82
انظمي	1.12
انظومة	0.00
انعاث	0.00
انعاش	3.25
انعام	2.58
انعت	1.60
انعتاق	1.80
انعتق	0.00
انعتل	0.00
انعث	0.00
انعجم	0.00
انعدام	4.09
انعدل	0.00
انعدم	2.56
انعدى	0.00
انعراج	1.14
انعرج	0.00
انعزال	2.26
انعزل	2.24
انعس	1.64
انعش	2.62
انعصب	0.00
انعصر	0.00
انعصم	0.00
انعطاف	2.66
انعطف	2.17
انعظ	0.00
انعظتم	0.00
انعظتن	0.00
انعظن	0.00
انعظنا	0.00
انعظوا	0.00
انعظي	0.00
انعفر	0.00
انعفق	0.00
انعقاد	3.95
انعقد	3.71
انعقدتم	0.00
انعقدتن	0.00
انعقدنا	0.00
انعقدي	0.00
انعقف	0.00
انعكاس	3.82
انعكس	3.51
انعكستم	0.00
انعكستن	0.00
انعكسنا	0.00
انعكسي	0.00
انعل	0.00
انعم	3.70
انعمل	1.08
انعملتم	0.00
انعملتن	0.00
انعملنا	0.00
انعملي	0.00
انعى	1.65
انغاض	0.00
انغام	3.57
انغرز	1.41
انغرس	1.86
انغسل	1.23
انغص	0.00
انغض	0.00
انغضف	0.00
انغط	0.00
انغلاق	2.66
انغلق	2.09
انغم	0.00
انغمار	1.63
انغمر	1.57
انغمس	2.50
انغمض	0.00
انغولا	3.36
انف	3.80
انفا	3.50
انفاذ	3.43
انفار	2.06
انفاس	3.43
انفاض	0.00
انفاق	3.88
انفال	1.86
انفاى	0.00
انفة	1.95
انفتاح	3.37
انفتح	3.02
انفتق	1.34
انفتل	1.12
انفث	1.78
انفجار	4.40
انفجر	3.59
انفجرتم	0.00
انفجرتن	0.00
انفجرنا	1.02
انفجري	0.00
انفحة	0.00
انفخ	2.43
انفخن	0.00
انفخوا	1.94
انفخي	1.11
انفد	1.36
انفدن	0.00
انفدوا	0.00
انفدي	0.00
انفذ	2.68
انفذن	0.00
انفذوا	1.12
انفذي	0.00
انفر	2.09
انفراج	2.96
انفراد	3.61
انفرادي	2.90
انفراط	1.82
انفرث	0.00
انفرج	1.33
انفرد	2.94
انفردتم	0.00
انفردتن	0.00
انفردنا	1.52
انفردي	0.00
انفرط	2.05
انفرق	0.00
انفرك	0.00
انفس	3.09
انفساح	0.00
انفساخ	0.00
انفسح	0.00
انفسخ	1.01
انفش	1.02
انفصاد	0.00
انفصال	3.96
انفصالي	2.60
انفصام	3.37
انفصد	0.00
انفصل	3.47
انفصلتم	0.00
انفصلتن	0.00
انفصلنا	2.02
انفصلي	0.00
انفصم	0.00
انفض	2.65
انفضح	2.16
انفطار	1.75
انفطام	0.00
انفطر	2.27
انفطرتم	0.00
انفطرتن	0.00
انفطرنا	0.00
انفطري	0.00
انفطم	0.00
انفع	3.04
انفعال	2.95
انفعالي	2.60
انفعل	2.50
انفعلتم	0.00
انفعلتن	0.00
انفعلنا	0.00
انفعلي	0.00
انفعن	0.00
انفعوا	0.00
انفعي	0.00
انفغر	0.00
انفق	3.62
انفقا	0.00
انفقص	0.00
انفقع	0.00
انفك	2.89
انفكاك	1.93
انفل	0.00
انفلات	2.99
انفلاق	1.59
انفلت	2.35
انفلج	0.00
انفلق	1.47
انفهق	0.00
انفوا	0.00
انفون	0.00
انفى	1.98
انفي	2.36
انفين	0.00
انق	1.98
انقاء	0.00
انقاب	1.50
انقاد	2.25
انقادت	1.70
انقادوا	1.38
انقادي	0.00
انقاذ	4.47
انقاس	0.00
انقاص	3.26
انقاض	3.72
انقاف	0.00
انقب	1.83
انقباض	3.04
انقبض	2.17
انقبع	0.00
انقح	0.00
انقد	2.00
انقدتم	0.00
انقدتن	0.00
انقدن	0.00
انقدنا	0.00
انقذ	3.68
انقذف	0.00
انقذي	1.59
انقرؤوا	0.00
انقرئ	0.00
انقرئن	0.00
انقرئوا	0.00
انقرئي	0.00
انقرا	0.00
انقراتم	0.00
انقراتن	0.00
انقراض	2.95
انقران	0.00
انقرانا	0.00
انقرة	3.99
انقرديا	0.00
انقرض	2.80
انقرضتم	0.00
انقرضتن	0.00
انقرضنا	0.00
انقرضي	0.00
انقسام	3.81
انقسم	3.10
انقشار	0.00
انقشاع	1.89
انقشر	0.00
انقشع	2.20
انقص	2.67
انقصاف	0.00
انقصام	0.00
انقصف	0.00
انقصم	0.00
انقصن	0.00
انقصوا	0.00
انقصي	0.00
انقض	2.78
انقضاء	3.44
انقضاض	2.47
انقضت	3.33
انقضى	3.29
انقضي	1.76
انقضيتم	0.00
انقضيتن	0.00
انقضينا	0.00
انقطاع	4.29
انقطع	3.81
انقطعتم	0.00
انقطعتن	0.00
انقطعنا	1.68
انقطعي	0.00
انقع	1.36
انقعة	0.00
انقعر	0.00
انقفل	0.00
انقل	3.54
انقلاب	4.38
انقلاع	1.24
انقلب	3.68
انقلبتم	1.84
انقلبتن	0.00
انقلبنا	1.38
انقلبي	0.00
انقلع	2.58
انقلن	0.00
انقلوا	2.09
انقلي	2.10
انقليز	0.00
انقليزي	0.00
انقليس	1.97
انقه	0.00
انقى	3.03
انقياء	2.40
انقياد	1.49
انقيد	0.00
انك	5.26
انكاث	0.00
انكاد	1.37
انكار	3.91
انكال	1.04
انكب	2.51
انكباب	0.00
انكبت	1.88
انكبس	0.00
انكتب	1.88
انكتبتم	0.00
انكتبتن	0.00
انكتبنا	0.00
انكتبي	0.00
انكتم	0.00
انكثب	0.00
انكح	1.84
انكد	1.59
انكدر	0.00
انكر	3.97
انكرب	0.00
انكربتم	0.00
انكربتن	0.00
انكربنا	0.00
انكربي	0.00
انكس	1.32
انكسار	3.34
انكساف	0.00
انكسر	3.30
انكسرتم	0.00
انكسرتن	0.00
انكسرنا	1.20
انكسري	0.00
انكسف	1.29
انكسن	0.00
انكسوا	0.00
انكسي	0.00
انكشاري	0.00
انكشاف	3.09
انكشف	3.21
انكشفتم	0.00
انكشفتن	0.00
انكشفنا	1.48
انكشفي	0.00
انكف	0.00
انكفا	1.50
انكفت	0.00
انكفف	0.00
انكففتم	0.00
انكففتن	0.00
انكففنا	0.00
انكفوا	0.00
انكفي	0.00
انكل	1.98
انكلترا	3.48
انكلترة	1.50
انكلية	0.00
انكماش	2.98
انكمش	2.28
انم	2.58
انما	4.92
انماء	2.70
انمار	2.53
انماط	4.01
انماع	0.00
انمحاء	0.00
انمحص	0.00
انمحق	0.00
انمحى	1.78
انمر	1.04
انمس	0.00
انمش	0.00
انمص	0.00
انملة	2.65
انملخ	0.00
انموا	1.04
انموذج	2.52
انمون	0.00
انمى	1.40
انمي	4.08
انمين	0.00
انه	6.19
انهاء	4.57
انهار	3.79
انهاس	0.00
انهاض	1.61
انهاك	2.36
انهال	2.29
انهب	1.24
انهباط	0.00
انهبط	0.00
انهت	3.91
انهتك	0.00
انهج	1.52
انهجم	0.00
انهد	1.57
انهداد	0.00
انهدام	1.61
انهدم	2.09
انهر	2.21
انهرس	0.00
انهز	0.00
انهزام	2.51
انهزل	0.00
انهزم	3.30
انهزمتم	1.04
انهزمتن	0.00
انهزمنا	1.95
انهزمي	0.00
انهشم	0.00
انهض	2.62
انهضام	0.00
انهضم	0.00
انهك	2.64
انهل	1.54
انهلال	0.00
انهلك	0.00
انهمار	1.92
انهماك	1.90
انهمر	2.42
انهمز	0.00
انهمك	2.26
انهوى	1.01
انهى	4.12
انهيار	4.42
انهيال	1.04
انو	4.22
انوا	2.00
انواء	1.39
انوار	3.58
انواع	5.05
انواق	0.00
انوال	2.46
انوثة	2.87
انور	4.14
انوطة	0.00
انوف	2.87
انوق	0.00
انووا	0.00
انوى	1.84
انوي	2.95
انوين	0.00
انى	3.91
اني	5.13
انيا	2.55
انياب	3.08
انيار	0.00
انية	3.23
انيتا	3.55
انيتم	0.00
انيتما	0.00
انيتن	0.00
انيرت	1.32
انيري	1.38
انيس	3.72
انيسون	0.00
انيق	3.84
انيمت	0.00
انيمي	2.53
انيميا	2.62
انين	3.16
انينا	2.20
انيون	1.76
اهاب	2.53
اهات	3.00
اهاج	1.26
اهاجي	0.00
اهازيج	2.67
اهال	1.61
اهالك	0.00
اهالي	4.47
اهاليل	0.00
اهان	3.08
اهانة	4.08
اهانت	2.12
اهانوا	2.24
اهاون	0.00
اهب	2.35
اهباء	0.00
اهباط	0.00
اهبة	3.11
اهبر	0.00
اهبرن	0.00
اهبروا	0.00
اهبري	0.00
اهبط	2.53
اهبل	2.60
اهة	1.80
اهتاج	1.05
اهتبل	0.00
اهتجر	0.00
اهتداء	1.99
اهتدى	3.03
اهترا	1.31
اهتز	2.98
اهتزاز	3.18
اهتزع	0.00
اهتل	0.00
اهتلك	0.00
اهتم	4.21
اهتمام	4.57
اهتمت	3.61
اهتمم	1.17
اهتممتم	0.00
اهتممتن	0.00
اهتممنا	1.72
اهتموا	3.20
اهتمي	2.77
اهتياج	1.76
اهجر	2.56
اهجري	0.00
اهجم	1.98
اهجمن	0.00
اهجموا	1.49
اهجمي	0.00
اهجية	0.00
اهد	2.33
اهدا	2.79
اهداء	3.74
اهداب	2.64
اهدار	3.53
اهداف	4.86
اهدام	0.00
اهدب	1.84
اهدر	3.15
اهدف	2.45
اهدفتم	0.00
اهدفتن	0.00
اهدفن	0.00
اهدفنا	0.00
اهدفوا	0.00
اهدفي	0.00
اهدل	0.00
اهدوا	1.63
اهدى	3.30
اهدي	2.65
اهدين	0.00
اهذار	0.00
اهذب	1.42
اهذر	0.00
اهر	1.78
اهرا	0.00
اهراء	0.00
اهراق	1.74
اهرام	2.52
اهرب	3.42
اهربن	0.00
اهربوا	2.11
اهربي	1.97
اهرج	1.62
اهرع	1.97
اهرف	0.00
اهرق	0.00
اهرم	1.45
اهرورق	0.00
اهزاج	0.00
اهزل	0.00
اهزم	2.65
اهزمن	0.00
اهزموا	1.44
اهزمي	0.00
اهزوجة	2.09
اهضل	0.00
اهل	5.25
اهلا	4.28
اهلاك	2.20
اهلال	1.06
اهلب	1.67
اهلة	2.15
اهلك	3.81
اهلي	4.12
اهلية	4.08
اهليجي	1.13
اهليلج	0.00
اهليلجي	1.34
اهم	5.22
اهما	0.00
اهمال	3.78
اهمالا	2.51
اهمام	0.00
اهمد	0.00
اهمل	3.26
اهملي	0.00
اهمم	1.47
اهممن	0.00
اهمي	1.29
اهمية	5.11
اهواء	3.04
اهواز	1.89
اهوال	2.89
اهوج	1.93
اهوس	1.18
اهون	3.35
اهوى	3.10
اهى	2.07
اهياق	0.00
اهيف	1.53
اهيق	0.00
اهيم	2.64
اهينت	1.96
اهيني	0.00
اوائل	4.53
اواب	3.05
اوابد	1.64
اواتي	0.00
اواثق	0.00
اواثم	0.00
اواجه	3.70
اواخر	4.65
اوار	1.81
اوازن	1.40
اواسط	3.54
اواسع	0.00
اواسف	0.00
اواسم	0.00
اواسن	0.00
اواصر	2.87
اواضح	0.00
اواعر	0.00
اواعي	1.04
اوافك	0.00
اوافل	0.00
اوافى	0.00
اواق	2.29
اواقي	0.00
اوال	2.71
اوالى	0.00
اوالي	1.68
اوامر	4.35
اوامن	0.00
اوان	3.33
اوانئذ	0.00
اوانذاك	0.00
اوانس	1.20
اواني	3.14
اواه	2.41
اواهل	0.00
اواهي	0.00
اواوين	1.04
اوب	2.83
اوبئة	2.55
اوبا	2.82
اوبار	2.07
اوباش	2.23
اوباما	4.51
اوبة	1.67
اوبتم	0.00
اوبتن	0.00
اوبثكية	0.00
اوبر	3.30
اوبرا	3.70
اوبق	0.00
اوبنا	0.00
اوبى	0.00
اوبي	3.06
اوت	3.65
اوتاد	2.58
اوتار	3.53
اوتاوا	3.24
اوتد	1.09
اوتر	2.97
اوتري	1.82
اوتمم	0.00
اوتنة	0.00
اوتوا	3.24
اوتى	1.62
اوتي	3.38
اوتيتم	2.41
اوتيتن	0.00
اوتيل	2.57
اوتين	1.23
اوتينا	2.54
اوثان	2.27
اوثب	0.00
اوثر	2.41
اوثرة	0.00
اوثرتم	0.00
اوثرتن	0.00
اوثرن	0.00
اوثرنا	0.00
اوثروا	0.00
اوثف	0.00
اوثق	3.41
اوج	3.63
اوجار	1.77
اوجاع	3.10
اوجال	0.00
اوجام	0.00
اوجب	3.07
اوجبي	0.00
اوجد	3.53
اوجدي	0.00
اوجر	1.41
اوجرتم	0.00
اوجرتن	0.00
اوجرن	0.00
اوجرنا	0.00
اوجروا	0.00
اوجز	2.62
اوجس	1.72
اوجع	2.28
اوجف	0.00
اوجل	1.56
اوجه	4.18
اوجهن	0.00
اوجهوا	0.00
اوجهي	0.00
اوحال	1.84
اوحج	0.00
اوحد	2.73
اوحش	2.15
اوحل	0.00
اوحى	3.18
اوخذ	1.19
اوخذتم	0.00
اوخذتن	0.00
اوخذن	0.00
اوخذنا	0.00
اوخذوا	0.00
اود	4.46
اوداج	0.00
اودع	3.37
اودعي	0.00
اوده	2.59
اودهي	0.00
اودى	3.45
اودية	3.11
اوديسا	3.57
اوذام	0.00
اور	3.16
اوراب	0.00
اوراسيا	3.37
اوراع	0.00
اوراق	4.63
اوراك	1.86
اورال	2.28
اورام	3.41
اورانوس	2.75
اورانيا	1.08
اورب	1.70
اورت	2.26
اورث	2.25
اورثي	0.00
اورد	3.67
اوردة	2.77
اورس	2.28
اورسالم	1.01
اورشليم	3.37
اورط	2.65
اورطى	0.00
اورع	1.81
اورعا	0.00
اورعن	0.00
اورعوا	0.00
اورعي	0.00
اورف	1.20
اورق	2.23
اورك	2.20
اورم	2.41
اوروبا	5.13
اوروبي	3.53
اورى	1.87
اوريغون	3.11
اوز	1.81
اوزار	2.25
اوزاغ	0.00
اوزان	3.31
اوزبك	1.39
اوزبكي	2.00
اوزة	2.19
اوزر	1.53
اوزع	2.40
اوزميوم	0.00
اوزن	2.06
اوزون	2.24
اوزي	0.00
اوساخ	2.57
اوساط	3.93
اوساق	0.00
اوساكا	3.03
اوسان	2.23
اوسخ	2.40
اوسر	0.00
اوسرن	0.00
اوسروا	0.00
اوسري	0.00
اوسط	3.00
اوسع	4.39
اوسق	2.21
اوسم	2.36
اوسمة	3.00
اوسية	0.00
اوشحة	2.17
اوشق	0.00
اوشك	3.17
اوشم	0.00
اوشى	0.00
اوصاب	0.00
اوصاف	3.29
اوصال	2.72
اوصد	2.06
اوصف	2.42
اوصل	3.52
اوصلي	0.00
اوصى	3.70
اوصياء	2.56
اوضاح	0.00
اوضاع	4.18
اوضح	4.55
اوضخ	0.00
اوضع	2.51
اوضف	0.00
اوضياء	0.00
اوطا	1.76
اوطاب	0.00
اوطار	0.00
اوطان	3.17
اوطب	0.00
اوطسة	0.00
اوطن	0.00
اوظفة	0.00
اوعال	0.00
اوعب	0.00
اوعد	2.31
اوعر	1.16
اوعز	2.51
اوعك	1.39
اوعى	2.53
اوعية	3.36
اوغاد	2.44
اوغاريت	2.40
اوغال	0.00
اوغر	1.90
اوغل	2.22
اوغندا	3.95
اوفت	2.32
اوفد	2.54
اوفر	3.78
اوفرن	0.00
اوفروا	0.00
اوفري	0.00
اوفض	0.00
اوفق	2.55
اوفى	3.29
اوفياء	3.04
اوق	1.60
اوقات	4.48
اوقار	0.00
اوقاف	3.17
اوقد	2.78
اوقر	1.67
اوقظ	1.12
اوقظتم	0.00
اوقظتن	0.00
اوقظن	0.00
اوقظنا	0.00
اوقظوا	0.00
اوقظي	0.00
اوقع	3.37
اوقعي	0.00
اوقف	4.09
اوقفي	1.72
اوقنتم	0.00
اوقنتن	0.00
اوقنوا	0.00
اوقى	1.10
اوقية	3.43
اوكار	2.87
اوكان	2.12
اوكب	0.00
اوكد	2.51
اوكراني	2.50
اوكس	3.11
اوكل	3.06
اوكلتم	0.00
اوكلتن	0.00
اوكلن	0.00
اوكلنا	1.25
اوكلوا	1.61
اول	5.69
اولا	5.12
اولاد	4.57
اولت	2.93
اولج	1.71
اولد	3.55
اولدي	1.46
اولع	2.30
اولل	0.00
اولمبي	3.40
اولمتم	0.00
اولمتن	0.00
اولمن	1.41
اولمنا	0.00
اولموا	0.00
اولون	1.52
اولوي	1.54
اولوية	3.98
اولى	4.73
اولي	4.09
اولياء	4.12
اولية	3.96
اوما	2.24
اومر	1.98
اومرتم	0.00
اومرتن	0.00
اومرن	0.00
اومرنا	0.00
اومروا	0.00
اومض	1.01
اومم	0.00
اون	4.38
اونة	1.73
اونسة	1.44
اونصة	2.92
اونوا	0.00
اونى	1.01
اونيا	1.63
اونيتا	0.00
اونيتم	0.00
اونيتما	0.00
اونيتن	0.00
اونين	1.08
اونينا	0.00
اوه	3.83
اوهام	3.48
اوهايو	3.66
اوهب	0.00
اوهج	0.00
اوهد	1.31
اوهق	0.00
اوهم	2.58
اوهن	2.45
اوهنوا	0.00
اوهني	0.00
اوهى	1.35
اوو	2.37
اووى	0.00
اوى	3.11
اوي	3.61
اويغور	1.20
اويغوري	1.10
ايا	4.50
ايائل	1.58
اياب	3.07
اياد	3.71
ايادي	3.48
ايار	4.52
اياس	2.30
اياسر	0.00
اياك	4.13
ايالة	1.68
ايام	5.41
ايامن	1.32
ايامى	2.05
ايامين	0.00
ايان	3.24
ايانا	2.81
ايانما	0.00
اياه	4.67
اياهما	2.38
اياي	2.74
ايب	2.47
ايباس	0.00
ايبس	1.58
ايبيزا	2.53
اية	4.69
ايتام	3.47
ايتم	1.49
ايتها	3.96
ايثار	2.68
ايجاب	2.27
ايجابي	4.16
ايجابية	4.47
ايجاد	4.79
ايجار	3.60
ايجاز	2.54
ايحاء	2.70
ايحد	0.00
ايحدن	0.00
ايحدوا	0.00
ايحدي	0.00
ايد	3.77
ايداع	3.42
ايداهو	2.49
ايدد	0.00
ايددن	0.00
ايدز	2.73
ايدع	0.00
ايدى	3.04
ايدي	4.43
ايذاء	3.64
ايذان	1.68
اير	2.92
ايراد	2.85
ايراق	0.00
ايران	5.50
ايراني	4.31
ايرع	0.00
ايرعا	0.00
ايرعن	0.00
ايرعوا	0.00
ايرعي	0.00
ايرلندا	3.61
ايرن	1.97
ايروسول	0.00
ايس	3.27
ايسار	1.50
ايسر	3.63
ايسلندا	3.93
ايصاف	0.00
ايصال	4.03
ايض	2.59
ايضا	6.20
ايضاح	3.18
ايضي	1.86
ايطاء	0.00
ايطالي	3.62
ايطاليا	4.58
ايطالية	3.73
ايعاز	1.85
ايفاء	2.28
ايفاع	0.00
ايفع	1.22
ايقاظ	3.19
ايقاع	3.80
ايقاعي	2.45
ايقظ	3.06
ايقظتم	0.00
ايقظتن	0.00
ايقظن	0.00
ايقظنا	1.97
ايقظوا	0.00
ايقظي	1.15
ايقن	2.98
ايقنتم	0.00
ايقنتن	0.00
ايقني	0.00
ايقونة	3.62
ايقوني	1.50
ايك	2.82
ايكة	1.73
ايل	2.88
ايلاف	2.69
ايلول	4.55
ايليا	3.67
ايلياء	1.87
ايليريا	1.99
ايم	2.38
ايما	3.51
ايمان	4.25
ايمة	1.01
ايمن	4.29
ايموجي	2.22
اين	5.11
ايناس	3.38
اينع	1.61
اينما	4.39
ايها	5.14
ايهام	2.49
ايهقان	0.00
ايهم	3.38
ايوا	3.71
ايواء	3.31
ايوان	2.66
ايوب	4.21
ايوبي	2.02
ايون	3.13
ايونية	0.00
بؤبؤ	2.71
بؤر	2.75
بؤرة	3.55
بؤري	2.32
بؤس	3.45
بؤستم	0.00
بؤستن	0.00
بؤسن	0.00
بؤسنا	1.78
بؤسوا	0.00
بؤل	0.00
بئر	4.15
بئس	3.33
بئستم	0.00
بئستن	0.00
بئسما	1.42
بئسن	0.00
بئسنا	0.00
بئسوا	0.00
بئيس	1.91
باء	3.46
بائت	2.55
بائخ	0.00
بائد	1.99
بائر	0.00
بائس	3.49
بائع	4.03
بائن	1.97
باب	5.13
بابا	4.66
بابل	3.87
بابلي	2.48
بابوات	1.72
بابوج	0.00
بابونج	2.20
بابوي	2.05
بات	4.52
باتت	4.21
باتر	2.64
باتوا	3.47
باث	3.14
باج	3.22
باجة	2.64
باجح	0.00
باح	2.53
باحة	3.35
باحت	2.30
باحث	4.04
باحثتم	0.00
باحثتن	0.00
باحثنا	1.18
باحثي	2.53
باحوا	0.00
باخ	3.10
باخر	3.17
باخرة	3.11
باخس	0.00
باخوم	2.03
باد	3.97
بادئ	3.70
بادا	0.00
بادر	3.91
بادرة	3.53
بادع	0.00
بادل	2.32
بادلتم	0.00
بادلتن	0.00
بادلنا	1.26
بادلي	1.77
بادن	2.97
بادى	2.19
بادي	3.67
بادية	3.37
باذ	2.01
باذخ	2.51
باذر	0.00
باذروج	0.00
باذل	1.69
باذنجان	2.55
بار	4.16
بارئ	1.60
بارا	3.85
بارت	3.51
بارجة	2.69
بارح	1.91
بارد	4.32
باردة	4.00
بارز	4.15
بارزد	0.00
بارص	0.00
بارع	3.54
بارق	3.23
بارك	4.72
بارم	1.73
باروا	1.76
بارود	3.05
بارودة	1.63
باروق	0.00
باروكة	2.40
بارون	3.41
بارونية	0.00
بارى	2.17
باري	4.31
باريتم	0.00
باريتن	0.00
باريس	4.98
باريسي	2.52
بارينا	1.58
باريوم	1.95
باز	4.02
بازار	3.36
بازغ	0.00
بازق	1.06
بازل	3.42
بازلاء	2.08
بازلت	1.76
بازنقر	0.00
بازهر	0.00
بازوكة	0.00
باس	4.37
باساء	1.24
باست	2.54
باستا	2.80
باسر	1.96
باسرة	1.95
باسط	2.61
باسق	1.33
باسل	3.79
باسم	5.38
باسوا	1.39
باسور	1.50
باش	3.61
باشا	4.22
باشر	3.30
باشرتم	0.00
باشرتن	0.00
باشرنا	1.85
باشري	1.81
باشق	1.23
باشقي	0.00
باشقية	0.00
باشوات	1.60
باشوي	0.00
باص	3.80
باصر	0.00
باصق	0.00
باصم	1.33
باض	1.88
باضع	1.26
باط	1.84
باطا	0.00
باطح	0.00
باطر	0.00
باطس	0.00
باطش	1.19
باطل	3.70
باطلا	3.50
باطن	3.67
باطني	2.89
باطنية	2.85
باطية	0.00
باظ	1.83
باع	4.03
باعة	2.85
باعت	3.50
باعث	3.03
باعد	2.87
باعر	0.00
باعوا	3.27
باغ	3.29
باغت	2.33
باغض	1.01
باغي	2.97
باق	3.76
باقة	3.90
باقر	3.69
باقلاء	1.17
باقول	1.79
باقي	4.90
باقية	3.84
باك	4.31
باكر	3.77
باكرة	2.33
باكستان	4.68
باكم	1.23
باكو	3.88
باكور	1.62
باكورة	2.96
باكوي	0.00
باكي	2.99
باكيات	1.63
بال	4.52
بالاو	2.66
بالة	2.34
بالت	2.37
بالتسي	0.00
بالستي	2.57
بالع	2.01
بالعكس	4.07
بالغ	4.28
بالغتم	1.15
بالغتن	0.00
بالغنا	2.18
بالغي	2.11
بالفعل	5.18
بالكاد	4.15
بالوعة	2.75
بالون	3.44
بالى	2.92
بالي	4.14
باليتم	1.88
باليتن	0.00
بالينا	1.47
باليه	3.31
باماكو	3.36
باميا	1.34
بامية	2.41
بان	4.86
بانت	3.13
بانثيون	1.95
باندا	3.63
بانزين	1.75
بانغي	2.51
بانكوك	3.79
بانوا	1.80
باني	3.67
بانيات	1.55
باه	3.01
باهة	0.00
باهت	3.29
باهج	0.00
باهر	3.41
باهظ	3.43
باهل	2.57
باهى	1.95
باى	3.72
باي	4.47
بايثون	2.77
بايع	3.27
ببر	2.74
ببري	1.77
ببرية	1.45
ببغاء	3.16
ببغاءات	0.00
ببغاوات	2.18
ببنودة	0.00
ببور	1.87
بتؤدة	1.92
بتا	2.51
بتات	1.95
بتاتا	3.72
بتار	1.98
بتة	1.85
بتتة	0.00
بتر	3.48
بتراء	1.85
بتراوات	0.00
بترة	0.00
بترول	3.46
بتصرف	3.41
بتع	1.54
بتك	2.38
بتل	2.70
بتلة	2.32
بتم	2.60
بتنا	2.99
بتوت	1.71
بتول	3.01
بتولا	2.13
بتولية	2.13
بتيل	1.91
بثا	2.75
بثاث	0.00
بثثة	0.00
بثر	1.79
بثرة	2.35
بثط	0.00
بثع	0.00
بثق	2.28
بثن	0.00
بثينة	3.34
بجاح	0.00
بجادي	0.00
بجانب	4.86
بجاوي	1.68
بجح	1.38
بجحة	0.00
بجد	4.52
بجر	2.62
بجراء	1.26
بجران	0.00
بجراوات	0.00
بجرة	2.32
بجس	1.79
بجع	2.09
بجعة	2.48
بجعيات	0.00
بجل	2.35
بجم	1.95
بجوار	4.35
بجول	1.78
بجيش	3.46
بحابيح	0.00
بحاث	1.38
بحاح	2.96
بحار	3.78
بحارة	3.17
بحبح	2.04
بحبوح	1.38
بحبوحة	2.03
بحة	2.64
بحت	3.59
بحتم	1.23
بحتن	0.00
بحث	4.86
بحثة	1.77
بحثر	0.00
بحر	4.62
بحران	2.20
بحراني	2.27
بحرتم	0.00
بحرتن	0.00
بحرنا	2.09
بحري	4.02
بحرية	4.73
بحرين	2.94
بحريني	3.76
بحز	1.66
بحسب	5.03
بحش	1.43
بحن	1.61
بحنا	0.00
بحوث	3.97
بحور	3.22
بحيرة	4.36
بخا	1.68
بخاخ	3.21
بخار	3.55
بخارى	3.38
بخاري	3.46
بخاشيش	0.00
بخانق	1.21
بخت	3.02
بختري	1.15
بخر	2.23
بخز	0.00
بخس	3.09
بخشيش	2.00
بخص	1.75
بخع	0.00
بخق	1.34
بخل	2.93
بخلاء	2.41
بخن	0.00
بخنق	2.39
بخوت	0.00
بخور	3.15
بخير	5.08
بخيل	3.30
بدء	4.84
بدؤوا	3.35
بدئ	2.84
بدئتم	0.00
بدئتن	0.00
بدئن	0.00
بدئنا	1.85
بدئوا	2.55
بدا	5.43
بداءة	1.83
بدائع	2.78
بدائل	3.80
بدائه	1.51
بدائي	3.35
بداة	0.00
بداتم	2.45
بداتن	0.00
بداشقان	0.00
بدال	2.72
بدان	2.60
بدانا	4.19
بدانة	2.59
بداهة	2.20
بداوة	1.91
بداية	5.35
بدت	4.29
بدح	1.18
بدخ	0.00
بدد	2.72
بدر	4.68
بدرة	2.61
بدس	2.34
بدع	3.07
بدعة	3.45
بدعي	2.11
بدغ	0.00
بدل	4.64
بدلا	5.19
بدلاء	2.81
بدلة	3.47
بدلي	2.30
بدليس	1.30
بدن	3.30
بدنة	2.11
بدني	3.42
بده	2.71
بدهي	1.29
بدو	3.93
بدوتم	0.00
بدوتن	0.00
بدور	4.54
بدون	5.63
بدونا	1.62
بدوي	3.94
بدي	3.92
بديع	3.99
بديعة	3.46
بديعي	1.16
بديل	4.49
بدين	3.57
بديه	1.62
بديهة	2.48
بديهي	3.06
بديهية	3.00
بذؤ	0.00
بذئ	1.93
بذا	2.62
بذاء	1.09
بذاءة	2.42
بذاخ	0.00
بذار	1.67
بذال	1.04
بذج	0.00
بذح	0.00
بذخ	2.21
بذخة	0.00
بذر	2.99
بذرة	3.70
بذريات	0.00
بذع	0.00
بذل	4.07
بذلة	2.88
بذم	1.93
بذو	1.96
بذور	3.91
بذيء	2.72
بذيئة	3.27
برؤ	0.00
برئ	3.42
برا	3.75
براء	3.41
براءة	4.23
برائز	0.00
برائل	0.00
برابخ	0.00
برابر	1.80
برابرة	2.39
براة	1.21
براتا	1.74
براثن	3.32
براجل	0.00
براح	2.34
براد	3.79
برادة	2.84
برادع	0.00
براذين	0.00
براري	2.73
براز	3.14
برازخ	1.09
برازيات	0.00
برازيل	2.64
برازيلي	4.13
براشوت	1.35
براشيم	1.53
براطل	0.00
براطيل	0.00
براع	1.58
براعة	3.37
براعم	3.34
براعيم	0.00
براغ	3.52
براغي	2.80
براغيث	2.16
براق	3.16
براقع	1.42
براكة	2.10
براكين	3.03
برام	3.13
برامج	5.04
براميل	3.46
برانس	2.38
براني	2.59
براهمة	1.89
براهين	2.99
براويز	1.99
برايا	2.51
براية	2.54
براين	3.79
بربادوس	3.16
بربارة	2.30
برباريس	0.00
بربخ	1.72
بربر	2.82
بربري	3.30
بربرية	3.13
بربير	1.05
برة	3.41
برت	3.18
برتغال	1.88
برتغالي	2.71
برتقال	3.18
برتقالي	3.36
برتقاني	0.00
برتم	1.59
برتن	2.10
برث	1.57
برثن	0.00
برج	4.66
برجتم	0.00
برجتن	0.00
برجد	0.00
برجل	3.84
برجمة	1.45
برجن	1.32
برجنا	1.20
برجوا	1.09
برجوازي	2.26
برح	2.58
برحة	1.66
برحى	1.01
برد	4.11
بردان	2.62
بردة	3.25
بردزبة	0.00
بردعة	1.59
بردي	2.84
برذعة	1.67
برذن	0.00
برذون	1.35
برر	3.29
بررة	2.18
برز	3.75
برزة	3.03
برزتم	0.00
برزتن	0.00
برزخ	2.88
برزن	1.73
برزنا	0.00
برزوا	2.53
برزى	0.00
برزين	0.00
برس	4.28
برسيم	2.42
برش	3.29
برشاء	0.00
برشام	2.19
برشان	0.00
برشاوات	0.00
برشلوني	2.22
برشم	2.39
برشومي	0.00
برشيد	2.78
برص	2.75
برصاء	1.17
برصاوات	0.00
برصى	0.00
برض	1.60
برطال	1.12
برطانية	0.00
برطل	1.47
برطمان	2.53
برطيل	0.00
برع	3.19
برعة	1.14
برعم	2.85
برعمة	0.00
برعوم	0.00
برغ	1.94
برغز	1.17
برغش	2.34
برغشة	0.00
برغل	2.22
برغوث	2.65
برغي	2.55
برق	3.56
برقة	3.47
برقتم	0.00
برقتن	0.00
برقش	1.74
برقع	2.49
برقعي	0.00
برقن	1.23
برقنا	0.00
برقوا	0.00
برقوق	2.67
برقية	3.67
برك	3.44
بركار	0.00
بركان	3.86
بركاني	2.72
بركة	4.28
بركتم	0.00
بركتن	0.00
بركري	0.00
بركن	2.71
بركنا	0.00
بركوا	0.00
بركي	2.05
برلمان	3.95
برلماني	3.58
برلين	4.49
برم	2.36
برمائي	2.34
برمة	2.09
برمج	2.55
برمجة	3.97
برمجيات	4.29
برمجية	3.64
برميل	4.04
برن	3.15
برنا	2.27
برنابا	2.66
برنامج	5.43
برنج	1.64
برنس	3.51
برنو	2.19
برنوف	0.00
برني	2.56
برنية	1.61
برنيطة	1.06
برنيق	1.60
بره	3.50
برهان	3.84
برهة	3.10
برهن	3.15
برهنة	2.23
برو	3.94
برواز	2.51
بروتون	2.98
بروتين	3.66
بروج	3.08
برود	3.40
برودة	3.65
بروز	3.59
بروستات	1.84
بروق	2.52
بروكسل	3.85
بروم	3.03
بروناي	3.45
برونز	2.60
برى	3.11
بري	4.22
بريء	3.93
برية	3.77
بريد	4.38
بريدي	3.64
بريطاني	3.89
بريق	3.54
بريم	3.13
بريمة	2.25
برينة	0.00
بزا	1.26
بزائم	0.00
بزاة	0.00
بزار	1.79
بزاز	3.41
بزازة	1.35
بزاق	2.11
بزاقة	0.00
بزال	1.57
بزبز	0.00
بزة	2.72
بزج	1.85
بزخ	0.00
بزر	3.22
بزع	1.35
بزغ	2.72
بزق	2.00
بزقة	0.00
بزل	2.39
بزم	1.21
بزموت	0.00
بزور	2.22
بزي	3.52
بزيم	0.00
بزيمة	0.00
بزيون	0.00
بسئ	0.00
بسا	0.00
بسائط	1.60
بساتين	3.50
بسار	1.18
بساط	3.29
بساطة	4.06
بسال	1.86
بسالة	2.57
بسام	3.82
بسباس	1.90
بسبايج	0.00
بسبب	5.80
بستان	3.83
بستاني	2.99
بستر	2.80
بستنة	1.97
بستوقة	0.00
بسد	2.97
بسر	3.36
بسرة	1.85
بسط	3.69
بسطاء	2.91
بسطة	2.67
بسطن	0.00
بسطى	0.00
بسق	1.32
بسكة	2.15
بسكرة	2.97
بسكويت	3.29
بسل	1.88
بسلاف	0.00
بسلة	2.74
بسم	4.22
بسمة	3.71
بسمل	1.98
بسملة	2.14
بسيط	4.79
بسيلا	0.00
بشا	1.90
بشار	4.62
بشارة	3.76
بشاش	1.73
بشاشة	3.28
بشاعة	3.19
بشام	1.68
بشامة	1.60
بشاميط	0.00
بشر	4.45
بشراء	4.19
بشرة	3.88
بشرف	3.68
بشروش	0.00
بشرى	3.89
بشري	4.07
بشريات	1.96
بشرية	4.39
بششة	0.00
بشع	3.56
بشق	3.49
بشك	2.60
بشكير	1.55
بشم	2.61
بشماط	0.00
بشناق	2.23
بشناقي	0.00
بشنة	0.00
بشندي	1.78
بشنونة	0.00
بشوش	2.52
بشير	4.15
بشيرة	1.60
بصا	0.00
بصائر	2.81
بصار	1.04
بصارة	1.59
بصاق	1.87
بصبص	1.23
بصر	3.29
بصرة	2.59
بصري	3.79
بصريات	2.44
بصع	0.00
بصق	2.80
بصقة	2.11
بصل	3.42
بصلة	3.64
بصلي	2.42
بصم	2.23
بصمة	3.96
بصير	3.66
بصيرة	3.46
بصيص	3.23
بضائع	3.54
بضاعة	3.55
بضة	1.55
بضع	4.59
بضعة	4.69
بضك	0.00
بضم	3.64
بطء	3.48
بطؤ	1.07
بطؤتم	0.00
بطؤتن	0.00
بطؤن	0.00
بطؤنا	0.00
بطؤوا	0.00
بطئتم	0.00
بطئتن	0.00
بطئنا	0.00
بطئي	0.00
بطا	1.97
بطائح	1.39
بطائق	2.86
بطائن	0.00
بطاتم	0.00
بطاتن	0.00
بطاح	2.45
بطارخ	1.45
بطاركة	2.43
بطارية	3.95
بطاريق	2.73
بطاط	2.11
بطاطا	3.18
بطاطة	1.56
بطاطس	3.48
بطاقة	4.73
بطالة	3.38
بطان	1.52
بطانا	0.00
بطانة	3.55
بطاني	1.29
بطانية	3.00
بطاى	0.00
بطبط	1.38
بطة	3.41
بطح	1.57
بطحاء	2.52
بطحة	1.95
بطر	2.35
بطرس	4.03
بطرك	1.69
بطريركي	1.80
بطريق	4.02
بطش	3.46
بطغ	0.00
بطل	4.78
بطليوس	1.93
بطم	1.24
بطميات	0.00
بطن	4.11
بطنة	1.84
بطوط	2.47
بطولة	4.92
بطون	3.54
بطيء	3.71
بطيات	1.60
بطيخ	2.99
بطير	2.02
بطين	2.65
بظا	0.00
بظر	2.65
بعا	1.96
بعابع	0.00
بعاث	1.97
بعام	3.74
بعبع	2.53
بعتم	2.03
بعتن	0.00
بعث	4.02
بعثة	4.33
بعثر	2.45
بعثي	2.49
بعج	1.90
بعد	6.43
بعدئذ	3.17
بعداء	2.10
بعدذاك	1.07
بعدما	4.91
بعدى	2.56
بعر	1.93
بعرة	1.69
بعص	2.65
بعض	6.16
بعضا	4.56
بعط	1.13
بعق	0.00
بعك	0.00
بعل	3.01
بعلبك	3.54
بعلبكي	2.20
بعلة	2.36
بعن	1.97
بعنا	2.71
بعوض	2.88
بعوضة	3.03
بعول	0.00
بعى	0.00
بعيد	5.08
بعير	3.07
بغا	2.90
بغاء	2.23
بغاة	2.03
بغال	2.50
بغام	0.00
بغايا	2.08
بغت	2.39
بغتة	3.19
بغث	0.00
بغداد	4.94
بغدادي	2.94
بغدان	1.14
بغر	1.16
بغرير	1.23
بغريرة	0.00
بغز	1.29
بغش	2.07
بغض	4.53
بغضاء	2.11
بغل	2.94
بغلة	2.43
بغم	2.03
بغى	2.72
بغي	2.85
بغية	4.03
بغير	4.47
بغيض	2.98
بفضل	4.74
بفك	3.51
بقا	2.85
بقاء	4.30
بقاة	0.00
بقار	1.58
بقاريج	0.00
بقاع	3.79
بقال	2.45
بقالة	3.31
بقان	1.36
بقايا	4.39
بقبق	1.75
بقبقة	1.07
بقت	3.47
بقث	0.00
بقدونس	2.72
بقر	3.37
بقراج	0.00
بقرة	3.63
بقريات	0.00
بقس	1.87
بقسماط	1.89
بقشة	2.18
بقشيش	2.18
بقط	2.13
بقع	3.75
بقعة	3.98
بقل	2.47
بقلاوة	2.33
بقم	2.51
بقوا	3.58
بقول	4.09
بقوليات	2.09
بقى	4.29
بقي	4.77
بقية	4.82
بقيتم	2.11
بقيتن	0.00
بقين	2.54
بقينا	3.71
بكؤ	0.00
بكئ	0.00
بكا	0.00
بكاء	3.93
بكاة	0.00
بكارة	3.04
بكة	2.06
بكت	3.62
بكتاش	1.93
بكتاشي	0.00
بكتيريا	3.47
بكر	4.68
بكرة	4.17
بكرتم	0.00
بكرتن	0.00
بكرج	1.10
بكرن	0.00
بكرنا	1.29
بكروا	1.32
بكري	3.28
بكس	2.78
بكسل	3.36
بكش	1.84
بكع	0.00
بكل	5.51
بكم	4.84
بكماء	2.44
بكماوات	0.00
بكمى	0.00
بكورية	1.04
بكى	3.79
بكي	3.24
بكية	1.14
بكين	4.26
بلا	5.36
بلاء	3.95
بلابل	2.20
بلاتين	2.21
بلاد	4.87
بلادونا	1.10
بلاديوم	1.52
بلاذر	0.00
بلاستيك	3.51
بلاسم	1.97
بلاط	3.66
بلاطة	2.96
بلاعة	2.01
بلاعم	0.00
بلاعيم	1.72
بلاغ	3.92
بلاغة	3.11
بلال	4.09
بلان	3.41
بلاهة	2.34
بلايا	2.73
بلبل	2.98
بلبلة	3.09
بلة	3.59
بلت	3.12
بلج	2.22
بلجيكا	4.28
بلجيكي	2.92
بلح	3.14
بلخ	2.54
بلخش	0.00
بلد	4.83
بلداء	1.53
بلدان	4.51
بلدة	4.80
بلدتم	0.00
بلدتن	0.00
بلدن	1.72
بلدنا	4.13
بلدوا	0.00
بلدي	4.55
بلدية	4.58
بلرس	0.00
بلس	4.10
بلسم	3.15
بلسمي	1.74
بلشون	1.37
بلط	1.66
بلطة	2.25
بلطجي	2.60
بلطي	1.94
بلطيات	0.00
بلع	3.06
بلعم	1.65
بلعوم	2.02
بلعي	0.00
بلغ	4.81
بلغاء	1.60
بلغار	1.34
بلغاري	2.65
بلغاريا	4.23
بلغارية	3.06
بلغة	4.30
بلغم	2.55
بلغمي	0.00
بلغي	2.46
بلق	1.75
بلقاء	3.62
بلقاوات	0.00
بلقن	0.00
بلك	2.71
بلل	2.91
بلم	2.83
بلموبان	0.00
بلنسية	2.68
بله	3.21
بلهاء	2.66
بلهاوات	0.00
بلهى	0.00
بلوة	1.96
بلوتو	3.26
بلور	2.74
بلورة	3.28
بلوط	3.02
بلوطة	1.76
بلوطيات	0.00
بلوعة	2.46
بلوغ	4.12
بلوغها	3.24
بلوك	3.91
بلوى	2.40
بلى	4.04
بلي	3.59
بلياردو	3.04
بلية	2.78
بليج	1.69
بليحة	0.00
بليد	3.39
بليز	3.76
بليغ	3.37
بليغات	0.00
بليل	3.06
بليلة	3.39
بليلج	0.00
بما	5.81
بمبديون	0.00
بمجرد	4.68
بمشقة	2.31
بمن	4.57
بمناسبة	4.72
بمهنية	2.26
بموجب	4.69
بنا	5.03
بناء	5.41
بناءة	2.78
بناة	2.92
بنادق	3.64
بنادورة	0.00
بناصر	2.45
بنان	2.70
بناية	3.69
بنايوس	0.00
بنة	2.21
بنت	5.02
بنتم	0.00
بنتن	2.69
بنج	3.03
بنجابي	2.20
بنجابية	1.84
بنجالي	1.61
بنجر	2.61
بنجنكشت	0.00
بنح	0.00
بند	3.88
بندر	4.17
بندق	3.00
بندقاني	0.00
بندقي	2.06
بندقية	4.15
بندورة	2.31
بندير	1.55
بنزين	3.70
بنس	3.32
بنش	2.89
بنصر	3.14
بنطال	2.94
بنطلون	3.21
بنغازي	4.18
بنغالي	2.59
بنغالية	2.65
بنفسج	2.82
بنفسجة	1.01
بنفسجي	3.04
بنق	1.90
بنك	4.74
بنكام	0.00
بنكرياس	2.45
بنكنوت	1.25
بنما	4.04
بنوة	1.68
بنود	3.80
بنوك	3.80
بنون	2.97
بنوي	1.71
بنى	4.44
بني	5.15
بنيامين	4.04
بنيان	3.42
بنية	4.48
بنيقة	0.00
بنين	3.94
بهؤ	0.00
بهئ	0.00
بها	5.97
بهاء	3.93
بهائم	2.31
بهائي	2.45
بهائية	1.97
بهات	2.28
بهار	2.86
بهاريات	0.00
بهاليل	1.46
بهت	2.74
بهتان	2.71
بهث	0.00
بهج	1.57
بهجة	3.70
بهجت	3.59
بهدل	1.86
بهدلة	2.31
بهر	2.38
بهرة	1.47
بهرج	2.12
بهرجة	2.25
بهز	2.79
بهس	0.00
بهش	0.00
بهشية	0.00
بهص	0.00
بهض	1.26
بهظ	0.00
بهق	0.00
بهل	2.40
بهلوان	2.51
بهلواني	2.06
بهلول	2.88
بهمن	2.82
بهو	3.16
بهي	3.05
بهيا	2.01
بهيج	3.14
بهيجة	2.71
بهيم	2.38
بهيمة	2.84
بوا	0.00
بوائت	0.00
بوائخ	0.00
بوائد	0.00
بوائر	0.00
بوائس	0.00
بوائع	0.00
بوائن	0.00
بواب	3.01
بوابة	4.55
بوات	0.00
بواتر	0.00
بواث	0.00
بواجح	0.00
بواح	1.95
بواحث	0.00
بواخر	2.57
بواد	2.62
بوادئ	1.04
بوادر	3.50
بوادن	0.00
بوادي	3.54
بواذخ	0.00
بواذر	0.00
بواذل	0.00
بوار	2.39
بوارئ	0.00
بوارج	2.56
بوارح	0.00
بوارد	1.58
بوارز	0.00
بوارع	0.00
بواري	1.83
بواريد	1.16
بوازغ	0.00
بواسط	2.36
بواسطة	5.44
بواسق	0.00
بواسل	2.27
بواسم	0.00
بواسير	2.40
بواش	1.97
بواشق	0.00
بواصر	0.00
بواضع	0.00
بواط	1.86
بواطل	0.00
بواطن	2.12
بواطي	0.00
بواعث	2.38
بواغي	0.00
بواغيز	0.00
بواق	1.81
بواقي	2.60
بواقيل	0.00
بواكر	1.27
بواكي	2.49
بواكير	2.61
بوالغ	0.00
بواليع	1.35
بوان	2.36
بواني	0.00
بواهر	0.00
بوب	4.64
بوتاس	2.33
بوتان	3.43
بوتقة	3.15
بوتين	4.19
بوتيني	1.40
بوتينية	0.00
بوجة	2.21
بوح	3.04
بوحث	0.00
بوحثتم	0.00
بوحثتن	0.00
بوحثن	0.00
بوحثنا	0.00
بوحثوا	0.00
بوحوا	0.00
بوحي	2.93
بوخارست	3.15
بودابست	3.93
بودل	2.41
بودلتم	0.00
بودلتن	0.00
بودلن	0.00
بودلنا	0.00
بودلوا	0.00
بوذا	3.60
بوذي	2.82
بوذية	3.27
بور	3.81
بورانية	0.00
بورسعيد	3.87
بورصة	4.06
بورفؤاد	2.27
بورق	2.98
بورما	3.90
بوروا	0.00
بورون	2.27
بوروندي	3.44
بوري	3.11
بوريتم	0.00
بوريتن	0.00
بورين	2.58
بورينا	1.32
بوريوم	0.00
بوز	3.11
بوزون	2.28
بوزيدان	0.00
بوس	3.79
بوسان	2.93
بوسة	2.53
بوست	4.26
بوسطن	4.21
بوسكورة	1.87
بوسوا	0.00
بوسي	3.37
بوشر	2.74
بوشرتم	0.00
بوشرتن	0.00
بوشرن	0.00
بوشرنا	0.00
بوشروا	0.00
بوص	2.01
بوصة	4.11
بوصلة	3.51
بوصير	1.34
بوط	1.92
بوظة	2.41
بوع	1.21
بوغاز	1.76
بوغوتا	2.75
بوق	3.39
بوقال	0.00
بوقية	0.00
بوقيصا	0.00
بوكر	3.42
بول	4.84
بولاق	3.41
بولس	3.98
بولغ	1.80
بولكا	2.00
بولندا	4.16
بولندي	3.07
بولندية	2.74
بولوا	0.00
بولي	3.89
بوليتم	0.00
بوليتن	1.26
بوليس	3.41
بوليستر	2.19
بوليفيا	4.04
بولين	3.59
بولينا	2.78
بوم	3.65
بوملي	0.00
بوميات	0.00
بون	3.98
بوه	2.81
بوهة	1.09
بوى	2.17
بويب	1.61
بويت	1.78
بويضة	2.80
بيئة	4.55
بيئي	3.58
بيادر	2.25
بياض	3.81
بياطرة	1.57
بياع	2.72
بيان	4.89
بيانات	4.91
بيانة	1.23
بيانو	3.57
بيبان	2.82
بيبسي	3.28
بيت	5.27
بيتزا	3.96
بيتي	4.37
بيج	3.87
بيجاما	2.36
بيجامة	2.36
بيح	1.54
بيد	4.71
بيداء	1.97
بيداوات	0.00
بيدر	2.57
بيدق	2.99
بيذق	0.00
بير	3.94
بيرة	3.07
بيرق	2.54
بيرم	3.49
بيرو	4.29
بيروت	4.97
بيروتي	2.46
بيروي	1.25
بيريه	2.07
بيزان	1.45
بيزنطة	2.51
بيزنطي	2.18
بيس	3.95
بيست	3.44
بيسوا	2.26
بيسوس	1.56
بيش	3.18
بيشاور	3.18
بيشمركة	1.99
بيشوي	2.78
بيض	4.17
بيضاء	4.49
بيضاوات	1.56
بيضة	3.95
بيضوي	2.22
بيطار	3.01
بيطر	1.01
بيطرة	1.45
بيطري	3.22
بيع	4.99
بيعان	0.00
بيعة	3.40
بيعت	3.81
بيعوا	2.42
بيعي	2.33
بيفام	0.00
بيقية	1.22
بيكار	2.49
بيكم	3.11
بيكوية	0.00
بيكيني	2.73
بيلاروس	2.45
بيلاطس	3.05
بيلسان	2.00
بيلقان	0.00
بين	6.35
بينة	3.37
بينتان	1.08
بينما	5.57
بينوا	2.78
بيني	4.60
بينيث	1.56
بيه	3.96
بيوت	4.45
بيوتات	2.28
بيوزاري	0.00
بيوض	3.03
بيوع	1.62
بيولوجي	3.15
تؤاتى	0.00
تؤب	0.00
تؤبن	1.31
تؤبوا	0.00
تؤبون	0.00
تؤبى	0.00
تؤبي	0.00
تؤبين	0.00
تؤتمم	0.00
تؤتممن	0.00
تؤتموا	0.00
تؤتمون	0.00
تؤتمي	0.00
تؤتمين	0.00
تؤتى	2.00
تؤثر	4.63
تؤثرتم	0.00
تؤثرتن	0.00
تؤثرن	0.00
تؤثرنا	0.00
تؤثروا	0.00
تؤثرون	1.72
تؤثري	1.34
تؤثرين	0.00
تؤجرن	0.00
تؤجروا	1.73
تؤجرون	1.43
تؤجري	0.00
تؤجرين	1.39
تؤخذن	0.00
تؤخذوا	0.00
تؤخذون	0.00
تؤخذي	0.00
تؤخذين	0.00
تؤخر	3.07
تؤدى	3.59
تؤذنوا	0.00
تؤذنون	0.00
تؤذني	1.62
تؤذنين	0.00
تؤسرن	0.00
تؤسروا	0.00
تؤسرون	0.00
تؤسري	0.00
تؤسرين	0.00
تؤصل	1.40
تؤكد	4.49
تؤكلن	0.00
تؤكلوا	0.00
تؤكلون	0.00
تؤكلي	0.00
تؤكلين	0.00
تؤلل	0.00
تؤللن	0.00
تؤمر	2.78
تؤمرن	0.00
تؤمروا	0.00
تؤمرون	1.96
تؤمري	1.20
تؤمرين	0.00
تؤمل	1.69
تؤملتم	0.00
تؤملتن	0.00
تؤملن	0.00
تؤملنا	0.00
تؤملوا	0.00
تؤملون	0.00
تؤملي	0.00
تؤملين	0.00
تؤمم	1.26
تؤممن	0.00
تؤمنوا	2.99
تؤمنون	3.03
تؤمني	2.27
تؤمنين	2.20
تؤنى	0.00
تؤهلن	0.00
تؤهلوا	0.00
تؤهلون	0.00
تؤهلي	0.00
تؤهلين	0.00
تؤو	0.00
تؤوبا	0.00
تؤوبان	0.00
تؤوبن	0.00
تؤوبوا	0.00
تؤوبون	0.00
تؤوبي	0.00
تؤوبين	0.00
تؤولف	0.00
تؤومر	0.00
تؤووا	0.00
تؤوون	0.00
تؤوى	0.00
تؤوي	2.56
تؤوين	0.00
تئق	0.00
تاء	2.96
تاءم	0.00
تائب	2.67
تائه	3.12
تاب	3.65
تابب	0.00
تابت	2.59
تابد	0.00
تابدتم	0.00
تابدتن	0.00
تابدن	0.00
تابدنا	0.00
تابدوا	0.00
تابدون	0.00
تابدي	0.00
تابدين	0.00
تابض	0.00
تابط	2.29
تابع	4.78
تابعتم	1.71
تابعتن	0.00
تابعنا	3.55
تابعي	3.49
تابق	0.00
تابقن	0.00
تابقوا	0.00
تابقون	0.00
تابقي	0.00
تابقين	0.00
تابل	2.24
تابن	0.00
تابوا	2.78
تابوت	3.42
تابى	3.25
تابيد	1.04
تابين	3.25
تات	3.61
تاتا	0.00
تاتمرن	0.00
تاتمروا	0.00
تاتمرون	0.00
تاتمري	0.00
تاتمرين	0.00
تاتمم	0.00
تاتممن	0.00
تاتموا	0.00
تاتمون	0.00
تاتمي	0.00
تاتمين	0.00
تاتوا	2.55
تاتون	2.31
تاتى	3.67
تاتي	5.01
تاتين	2.57
تاثث	0.00
تاثر	4.20
تاثرتم	0.00
تاثرتن	0.00
تاثرن	1.26
تاثرنا	2.33
تاثروا	3.23
تاثري	1.84
تاثم	2.09
تاثير	5.04
تاثيف	0.00
تاثيل	0.00
تاج	4.38
تاجج	2.21
تاجر	4.12
تاجل	3.17
تاجورة	1.46
تاجي	2.97
تاجيج	2.80
تاجير	3.70
تاجيل	4.25
تاح	1.67
تاخ	0.00
تاخذن	1.54
تاخذوا	3.02
تاخذون	2.66
تاخذي	2.56
تاخذين	2.52
تاخر	4.41
تاخرتم	1.86
تاخرتن	0.00
تاخرن	1.05
تاخرنا	3.42
تاخروا	2.67
تاخري	2.16
تاخم	0.00
تاخى	1.33
تاخي	1.58
تاخير	4.01
تادب	2.58
تاديب	3.00
تاديبي	2.54
تاذن	2.92
تاذنوا	1.12
تاذنون	0.00
تاذني	1.33
تاذنين	1.05
تاذى	2.51
تار	2.82
تارب	1.64
تارة	3.58
تارجح	3.08
تارك	3.19
تاروت	3.06
تاريخ	5.40
تاريخا	3.61
تاريخي	4.25
تاريخيا	4.26
تاريخية	4.58
تاريفيت	1.71
تاز	2.31
تازة	2.93
تازر	2.11
تازم	2.64
تازمتم	0.00
تازمتن	0.00
تازمن	0.00
تازمنا	0.00
تازموا	0.00
تازمي	0.00
تاس	3.03
تاسد	0.00
تاسرن	0.00
تاسروا	0.00
تاسرون	0.00
تاسري	0.00
تاسرين	0.00
تاسس	3.89
تاسع	3.05
تاسف	3.42
تاسلم	0.00
تاسى	2.02
تاسي	1.47
تاسيس	4.61
تاسيسي	2.55
تاشيرة	4.01
تاصل	2.15
تاصلتم	0.00
تاصلتن	0.00
تاصلن	0.00
تاصلنا	0.00
تاصلوا	0.00
تاصلون	0.00
تاصلي	0.00
تاصلين	0.00
تاصيل	2.80
تاطر	1.01
تاع	2.67
تاعس	0.00
تاف	2.41
تافف	1.57
تافل	1.60
تافن	0.00
تافه	3.77
تافهات	1.62
تاق	2.42
تاقلم	2.91
تاك	3.04
تاكد	4.48
تاكدتم	1.05
تاكدتن	0.00
تاكدن	0.00
تاكدنا	2.66
تاكدوا	3.58
تاكدي	3.20
تاكسد	2.20
تاكسي	3.86
تاكل	4.23
تاكلتم	0.00
تاكلتن	0.00
تاكلن	1.15
تاكلنا	1.41
تاكلوا	3.02
تاكلي	2.23
تاكوت	0.00
تاكيد	4.61
تال	3.03
تالب	1.66
تالد	1.17
تالع	0.00
تالف	3.00
تالفتم	0.00
تالفتن	0.00
تالفن	0.00
تالفنا	0.00
تالفوا	0.00
تالفي	0.00
تالق	3.67
تالم	2.97
تالمن	0.00
تالموا	1.87
تالمون	2.15
تالمي	1.23
تالمين	0.00
تاله	1.31
تالون	0.00
تالي	3.27
تالية	3.10
تاليف	4.23
تالين	3.13
تام	4.38
تامر	4.03
تامرتم	1.28
تامرتن	0.00
تامرك	2.21
تامرن	0.00
تامرنا	2.58
تامروا	2.68
تامري	1.80
تامل	4.18
تاملتم	1.27
تاملتن	0.00
تاملن	0.00
تاملنا	2.45
تاملوا	2.90
تاملون	1.76
تاملي	2.94
تاملين	1.38
تامم	0.00
تاممتم	0.00
تاممتن	0.00
تاممن	0.00
تاممنا	0.00
تامموا	0.00
تاممي	0.00
تامور	0.00
تاموري	0.00
تامى	0.00
تاميلي	1.41
تاميلية	1.13
تاميم	3.34
تامين	4.59
تان	2.44
تانت	0.00
تانتا	0.00
تانث	0.00
تانجل	0.00
تانس	2.32
تانق	2.01
تانوا	1.05
تانون	0.00
تانى	2.06
تاني	2.18
تانيا	1.13
تانيان	0.00
تانيب	3.03
تانيتم	0.00
تانيتما	0.00
تانيتن	0.00
تانيث	2.74
تانين	0.00
تانينا	0.00
تاه	3.04
تاهب	3.52
تاهت	2.79
تاهل	3.87
تاهوا	2.30
تاو	0.00
تاوريرت	2.36
تاول	1.97
تاوه	2.13
تاووا	0.00
تاوون	0.00
تاوى	1.83
تاويل	3.16
تاوين	1.16
تاى	0.00
تايا	0.00
تايد	2.30
تايرن	0.00
تايس	0.00
تايلند	3.60
تايلندي	2.74
تايم	0.00
تاين	1.83
تايوان	4.15
تاييد	3.99
تبؤسن	0.00
تبؤسوا	0.00
تبؤسون	0.00
تبؤسي	0.00
تبؤسين	0.00
تبا	4.11
تباءس	0.00
تباءستم	0.00
تباءستن	0.00
تباءسن	0.00
تباءسنا	0.00
تباءسوا	0.00
تباءسي	0.00
تبابين	0.00
تباجح	0.00
تباحث	1.87
تباحثتم	0.00
تباحثتن	0.00
تباحثن	0.00
تباحثنا	1.39
تباحثوا	1.15
تباحثي	0.00
تباحوا	0.00
تباحون	0.00
تباحي	0.00
تباحين	0.00
تبادر	3.41
تبادل	4.61
تبادلتم	0.00
تبادلتن	0.00
تبادلن	0.00
تبادلنا	3.13
تبادلوا	2.49
تبادلي	2.10
تبارز	2.13
تبارك	4.08
تباركتم	0.00
تباركتن	0.00
تباركن	0.00
تباركنا	0.00
تباركوا	1.30
تباركي	1.26
تبارى	2.10
تباري	2.03
تباريح	1.93
تباسن	0.00
تباسوا	0.00
تباسون	0.00
تباسي	0.00
تباسين	0.00
تباشر	3.17
تباشير	2.56
تباطؤ	3.32
تباطا	2.87
تباع	3.97
تباعا	3.71
تباعد	3.19
تباعوا	0.00
تباعون	0.00
تباعي	1.48
تباعين	0.00
تباغض	0.00
تباكى	1.80
تباكي	1.64
تبالد	0.00
تبالدتم	0.00
تبالدتن	0.00
تبالدن	0.00
تبالدنا	0.00
تبالدوا	0.00
تبالدي	0.00
تبالغن	0.00
تبالغوا	1.92
تبالغون	1.96
تبالغي	2.15
تبالغين	1.64
تبالى	2.01
تبان	2.62
تباه	1.81
تباهى	2.54
تباهي	2.58
تبايع	2.17
تباين	3.45
تبب	0.00
تببتم	0.00
تببتن	0.00
تببن	0.00
تببنا	0.00
تبت	3.20
تبتئسن	0.00
تبتئسوا	0.00
تبتئسون	0.00
تبتئسي	1.34
تبتئسين	0.00
تبتدئن	0.00
تبتدئوا	0.00
تبتدئون	0.00
تبتدئي	0.00
تبتدئين	0.00
تبتسمن	0.00
تبتسموا	1.90
تبتسمون	1.94
تبتسمي	2.42
تبتسمين	2.84
تبتعدن	0.00
تبتعدوا	2.04
تبتعدون	1.78
تبتعدي	2.32
تبتعدين	2.06
تبتل	2.58
تبتم	2.01
تبتن	0.00
تبثر	1.41
تبجح	2.24
تبجيل	2.52
تبح	2.38
تبحبح	0.00
تبحثر	0.00
تبحر	3.51
تبحرن	0.00
تبحروا	1.17
تبحرون	0.00
تبحري	0.00
تبحرين	1.50
تبحن	0.00
تبختر	2.20
تبخر	3.18
تبد	3.18
تبدد	3.21
تبدع	3.11
تبدل	3.61
تبدلي	1.72
تبدون	2.46
تبدى	2.87
تبدي	3.67
تبديل	3.97
تبدين	2.81
تبذير	2.94
تبر	2.34
تبرؤ	1.47
تبرئة	3.46
تبرا	3.24
تبرج	2.58
تبرجز	0.00
تبرجن	1.76
تبرجوا	0.00
تبرجون	0.00
تبرجي	0.00
تبرجين	0.00
تبرد	3.48
تبرر	3.73
تبرز	3.99
تبرزن	0.00
تبرزوا	0.00
تبرزون	0.00
تبرزي	1.12
تبرزين	1.28
تبرطل	0.00
تبرع	3.94
تبرعم	2.06
تبرغشش	0.00
تبرغششن	0.00
تبرغشوا	0.00
تبرغشون	0.00
تبرغشي	0.00
تبرغشين	0.00
تبرقش	0.00
تبرقن	0.00
تبرقوا	0.00
تبرقون	0.00
تبرقي	0.00
تبرقين	0.00
تبرك	2.18
تبركن	0.00
تبركوا	0.00
تبركون	0.00
تبركي	0.00
تبركين	0.00
تبرم	2.77
تبرن	0.00
تبرنس	0.00
تبرى	1.62
تبريد	3.59
تبرير	3.88
تبريز	3.11
تبسط	3.20
تبسم	2.82
تبسمتم	0.00
تبسمتن	0.00
تبسمن	0.00
تبسمنا	0.00
تبسموا	1.20
تبسمي	1.47
تبسيط	3.46
تبشير	2.49
تبصبص	0.00
تبصر	3.14
تبضع	1.64
تبطؤن	0.00
تبطؤوا	0.00
تبطؤون	0.00
تبطئن	0.00
تبطئوا	1.16
تبطئون	0.00
تبطئي	0.00
تبطئين	0.00
تبطا	1.53
تبطان	0.00
تبطل	3.23
تبطلن	0.00
تبطلوا	2.03
تبطلون	0.00
تبطلي	1.56
تبطلين	1.32
تبطين	2.35
تبع	3.99
تبعة	2.26
تبعثر	3.03
تبعية	3.40
تبعيض	0.00
تبغ	2.95
تبغدد	0.00
تبق	3.29
تبقوا	3.21
تبقون	2.58
تبقى	5.11
تبقي	4.28
تبقين	3.09
تبكرن	0.00
تبكروا	0.00
تبكرون	0.00
تبكري	0.00
تبكرين	0.00
تبكى	2.95
تبكيت	0.00
تبل	2.26
تبلاجج	0.00
تبلاججن	0.00
تبلاجوا	0.00
تبلاجون	0.00
تبلاجي	0.00
تبلاجين	0.00
تبلبل	1.18
تبلج	1.04
تبلد	2.38
تبلدتم	0.00
تبلدتن	0.00
تبلدن	0.00
تبلدنا	0.00
تبلدوا	0.00
تبلدون	0.00
تبلدي	1.85
تبلدين	0.00
تبلع	2.65
تبلعن	0.00
تبلعوا	0.00
تبلعون	0.00
تبلعي	0.00
تبلعين	1.04
تبلغ	4.78
تبلل	2.88
تبله	1.47
تبلور	2.94
تبليسي	3.20
تبليط	2.39
تبليغ	3.19
تبن	3.27
تبنا	2.33
تبنى	4.07
تبني	4.39
تبنيغ	0.00
تبهج	2.38
تبهر	2.87
تبهرج	0.00
تبوؤ	1.51
تبوا	2.56
تبوحث	0.00
تبوحوا	0.00
تبوحون	0.00
تبوحي	1.58
تبوحين	1.51
تبودل	0.00
تبودلتم	0.00
تبودلتن	0.00
تبودلن	0.00
تبودلنا	0.00
تبودلوا	0.00
تبوروا	0.00
تبورون	0.00
تبوري	0.00
تبورين	0.00
تبوسوا	0.00
تبوسون	0.00
تبوسي	0.00
تبوسين	0.00
تبول	2.83
تبولة	2.16
تبولتم	0.00
تبولتن	0.00
تبولد	0.00
تبولن	1.48
تبولنا	0.00
تبولوا	0.00
تبولي	1.02
تبون	3.00
تبويب	2.60
تبويض	1.53
تبي	3.49
تبيتوا	0.00
تبيتون	0.00
تبيتي	1.48
تبيتين	1.25
تبيض	3.31
تبيضض	0.00
تبيضضن	0.00
تبيضوا	0.00
تبيضون	0.00
تبيضي	1.02
تبيضين	0.00
تبيطر	0.00
تبيعوا	2.31
تبيعون	2.20
تبيعي	2.04
تبيعين	2.10
تبين	4.76
تبينوا	2.04
تبينون	1.04
تبيني	2.34
تبينين	1.39
تبييت	1.76
تبييض	3.42
تتابدن	0.00
تتابدوا	0.00
تتابدون	0.00
تتابدي	0.00
تتابدين	0.00
تتابع	4.16
تتاخرن	0.00
تتاخروا	1.82
تتاخرون	1.78
تتاخري	1.96
تتاخرين	1.90
تتازمن	0.00
تتازموا	0.00
تتازمون	0.00
تتازمي	0.00
تتازمين	0.00
تتاصلن	0.00
تتاصلوا	0.00
تتاصلون	0.00
تتاصلي	0.00
تتاصلين	0.00
تتاكدن	0.00
تتاكدوا	2.01
تتاكدون	1.76
تتاكدي	2.44
تتاكدين	2.16
تتاكلن	0.00
تتاكلوا	0.00
تتاكلون	0.00
تتاكلي	0.00
تتاكلين	0.00
تتالع	0.00
تتالفن	0.00
تتالفوا	0.00
تتالفون	0.00
تتالفي	0.00
تتالفين	0.00
تتالى	1.82
تتالي	2.16
تتامرن	0.00
تتامروا	0.00
تتامرون	1.25
تتامري	0.00
تتامرين	0.00
تتاممن	0.00
تتامموا	0.00
تتاممون	0.00
تتاممي	0.00
تتاممين	0.00
تتان	0.00
تتانوا	0.00
تتانون	0.00
تتانى	1.81
تتاني	0.00
تتانيا	0.00
تتانيان	0.00
تتانين	0.00
تتب	2.03
تتباءسن	0.00
تتباءسي	0.00
تتباحثن	0.00
تتباحثي	0.00
تتباركن	0.00
تتباركي	0.00
تتبالدن	0.00
تتبالدي	0.00
تتبب	0.00
تتببن	0.00
تتبسمن	0.00
تتبسموا	0.00
تتبسمون	0.00
تتبسمي	0.00
تتبسمين	1.21
تتبع	4.66
تتبعي	2.39
تتبلدن	0.00
تتبلدوا	0.00
تتبلدون	0.00
تتبلدي	0.00
تتبلدين	0.00
تتبن	1.80
تتبوا	0.00
تتبولن	0.00
تتبولوا	0.00
تتبولون	0.00
تتبولي	0.00
تتبولين	0.00
تتبون	0.00
تتبي	0.00
تتبيلة	1.93
تتبين	2.63
تتثاءبن	0.00
تتثاءبي	0.00
تتثن	0.00
تتثنوا	0.00
تتثنون	0.00
تتثنى	0.00
تتثني	0.00
تتثنين	0.00
تتجارر	0.00
تتجاررن	0.00
تتجارري	0.00
تتجاروا	0.00
تتجارون	0.00
تتجاري	0.00
تتجارين	0.00
تتجاملن	0.00
تتجاملي	0.00
تتجانسن	0.00
تتجانسي	0.00
تتجبرن	0.00
تتجبروا	0.00
تتجبرون	0.00
تتجبري	0.00
تتجبرين	0.00
تتجددن	0.00
تتجددوا	0.00
تتجددون	0.00
تتجددي	0.00
تتجددين	0.00
تتجرن	0.00
تتجروا	0.00
تتجرون	0.00
تتجري	0.00
تتجرين	0.00
تتجمعن	0.00
تتجمعوا	0.00
تتجمعون	1.49
تتجمعي	0.00
تتجمعين	0.00
تتجملن	0.00
تتجملوا	0.00
تتجملون	0.00
تتجملي	0.00
تتجملين	0.00
تتجنسن	0.00
تتجنسوا	0.00
تتجنسون	0.00
تتجنسي	0.00
تتجنسين	0.00
تتجولن	0.00
تتجولوا	0.00
تتجولون	0.00
تتجولي	0.00
تتجولين	1.33
تتحاببن	0.00
تتحاببي	0.00
تتحابوا	0.00
تتحابون	0.00
تتحابي	0.00
تتحابين	0.00
تتحادثن	0.00
تتحادثي	0.00
تتحاربن	0.00
تتحاربي	0.00
تتحاسبن	0.00
تتحاسبي	0.00
تتحاملن	0.00
تتحاملي	0.00
تتحببن	0.00
تتحببوا	0.00
تتحببون	0.00
تتحببي	0.00
تتحببين	0.00
تتحدثن	1.35
تتحدثوا	3.13
تتحدثون	3.10
تتحدثي	2.69
تتحدثين	2.69
تتحدن	0.00
تتحدوا	1.61
تتحدون	1.78
تتحدي	2.27
تتحدين	1.47
تتحرفن	0.00
تتحرفوا	0.00
تتحرفون	0.00
تتحرفي	0.00
تتحرفين	0.00
تتحرمن	0.00
تتحرموا	0.00
تتحرمون	0.00
تتحرمي	0.00
تتحرمين	0.00
تتحسنوا	0.00
تتحسنون	0.00
تتحسني	1.20
تتحسنين	0.00
تتحكمن	0.00
تتحكموا	1.26
تتحكمون	1.54
تتحكمي	1.75
تتحكمين	1.88
تتحو	0.00
تتحووا	0.00
تتحوون	0.00
تتحوى	0.00
تتحوي	0.00
تتحوين	0.00
تتخابرن	0.00
تتخابري	0.00
تتخامرن	0.00
تتخامري	0.00
تتخبرن	0.00
تتخبروا	0.00
تتخبرون	0.00
تتخبري	0.00
تتخبرين	0.00
تتخشبن	0.00
تتخشبوا	0.00
تتخشبون	0.00
تتخشبي	0.00
تتخشبين	0.00
تتخمرن	0.00
تتخمروا	0.00
تتخمرون	0.00
تتخمري	0.00
تتخمرين	0.00
تتخوفن	0.00
تتخوفوا	0.00
تتخوفون	0.00
تتخوفي	0.00
تتخوفين	0.00
تتدحرجن	0.00
تتدحرجي	0.00
تتدخلن	0.00
تتدخلوا	1.91
تتدخلون	2.02
تتدخلي	1.88
تتدخلين	2.12
تتدمرن	0.00
تتدمروا	0.00
تتدمرون	0.00
تتدمري	0.00
تتدمرين	0.00
تتدورن	0.00
تتدوروا	0.00
تتدورون	0.00
تتدوري	0.00
تتدورين	0.00
تتذمرن	0.00
تتذمروا	1.34
تتذمرون	1.11
تتذمري	1.30
تتذمرين	0.00
تتر	2.97
تتراجعن	0.00
تتراجعي	1.18
تترافعن	0.00
تترافعي	0.00
تترب	1.40
تترجلن	0.00
تترجلوا	0.00
تترجلون	0.00
تترجلي	0.00
تترجلين	0.00
تترددن	0.00
تترددوا	2.92
تترددون	1.34
تترددي	2.68
تترددين	1.64
تترس	1.65
تترفعن	0.00
تترفعوا	0.00
تترفعون	0.00
تترفعي	0.00
تترفعين	0.00
تترك	4.49
تترن	0.00
تتروا	0.00
تترون	0.00
تترى	2.28
تتري	1.80
تترين	0.00
تتزخرفن	0.00
تتزخرفي	0.00
تتزلزلن	0.00
تتزلزلي	0.00
تتزمتن	0.00
تتزمتوا	0.00
تتزمتون	0.00
تتزمتي	0.00
تتزمتين	0.00
تتزو	0.00
تتزووا	0.00
تتزوون	0.00
تتزوى	0.00
تتزوي	0.00
تتزوين	0.00
تتزينوا	0.00
تتزينون	0.00
تتزيني	1.19
تتزينين	1.41
تتساءلن	0.00
تتساءلي	0.00
تتساقطن	0.00
تتساقطي	0.00
تتسامعن	0.00
تتسامعي	0.00
تتساندن	0.00
تتساندي	0.00
تتساو	0.00
تتساووا	0.00
تتساوون	0.00
تتساوى	3.13
تتساوي	1.82
تتساوين	0.00
تتسخن	0.00
تتسخوا	0.00
تتسخون	0.00
تتسخي	0.00
تتسخين	0.00
تتسل	1.18
تتسلحن	0.00
تتسلحوا	0.00
تتسلحون	0.00
تتسلحي	0.00
تتسلحين	0.00
تتسلوا	0.00
تتسلون	0.00
تتسلى	2.38
تتسلي	1.60
تتسلين	1.04
تتسم	3.87
تتسمعن	0.00
تتسمعوا	0.00
تتسمعون	0.00
تتسمعي	0.00
تتسمعين	0.00
تتسممن	0.00
تتسمموا	0.00
تتسممون	0.00
تتسممي	0.00
تتسممين	0.00
تتسموا	0.00
تتسمون	1.04
تتسمى	2.07
تتسمي	1.24
تتسمين	1.14
تتسوقن	0.00
تتسوقوا	0.00
تتسوقون	1.10
تتسوقي	1.12
تتسوقين	1.27
تتشاءمن	0.00
تتشاءمي	0.00
تتشاجرن	0.00
تتشاجري	1.12
تتشاركن	0.00
تتشاركي	0.00
تتشاغلن	0.00
تتشاغلي	0.00
تتشخصن	0.00
تتشخصوا	0.00
تتشخصون	0.00
تتشخصي	0.00
تتشخصين	0.00
تتشرفن	0.00
تتشرفوا	0.00
تتشرفون	0.00
تتشرفي	0.00
تتشرفين	0.00
تتشكرن	0.00
تتشكروا	0.00
تتشكرون	0.00
تتشكري	0.00
تتشكرين	0.00
تتصادرن	0.00
تتصادري	0.00
تتصبرن	0.00
تتصبروا	0.00
تتصبرون	0.00
تتصبري	0.00
تتصبرين	0.00
تتصل	4.14
تتصلن	0.00
تتصلوا	1.81
تتصلون	1.75
تتصلى	1.01
تتصلي	2.05
تتصلين	2.23
تتضاددن	0.00
تتضاددي	0.00
تتضادوا	0.00
تتضادون	0.00
تتضادي	0.00
تتضادين	0.00
تتضايقن	0.00
تتضايقي	1.61
تتضخمن	0.00
تتضخموا	0.00
تتضخمون	0.00
تتضخمي	0.00
تتضخمين	0.00
تتضوؤوا	0.00
تتضوؤون	0.00
تتضوئي	0.00
تتضوئين	0.00
تتضوان	0.00
تتطاولن	0.00
تتطاولي	0.00
تتطرحن	0.00
تتطرحوا	0.00
تتطرحون	0.00
تتطرحي	0.00
تتطرحين	0.00
تتطرفن	0.00
تتطرفوا	0.00
تتطرفون	0.00
تتطرفي	0.00
تتطرفين	0.00
تتطولن	0.00
تتطولوا	0.00
تتطولون	0.00
تتطولي	0.00
تتطولين	0.00
تتظاهرن	0.00
تتظاهري	0.00
تتعارفن	0.00
تتعارفي	0.00
تتعاكسن	0.00
تتعاكسي	0.00
تتعال	1.09
تتعالوا	0.00
تتعالون	0.00
تتعالى	3.01
تتعالي	1.87
تتعالين	0.00
تتعاملن	0.00
تتعاملي	2.12
تتعاوني	0.00
تتعبدن	0.00
تتعبدوا	0.00
تتعبدون	0.00
تتعبدي	0.00
تتعبدين	0.00
تتعبن	0.00
تتعبوا	2.12
تتعبون	1.95
تتعبي	2.36
تتعبين	2.34
تتعربن	0.00
تتعربوا	0.00
تتعربون	0.00
تتعربي	0.00
تتعربين	0.00
تتعرقن	0.00
تتعرقوا	0.00
تتعرقون	0.00
تتعرقي	0.00
تتعرقين	0.00
تتعش	0.00
تتعشوا	0.00
تتعشون	1.17
تتعشى	2.33
تتعشي	1.49
تتعشين	1.50
تتعفنوا	0.00
تتعفنون	0.00
تتعفني	0.00
تتعفنين	0.00
تتعملن	0.00
تتعملوا	0.00
تتعملون	0.00
تتعملي	0.00
تتعملين	0.00
تتغد	0.00
تتغدوا	0.00
تتغدون	0.00
تتغدى	1.99
تتغدي	1.52
تتغدين	1.32
تتغرغرن	0.00
تتغرغري	0.00
تتغيبن	0.00
تتغيبوا	0.00
تتغيبون	0.00
تتغيبي	1.53
تتغيبين	0.00
تتغيرن	0.00
تتغيروا	1.69
تتغيرون	0.00
تتغيري	1.79
تتغيرين	2.18
تتفارقن	0.00
تتفارقي	0.00
تتفاضلن	0.00
تتفاضلي	0.00
تتفاعلن	0.00
تتفاعلي	1.23
تتفتحن	0.00
تتفتحوا	0.00
تتفتحون	0.00
تتفتحي	0.00
تتفتحين	0.00
تتفجرن	0.00
تتفجروا	0.00
تتفجرون	0.00
تتفجري	0.00
تتفجرين	0.00
تتفرقن	0.00
تتفرقوا	2.17
تتفرقون	1.36
تتفرقي	0.00
تتفرقين	0.00
تتفطرن	0.00
تتفطروا	0.00
تتفطرون	0.00
تتفطري	0.00
تتفطرين	0.00
تتفقن	0.00
تتفقوا	1.86
تتفقون	2.35
تتفقي	1.24
تتفقين	1.65
تتقابلن	0.00
تتقابلي	0.00
تتقاتلن	0.00
تتقاتلي	0.00
تتقاطرن	0.00
تتقاطري	0.00
تتقاطعن	0.00
تتقاطعي	0.00
تتقامرن	0.00
تتقامري	0.00
تتقبلن	0.00
تتقبلوا	1.73
تتقبلون	1.72
تتقبلي	1.77
تتقبلين	1.88
تتقررن	0.00
تتقرروا	0.00
تتقررون	0.00
تتقرري	0.00
تتقررين	0.00
تتقطبن	0.00
تتقطبوا	0.00
تتقطبون	0.00
تتقطبي	0.00
تتقطبين	0.00
تتقطرن	0.00
تتقطروا	0.00
تتقطرون	0.00
تتقطري	0.00
تتقطرين	0.00
تتقى	1.25
تتقيؤوا	0.00
تتقيؤون	0.00
تتقيئي	0.00
تتقيئين	0.00
تتقيان	0.00
تتك	1.54
تتكئن	0.00
تتكئوا	0.00
تتكئون	0.00
تتكئي	0.00
تتكئين	1.15
تتكاتبن	0.00
تتكاتبي	0.00
تتكاثرن	0.00
تتكاثري	0.00
تتكافئي	0.00
تتكافان	0.00
تتكالبن	0.00
تتكالبي	0.00
تتكبرن	0.00
تتكبروا	0.00
تتكبرون	0.00
تتكبري	1.09
تتكبرين	1.29
تتكحلن	0.00
تتكحلوا	0.00
تتكحلون	0.00
تتكحلي	0.00
تتكحلين	0.00
تتكهربن	0.00
تتكهربي	0.00
تتكونوا	0.00
تتكونون	0.00
تتكوني	0.00
تتكونين	0.00
تتلاعبن	0.00
تتلاعبي	0.00
تتلاق	0.00
تتلاقوا	0.00
تتلاقون	0.00
تتلاقى	2.94
تتلاقي	1.95
تتلاقين	0.00
تتلامسن	0.00
تتلامسي	0.00
تتلعبن	0.00
تتلعبوا	0.00
تتلعبون	0.00
تتلعبي	0.00
تتلعبين	0.00
تتلفنوا	0.00
تتلفنون	0.00
تتلفني	0.00
تتلفنين	0.00
تتلمذ	2.91
تتلوثن	0.00
تتلوثوا	0.00
تتلوثون	0.00
تتلوثي	0.00
تتلوثين	0.00
تتلونوا	0.00
تتلونون	0.00
تتلوني	0.00
تتلونين	0.00
تتلى	2.89
تتماثلن	0.00
تتماثلي	0.00
تتماسسن	0.00
تتماسسي	0.00
تتماسكن	0.00
تتماسكي	0.00
تتماسوا	0.00
تتماسون	0.00
تتماسي	0.00
تتماسين	0.00
تتمة	3.45
تتمتعن	0.00
تتمتعوا	1.59
تتمتعون	2.08
تتمتعي	1.98
تتمتعين	2.28
تتمثلن	0.00
تتمثلوا	0.00
تتمثلون	0.00
تتمثلي	0.00
تتمثلين	0.00
تتمذهبن	0.00
تتمذهبي	0.00
تتمسكن	1.13
تتمسكوا	1.50
تتمسكون	1.45
تتمسكي	1.49
تتمسكين	1.38
تتمصرن	0.00
تتمصروا	0.00
تتمصرون	0.00
تتمصري	0.00
تتمصرين	0.00
تتمم	1.93
تتممن	0.00
تتموا	0.00
تتمون	1.10
تتمي	1.37
تتمين	1.23
تتن	1.69
تتناسبن	0.00
تتناسبي	0.00
تتنافرن	0.00
تتنافري	0.00
تتنافسن	0.00
تتنافسي	0.00
تتنبؤوا	0.00
تتنبؤون	0.00
تتنبئي	0.00
تتنبئين	0.00
تتنبان	0.00
تتنجمن	0.00
تتنجموا	0.00
تتنجمون	0.00
تتنجمي	0.00
تتنجمين	0.00
تتنسرن	0.00
تتنسروا	0.00
تتنسرون	0.00
تتنسري	0.00
تتنسرين	0.00
تتنصتن	0.00
تتنصتوا	0.00
تتنصتون	0.00
تتنصتي	0.00
تتنصتين	0.00
تتنفسن	0.00
تتنفسوا	1.27
تتنفسون	1.69
تتنفسي	1.72
تتنفسين	1.87
تتنورن	0.00
تتنوروا	0.00
تتنورون	0.00
تتنوري	0.00
تتنورين	0.00
تتهتلرن	0.00
تتهتلري	0.00
تتهدفن	0.00
تتهدفوا	0.00
تتهدفون	0.00
تتهدفي	0.00
تتهدفين	0.00
تتهربن	0.00
تتهربوا	0.00
تتهربون	1.56
تتهربي	1.27
تتهربين	1.61
تتهودن	0.00
تتهودوا	0.00
تتهودون	0.00
تتهودي	0.00
تتهودين	0.00
تتهيؤوا	0.00
تتهيؤون	0.00
تتهيئي	0.00
تتهيئين	0.00
تتهيان	0.00
تتواترن	0.00
تتواتري	0.00
تتواجدن	0.00
تتواجدي	0.00
تتواصلن	0.00
تتواصلي	1.97
تتواضعن	0.00
تتواضعي	1.17
تتوافقن	0.00
تتوافقي	0.00
تتواقفن	0.00
تتواقفي	0.00
تتوال	0.00
تتوالوا	0.00
تتوالون	0.00
تتوالى	3.46
تتوالي	2.03
تتوالين	0.00
تتوبوا	1.29
تتوبون	0.00
تتوبي	1.43
تتوبين	1.32
تتوترن	0.00
تتوتروا	0.00
تتوترون	0.00
تتوتري	1.18
تتوترين	1.33
تتوج	3.01
تتوجدن	0.00
تتوجدوا	0.00
تتوجدون	0.00
تتوجدي	0.00
تتوجدين	0.00
تتوحدن	0.00
تتوحدوا	0.00
تتوحدون	0.00
تتوحدي	0.00
تتوحدين	0.00
تتورعن	0.00
تتورعوا	0.00
تتورعون	0.00
تتورعي	0.00
تتورعين	0.00
تتوصلن	0.00
تتوصلوا	1.04
تتوصلون	1.08
تتوصلي	1.35
تتوصلين	0.00
تتوق	3.09
تتوقفن	0.00
تتوقفوا	2.13
تتوقفون	1.42
تتوقفي	2.26
تتوقفين	1.62
تتوكؤوا	0.00
تتوكؤون	0.00
تتوكئي	0.00
تتوكئين	0.00
تتوكان	0.00
تتوكدن	0.00
تتوكدوا	0.00
تتوكدون	0.00
تتوكدي	0.00
تتوكدين	0.00
تتوكلن	0.00
تتوكلوا	0.00
تتوكلون	1.46
تتوكلي	0.00
تتوكلين	0.00
تتولدن	0.00
تتولدوا	0.00
تتولدون	0.00
تتولدي	0.00
تتولدين	0.00
تتوهوا	0.00
تتوهون	0.00
تتوهي	1.13
تتوهين	0.00
تتويج	3.75
تتويه	0.00
تتيسرن	0.00
تتيسروا	0.00
تتيسرون	0.00
تتيسري	0.00
تتيسرين	0.00
تثاءب	2.14
تثاءبتم	0.00
تثاءبتن	0.00
تثاءبن	0.00
تثاءبنا	0.00
تثاءبوا	0.00
تثاءبي	0.00
تثاؤب	1.78
تثابرن	0.00
تثابروا	0.00
تثابرون	0.00
تثابري	0.00
تثابرين	0.00
تثاروا	0.00
تثارون	0.00
تثاري	0.00
تثارين	0.00
تثاقف	1.38
تثاقل	1.99
تثبت	4.43
تثبتن	0.00
تثبتوا	2.20
تثبتون	1.96
تثبتي	1.91
تثبتين	2.10
تثبيت	4.11
تثر	2.64
تثرثرن	0.00
تثرثروا	0.00
تثرثرون	0.00
تثرثري	0.00
تثرثرين	0.00
تثرن	0.00
تثريب	2.12
تثعلب	0.00
تثقب	2.43
تثقف	2.25
تثقيف	3.45
تثلج	3.10
تثلم	1.49
تثليث	2.81
تثليج	1.54
تثمرن	0.00
تثمروا	0.00
تثمرون	0.00
تثمري	0.00
تثمرين	0.00
تثمل	2.11
تثمير	0.00
تثن	1.70
تثنت	1.30
تثنوا	1.15
تثنون	1.01
تثنونوا	0.00
تثنونون	0.00
تثنونين	0.00
تثنى	2.52
تثني	2.85
تثنية	2.49
تثنيتم	0.00
تثنيتن	0.00
تثنين	0.00
تثنينا	1.82
تثوئب	0.00
تثوروا	0.00
تثورون	0.00
تثوري	0.00
تثورين	0.00
تثيروا	1.25
تثيرون	1.73
تثيري	1.66
تثيرين	1.80
تجئ	2.64
تجئن	0.00
تجابوا	0.00
تجابون	0.00
تجابي	0.00
تجابين	0.00
تجادل	3.55
تجاذب	2.66
تجار	4.17
تجارب	4.45
تجارة	4.60
تجارت	1.66
تجاررتم	0.00
تجاررتن	0.00
تجاررن	0.00
تجاررنا	0.00
تجارروا	0.00
تجارري	0.00
تجاروا	0.00
تجارون	0.00
تجاري	4.34
تجارين	0.00
تجازوا	1.18
تجازون	0.00
تجازي	1.46
تجازين	0.00
تجاسر	2.10
تجاعيد	3.17
تجاعين	0.00
تجافى	1.42
تجافي	1.88
تجالد	0.00
تجالس	2.62
تجامل	2.46
تجاملتم	0.00
تجاملتن	0.00
تجاملن	0.00
تجاملنا	0.00
تجاملوا	1.15
تجاملي	1.21
تجانب	1.77
تجانس	2.76
تجانستم	0.00
تجانستن	0.00
تجانسن	0.00
تجانسنا	0.00
تجانسوا	0.00
تجانسي	0.00
تجاه	4.93
تجاهر	2.69
تجاهل	4.32
تجاهلتم	1.40
تجاهلتن	0.00
تجاهلن	0.00
تجاهلنا	2.68
تجاهلوا	3.02
تجاهلي	2.50
تجاوب	3.58
تجاور	3.06
تجاوز	4.50
تجبر	3.79
تجبرتم	0.00
تجبرتن	0.00
تجبرن	0.00
تجبرنا	2.69
تجبروا	1.79
تجبري	1.91
تجبن	2.11
تجبوا	0.00
تجبون	0.00
تجبي	1.83
تجبين	1.26
تجتمعن	0.00
تجتمعوا	2.16
تجتمعون	2.03
تجتمعي	0.00
تجتمعين	1.18
تجتهدن	0.00
تجتهدوا	1.55
تجتهدون	1.32
تجتهدي	1.20
تجتهدين	1.27
تجدد	3.84
تجددتم	0.00
تجددتن	0.00
تجددن	0.00
تجددنا	0.00
تجددوا	1.26
تجددي	1.65
تجدن	1.81
تجدوا	3.57
تجدون	3.53
تجدي	3.44
تجديد	4.39
تجديف	2.84
تجدين	3.46
تجذر	2.14
تجذف	1.24
تجذير	1.88
تجذيف	1.53
تجر	3.61
تجرؤن	0.00
تجرؤوا	1.74
تجرؤون	1.44
تجرئي	0.00
تجرئين	1.10
تجرا	3.55
تجرب	3.76
تجربة	4.92
تجرة	1.51
تجرتم	0.00
تجرتن	0.00
تجرد	2.96
تجرع	2.82
تجرمزز	0.00
تجرمززن	0.00
تجرمزوا	0.00
تجرمزون	0.00
تجرمزي	0.00
تجرمزين	0.00
تجرن	0.00
تجرنا	2.13
تجرنثمن	0.00
تجرنثمي	0.00
تجروا	1.58
تجرون	1.87
تجريب	3.12
تجريبي	3.69
تجريد	3.51
تجريدة	1.80
تجريدي	2.51
تجريذ	0.00
تجرير	0.00
تجريس	0.00
تجريش	1.16
تجريف	2.56
تجريم	3.54
تجرين	1.69
تجزؤ	1.43
تجزئة	3.58
تجزا	2.00
تجزى	2.06
تجزيء	2.00
تجزية	0.00
تجزيز	0.00
تجسد	3.81
تجسرن	0.00
تجسروا	0.00
تجسرون	0.00
تجسري	0.00
تجسرين	0.00
تجسس	3.79
تجسم	1.62
تجسيد	3.63
تجسيم	2.43
تجشا	1.52
تجشم	2.01
تجع	1.54
تجعد	2.54
تجعن	0.00
تجعيد	2.27
تجعيدة	1.38
تجفاف	1.63
تجفف	2.84
تجفيف	3.31
تجل	2.38
تجلبب	0.00
تجلد	2.91
تجلسن	1.11
تجلسوا	2.65
تجلسون	2.30
تجلسي	2.32
تجلسين	2.74
تجلط	3.12
تجلعبب	0.00
تجلعببن	0.00
تجلعبوا	0.00
تجلعبون	0.00
تجلعبي	0.00
تجلعبين	0.00
تجلعدد	0.00
تجلعددن	0.00
تجلعدوا	0.00
تجلعدون	0.00
تجلعدي	0.00
تجلعدين	0.00
تجلل	1.04
تجلنفعن	0.00
تجلنفعي	0.00
تجلى	3.19
تجلي	3.00
تجليد	2.44
تجليل	1.09
تجمد	3.48
تجمع	4.98
تجمعتم	0.00
تجمعتن	0.00
تجمعن	2.20
تجمعنا	3.77
تجمعوا	3.70
تجمعون	2.21
تجمعي	2.28
تجمعين	2.64
تجمل	2.72
تجملتم	0.00
تجملتن	0.00
تجملن	0.00
تجملنا	0.00
تجملوا	1.08
تجملي	1.64
تجمهر	3.05
تجميد	3.60
تجميع	4.29
تجميل	3.99
تجن	2.72
تجنب	4.43
تجنبي	2.75
تجند	2.95
تجنس	2.08
تجنستم	0.00
تجنستن	0.00
تجنسن	0.00
تجنسنا	0.00
تجنسوا	1.48
تجنسي	0.00
تجنن	2.91
تجنى	2.71
تجني	3.61
تجنيد	3.87
تجنيس	2.77
تجهز	3.41
تجهم	2.14
تجهيز	4.04
تجهيل	1.91
تجوال	2.87
تجوبوا	0.00
تجوبون	0.00
تجوبي	0.00
تجوبين	0.00
تجود	2.91
تجورب	0.00
تجوروا	0.00
تجورون	0.00
تجوري	1.62
تجورين	0.00
تجوز	3.14
تجوزوا	0.00
تجوزون	0.00
تجوزي	0.00
تجوزين	0.00
تجوع	2.86
تجوعوا	0.00
تجوعون	1.23
تجوعي	1.15
تجوعين	1.46
تجوف	2.00
تجول	3.67
تجولتم	0.00
تجولتن	0.00
تجولن	0.00
تجولنا	2.19
تجولوا	2.00
تجولي	1.91
تجوهل	0.00
تجوهلتم	0.00
تجوهلتن	0.00
تجوهلن	0.00
تجوهلنا	0.00
تجوهلوا	0.00
تجويد	2.85
تجويز	1.52
تجويع	2.93
تجويف	3.49
تجيؤوا	0.00
تجيؤون	0.00
تجيئوا	0.00
تجيئون	1.08
تجيئي	1.05
تجيئين	1.11
تجيبوا	2.52
تجيبون	2.03
تجيبي	2.69
تجيبين	2.72
تجيروا	0.00
تجيرون	0.00
تجيري	0.00
تجيرين	0.00
تجيش	2.27
تجيير	1.77
تجييش	2.13
تحاب	1.04
تحاببتم	2.21
تحاببتن	0.00
تحاببن	0.00
تحاببنا	1.09
تحاببوا	0.00
تحاببي	0.00
تحابت	0.00
تحابوا	2.51
تحابي	2.17
تحات	1.28
تحاث	0.00
تحاج	1.44
تحاجى	0.00
تحاجي	0.00
تحادب	0.00
تحادث	2.82
تحادثتم	0.00
تحادثتن	0.00
تحادثن	0.00
تحادثنا	1.44
تحادثوا	1.47
تحادثي	0.00
تحاذى	0.00
تحاذي	2.04
تحارب	3.97
تحاربتم	0.00
تحاربتن	0.00
تحاربن	0.00
تحاربنا	1.93
تحاربوا	2.10
تحاربي	1.72
تحارض	0.00
تحازن	0.00
تحاسب	2.92
تحاسبتم	0.00
تحاسبتن	0.00
تحاسبن	0.00
تحاسبنا	1.72
تحاسبوا	2.28
تحاسبي	1.48
تحاسد	1.40
تحاسين	0.00
تحاش	0.00
تحاشت	1.48
تحاشد	0.00
تحاشوا	1.19
تحاشى	2.22
تحاشي	2.43
تحاشيتم	0.00
تحاشيتن	0.00
تحاشين	0.00
تحاشينا	0.00
تحاضن	0.00
تحاطوا	0.00
تحاطون	0.00
تحاطي	0.00
تحاطين	0.00
تحافظن	0.00
تحافظوا	2.20
تحافظون	1.82
تحافظي	2.46
تحافظين	2.30
تحاقد	0.00
تحاقر	0.00
تحاقوا	0.00
تحاقون	0.00
تحاقي	0.00
تحاقين	0.00
تحاك	2.72
تحاكم	3.06
تحالف	4.49
تحالين	0.00
تحام	0.00
تحامق	1.41
تحامل	2.72
تحاملتم	0.00
تحاملتن	0.00
تحاملن	0.00
تحاملنا	0.00
تحاملوا	0.00
تحاملي	0.00
تحاموا	0.00
تحامون	0.00
تحامى	0.00
تحامي	1.36
تحامين	0.00
تحاور	2.69
تحاول	4.86
تحايا	2.17
تحايل	2.88
تحبب	2.46
تحببتم	0.00
تحببتن	0.00
تحببن	0.00
تحببنا	1.29
تحببوا	0.00
تحببي	0.00
تحبر	1.17
تحبلن	0.00
تحبلوا	0.00
تحبلون	0.00
تحبلي	0.00
تحبلين	0.00
تحبيب	1.71
تحبيذ	1.31
تحبير	1.74
تحبيس	1.40
تحبيل	0.00
تحت	5.87
تحتاطوا	0.00
تحتاطون	0.00
تحتاطي	0.00
تحتاطين	0.00
تحتاني	1.93
تحتربن	0.00
تحتربوا	0.00
تحتربون	0.00
تحتربي	0.00
تحتربين	0.00
تحتشدن	0.00
تحتشدوا	0.00
تحتشدون	0.00
تحتشدي	0.00
تحتشدين	0.00
تحتط	0.00
تحتطن	0.00
تحتلمن	0.00
تحتلموا	0.00
تحتلمون	0.00
تحتلمي	0.00
تحتلمين	0.00
تحتم	3.55
تحتوى	3.65
تحجب	3.55
تحجج	2.22
تحجر	2.64
تحجير	2.04
تحد	4.09
تحدب	2.02
تحدث	5.17
تحدثتم	3.04
تحدثتن	0.00
تحدثن	2.07
تحدثنا	4.05
تحدثوا	3.67
تحدثون	2.01
تحدثي	2.51
تحدثين	1.77
تحدد	4.38
تحدر	2.37
تحدن	0.00
تحدوا	2.59
تحدودبا	0.00
تحدودبن	0.00
تحدودبي	0.00
تحدودقن	0.00
تحدودقي	0.00
تحدون	0.00
تحدى	3.60
تحدي	4.20
تحديب	0.00
تحديث	4.61
تحديد	5.05
تحديق	2.08
تحدين	1.72
تحذق	1.04
تحذلق	1.09
تحذير	4.34
تحذيق	0.00
تحربن	0.00
تحربوا	0.00
تحربون	0.00
تحربي	0.00
تحربين	0.00
تحرج	3.06
تحرر	3.93
تحرز	3.12
تحرش	3.72
تحرف	2.76
تحرفتم	0.00
تحرفتن	0.00
تحرفن	0.00
تحرفنا	0.00
تحرفوا	0.00
تحرفي	0.00
تحرق	3.92
تحرك	4.47
تحرم	3.77
تحرمتم	0.00
تحرمتن	0.00
تحرمن	0.00
تحرمنا	2.70
تحرموا	2.39
تحرمي	1.99
تحرنجمن	0.00
تحرنجمي	0.00
تحرنشفن	0.00
تحرنشفي	0.00
تحرنفزن	0.00
تحرنفزي	0.00
تحرى	2.87
تحري	3.26
تحرير	4.94
تحريري	2.56
تحريز	1.29
تحريش	1.21
تحريض	3.61
تحريضي	2.25
تحريف	3.57
تحريق	0.00
تحريك	4.12
تحريم	3.66
تحزب	1.94
تحزم	2.64
تحزيب	0.00
تحزين	1.56
تحسب	3.94
تحسبي	2.26
تحسر	3.08
تحسس	3.22
تحسن	4.23
تحسنتم	0.00
تحسنتن	0.00
تحسنوا	2.46
تحسنون	1.86
تحسني	1.96
تحسنين	1.57
تحسى	1.94
تحسي	2.49
تحسير	0.00
تحسيس	2.28
تحسين	4.75
تحسيني	1.34
تحشد	2.85
تحشدي	0.00
تحشرج	1.38
تحصل	4.74
تحصلن	1.65
تحصلوا	2.79
تحصلون	2.60
تحصلي	3.12
تحصلين	2.93
تحصن	2.89
تحصيل	3.78
تحضر	4.01
تحضير	4.11
تحضيري	2.73
تحضيض	0.00
تحطم	4.06
تحطيم	3.86
تحظ	3.09
تحظوا	1.52
تحظون	1.37
تحظى	4.34
تحظي	3.16
تحظين	1.54
تحف	3.33
تحفة	3.82
تحفز	3.43
تحفظ	4.04
تحفظي	2.60
تحفل	2.95
تحفيظ	3.40
تحقق	4.62
تحقوقفن	0.00
تحقوقفي	0.00
تحقير	2.92
تحقيق	5.09
تحكك	1.43
تحكم	4.50
تحكمتم	0.00
تحكمتن	0.00
تحكمن	0.00
تحكمنا	2.57
تحكموا	2.86
تحكمي	2.39
تحكى	3.16
تحكيم	3.98
تحل	4.30
تحلب	2.51
تحلحل	1.36
تحلق	3.89
تحلل	3.72
تحلمن	0.00
تحلموا	2.00
تحلمون	2.26
تحلمي	2.19
تحلمين	2.75
تحلن	0.00
تحلى	3.32
تحلي	2.96
تحلية	3.34
تحليف	0.00
تحليق	3.32
تحليل	4.61
تحليلات	3.54
تحليلي	3.14
تحم	2.11
تحمارا	0.00
تحماران	0.00
تحمارر	0.00
تحماررن	0.00
تحماروا	0.00
تحمارون	0.00
تحماري	0.00
تحمارين	0.00
تحمرا	0.00
تحمران	0.00
تحمرر	0.00
تحمررن	0.00
تحمروا	0.00
تحمرون	0.00
تحمري	0.00
تحمرين	0.00
تحمس	3.07
تحمل	5.19
تحملي	2.89
تحمم	1.57
تحمى	2.96
تحميد	1.51
تحميس	1.83
تحميص	2.67
تحميض	2.34
تحميق	0.00
تحميل	4.77
تحنؤوا	0.00
تحنؤون	0.00
تحنئن	0.00
تحنئوا	0.00
تحنئون	0.00
تحنان	0.00
تحنث	1.81
تحنى	1.74
تحني	2.45
تحنيط	2.57
تحو	2.04
تحوت	2.24
تحودث	0.00
تحورب	0.00
تحوز	3.23
تحوسب	0.00
تحوشوا	0.00
تحوشي	0.00
تحوشيتم	0.00
تحوشيتن	0.00
تحوشين	0.00
تحوشينا	0.00
تحوط	2.33
تحوطون	0.00
تحوطي	1.22
تحوطين	0.00
تحول	4.85
تحولة	1.55
تحولل	0.00
تحوللن	0.00
تحولوا	3.62
تحولون	1.72
تحولي	2.28
تحولين	1.99
تحومل	0.00
تحووا	0.00
تحوى	2.72
تحويتم	0.00
تحويتن	0.00
تحويش	0.00
تحويط	1.14
تحويل	4.67
تحويلة	2.91
تحويم	0.00
تحوين	0.00
تحوينا	0.00
تحيا	3.99
تحية	4.34
تحير	2.68
تحيز	3.36
تحيطوا	1.19
تحيطون	1.08
تحيطي	0.00
تحيطين	0.00
تحيلوا	0.00
تحيلون	0.00
تحيلي	0.00
تحيلين	0.00
تحين	3.14
تحيير	1.23
تخابث	0.00
تخابر	2.14
تخابرتم	0.00
تخابرتن	0.00
تخابرن	0.00
تخابرنا	0.00
تخابروا	0.00
تخابري	0.00
تخاتل	0.00
تخادع	1.83
تخادم	0.00
تخاذل	2.81
تخاريب	0.00
تخاصم	2.46
تخاطا	0.00
تخاطب	3.55
تخاطر	3.33
تخافت	1.67
تخافوا	3.06
تخافون	2.96
تخافي	3.11
تخافين	3.10
تخالص	0.00
تخالط	2.33
تخالف	3.67
تخامر	0.00
تخامرتم	0.00
تخامرتن	0.00
تخامرن	0.00
تخامرنا	0.00
تخامروا	0.00
تخامري	0.00
تخانق	0.00
تخانوا	0.00
تخانون	0.00
تخاني	0.00
تخانين	0.00
تخايل	1.59
تخبؤ	0.00
تخبا	2.23
تخبر	3.90
تخبرتم	0.00
تخبرتن	0.00
تخبرن	1.29
تخبرنا	4.15
تخبروا	2.70
تخبري	2.23
تخبط	3.07
تخت	2.63
تختج	0.00
تختلطن	0.00
تختلطوا	1.29
تختلطون	0.00
تختلطي	0.00
تختلطين	1.08
تختلفن	0.00
تختلفوا	1.79
تختلفون	2.38
تختلفي	1.02
تختلفين	1.79
تختم	3.24
تختمرن	0.00
تختمروا	0.00
تختمرون	0.00
تختمري	0.00
تختمرين	0.00
تخثر	3.03
تخجلن	0.00
تخجلوا	1.77
تخجلون	2.29
تخجلي	2.29
تخجلين	1.98
تخدر	2.71
تخدير	3.45
تخديش	0.00
تخذ	1.92
تخرج	4.79
تخرجن	2.21
تخرجوا	3.34
تخرجون	3.45
تخرجي	3.05
تخرجين	2.22
تخرق	3.22
تخرم	1.83
تخرمصص	0.00
تخرمصصن	0.00
تخرمصوا	0.00
تخرمصون	0.00
تخرمصي	0.00
تخرمصين	0.00
تخرنطمن	0.00
تخرنطمي	0.00
تخرنمسن	0.00
تخرنمسي	0.00
تخروطن	0.00
تخروطوا	0.00
تخروطون	0.00
تخروطي	0.00
تخروطين	0.00
تخريب	3.75
تخريبي	2.63
تخريج	3.37
تخريف	2.04
تخريق	0.00
تخزين	4.20
تخسير	1.53
تخسيس	3.05
تخشب	1.97
تخشبتم	0.00
تخشبتن	0.00
تخشبن	0.00
تخشبنا	0.00
تخشبوا	0.00
تخشبي	0.00
تخشع	2.46
تخشن	1.21
تخشوشبن	0.00
تخشوشبي	0.00
تخشوشني	0.00
تخشيب	0.00
تخشين	2.27
تخصص	4.25
تخصى	0.00
تخصيب	3.05
تخصيص	4.12
تخضارر	0.00
تخضاررن	0.00
تخضاروا	0.00
تخضارون	0.00
تخضاري	0.00
تخضارين	0.00
تخضب	1.67
تخضخض	0.00
تخضرر	0.00
تخضررن	0.00
تخضروا	0.00
تخضرون	0.00
تخضري	0.00
تخضرين	0.00
تخضلل	0.00
تخضللن	0.00
تخضلن	0.00
تخضلوا	0.00
تخضلون	0.00
تخضلي	0.00
تخضلين	0.00
تخضوضرا	0.00
تخضوضرن	0.00
تخضوضري	0.00
تخضوضعن	0.00
تخضوضعي	0.00
تخضيب	0.00
تخضير	1.84
تخضيع	0.00
تخطا	2.45
تخطر	3.36
تخطف	3.14
تخطى	3.81
تخطي	4.25
تخطيط	4.12
تخفف	3.66
تخفى	3.46
تخفي	4.05
تخفير	0.00
تخفيض	4.39
تخفيف	4.23
تخل	3.27
تخلخل	2.52
تخلدن	0.00
تخلدوا	1.58
تخلدون	1.64
تخلدي	1.13
تخلدين	0.00
تخلص	4.14
تخلف	3.97
تخلق	4.07
تخلل	3.16
تخلون	1.71
تخلى	4.00
تخلي	3.82
تخليد	2.84
تخليص	3.25
تخليط	1.91
تخليع	0.00
تخلين	2.00
تخم	2.16
تخمة	2.15
تخمر	2.62
تخمرتم	0.00
تخمرتن	0.00
تخمرن	0.00
تخمرنا	0.00
تخمروا	1.53
تخمري	0.00
تخميس	1.84
تخمين	3.53
تخمينا	2.01
تخميني	2.10
تخنبن	0.00
تخنبوا	0.00
تخنبون	0.00
تخنبي	0.00
تخنبين	0.00
تخنث	1.35
تخندق	1.63
تخوبر	0.00
تخوت	1.23
تخوف	3.43
تخوفتم	0.00
تخوفتن	0.00
تخوفن	0.00
تخوفنا	1.84
تخوفوا	1.81
تخوفي	1.43
تخومر	0.00
تخونوا	2.15
تخونون	1.53
تخوني	2.09
تخونين	1.88
تخويف	3.18
تخويل	2.29
تخير	2.60
تخيفوا	0.00
تخيفون	0.00
تخيفي	0.00
تخيفين	0.00
تخيل	4.55
تخيلي	3.60
تخيم	2.64
تخييب	1.68
تخيير	2.03
تخييط	1.68
تخييل	1.84
تخييم	2.45
تدابير	4.03
تداخل	3.50
تداخلتم	0.00
تداخلتن	0.00
تداخلن	0.00
تداخلنا	0.00
تداخلوا	1.22
تداخلي	1.26
تدارا	0.00
تدارج	0.00
تدارس	2.15
تدارك	2.94
تداروا	0.00
تدارون	0.00
تداري	2.09
تدارين	1.40
تداع	1.48
تداعب	2.93
تداعى	2.86
تداعي	2.37
تدافع	4.05
تدافق	0.00
تدانوا	1.38
تدانون	0.00
تداني	1.75
تدانين	0.00
تداو	1.41
تداول	4.68
تداولتم	0.00
تداولتن	0.00
تداولن	0.00
تداولنا	1.14
تداولوا	1.90
تداولي	1.44
تداوى	1.93
تداوي	2.59
تداين	0.00
تدبب	0.00
تدببن	0.00
تدبر	3.82
تدبوا	0.00
تدبون	0.00
تدبي	0.00
تدبير	3.80
تدبيس	2.13
تدبين	0.00
تدثر	2.03
تدثير	0.00
تدجج	0.00
تدجيل	0.00
تدجين	2.35
تدحرج	2.58
تدحرجتم	0.00
تدحرجتن	0.00
تدحرجن	0.00
تدحرجنا	0.00
تدحرجوا	0.00
تدحرجي	0.00
تدحى	0.00
تدخل	4.93
تدخلتم	1.21
تدخلتن	0.00
تدخلن	1.76
تدخلنا	2.80
تدخلوا	3.37
تدخلي	2.91
تدخن	3.31
تدخيل	1.61
تدخين	3.66
تدر	3.27
تدرب	3.75
تدربس	0.00
تدربن	1.54
تدربوا	2.90
تدربون	1.07
تدربي	2.03
تدربين	1.11
تدرج	3.58
تدرجيات	0.00
تدرع	1.36
تدرن	1.32
تدروش	0.00
تدرى	2.78
تدريب	4.78
تدريج	2.34
تدريجي	3.74
تدريس	4.00
تدسس	0.00
تدشين	3.79
تدشيني	0.00
تدعدع	0.00
تدعش	0.00
تدعم	4.49
تدعى	4.66
تدعيم	3.29
تدفؤ	0.00
تدفؤوا	0.00
تدفؤون	0.00
تدفئة	3.46
تدفئن	0.00
تدفئوا	0.00
تدفئون	0.00
تدفا	1.71
تدفان	0.00
تدفف	0.00
تدففن	0.00
تدفق	4.45
تدفوا	0.00
تدفون	0.00
تدفي	1.36
تدفين	0.00
تدقيق	3.69
تدلدل	0.00
تدلك	2.71
تدلل	2.91
تدله	2.10
تدلى	2.45
تدلي	3.38
تدليس	2.73
تدليع	1.53
تدليك	3.53
تدليل	2.70
تدليه	1.15
تدم	3.00
تدمر	4.24
تدمرتم	0.00
تدمرتن	0.00
تدمرن	0.00
تدمرنا	1.73
تدمروا	1.78
تدمري	2.32
تدمن	2.52
تدمير	4.63
تدن	2.23
تدنؤ	0.00
تدنا	0.00
تدنس	2.46
تدنون	0.00
تدنى	2.33
تدني	3.39
تدنيس	3.09
تدنين	1.02
تدهن	2.83
تدهور	4.16
تدو	1.66
تدوخل	0.00
تدوخلتم	0.00
تدوخلتن	0.00
تدوخلن	0.00
تدوخلنا	0.00
تدوخلوا	0.00
تدور	4.66
تدورتم	0.00
تدورتن	0.00
تدورن	0.00
تدورنا	0.00
تدوروا	1.13
تدورون	1.88
تدوري	1.84
تدورين	2.30
تدوموا	0.00
تدومون	1.52
تدومي	1.20
تدومين	1.04
تدووا	0.00
تدوول	0.00
تدوولتم	0.00
تدوولتن	0.00
تدوولن	0.00
تدوولنا	0.00
تدوولوا	0.00
تدوون	0.00
تدوية	0.00
تدويخ	1.49
تدوير	3.79
تدويل	2.59
تدوين	3.74
تدير	4.15
تديروا	1.33
تديرون	1.59
تديري	1.61
تديرين	1.32
تدين	4.19
تدينوا	1.73
تدينون	1.81
تديني	2.40
تدينين	1.12
تديين	1.31
تذاءب	0.00
تذابح	0.00
تذاعوا	0.00
تذاعون	0.00
تذاعي	0.00
تذاعين	0.00
تذاقوا	0.00
تذاقون	0.00
تذاقي	0.00
تذاقين	0.00
تذاكر	4.24
تذاكرتم	0.00
تذاكرتن	0.00
تذاكرن	0.00
تذاكرنا	1.95
تذاكروا	1.55
تذاكري	1.74
تذاكى	1.02
تذام	0.00
تذبذب	3.13
تذبيح	0.00
تذرع	2.24
تذرى	0.00
تذريب	0.00
تذرية	0.00
تذريع	0.00
تذكار	3.32
تذكاري	3.45
تذكر	4.96
تذكرة	4.28
تذكري	3.28
تذكية	1.79
تذكير	4.01
تذلعبب	0.00
تذلعببن	0.00
تذلعبوا	0.00
تذلعبون	0.00
تذلعبي	0.00
تذلعبين	0.00
تذلل	2.44
تذلول	0.00
تذلولوا	0.00
تذلولون	0.00
تذلولين	0.00
تذليل	2.35
تذمر	3.32
تذمرتم	0.00
تذمرتن	0.00
تذمرن	0.00
تذمرنا	1.45
تذمروا	1.79
تذمري	1.48
تذميم	0.00
تذنبن	0.00
تذنبوا	1.75
تذنبون	1.46
تذنبي	0.00
تذنبين	0.00
تذهبن	1.71
تذهبوا	3.10
تذهبون	2.55
تذهبي	2.49
تذهبين	2.40
تذهيب	2.14
تذوق	3.65
تذوقون	1.04
تذوقي	2.08
تذوقين	0.00
تذوكر	0.00
تذوكرتم	0.00
تذوكرتن	0.00
تذوكرن	0.00
تذوكرنا	0.00
تذوكروا	0.00
تذويب	2.33
تذويد	0.00
تذيعوا	0.00
تذيعون	0.00
تذيعي	0.00
تذيعين	0.00
تذييل	2.17
ترؤس	2.01
ترؤف	0.00
ترئيس	0.00
تراءى	2.66
ترائب	0.00
ترائي	1.90
تراب	3.96
ترابط	3.44
تراتب	1.53
تراتيل	2.96
تراث	4.10
تراجع	4.62
تراجعتم	1.25
تراجعتن	0.00
تراجعن	1.22
تراجعنا	2.40
تراجعوا	2.84
تراجعي	2.28
تراجم	2.98
تراجمة	1.66
تراحم	2.25
تراحوا	0.00
تراحون	0.00
تراحي	0.00
تراحين	0.00
تراخوما	0.00
تراخى	1.98
تراخي	2.51
تراد	1.97
ترادت	0.00
تراددتم	0.00
تراددتن	0.00
تراددن	0.00
تراددنا	0.00
تراددوا	0.00
تراددي	0.00
ترادف	2.36
ترادوا	0.00
ترادون	0.00
ترادي	0.00
ترادين	0.00
تراس	3.69
تراسل	2.83
تراشق	2.37
تراص	1.78
تراصد	0.00
تراصف	1.95
تراضى	1.01
تراضي	2.02
تراغب	0.00
تراف	1.95
ترافع	2.31
ترافعتم	0.00
ترافعتن	0.00
ترافعن	0.00
ترافعنا	0.00
ترافعوا	0.00
ترافعي	0.00
ترافق	3.62
تراقب	4.03
تراقص	2.17
تراقى	0.00
تراقي	1.36
تراكض	1.49
تراكل	0.00
تراكم	3.88
تراكيب	2.71
ترام	3.36
ترامى	1.74
ترامي	1.34
ترانس	2.78
ترانوا	0.00
ترانون	0.00
تراني	3.97
ترانيم	3.10
ترانين	0.00
تراهن	3.28
تراوح	3.30
تراوغ	2.31
تراوق	0.00
تراويح	2.35
تراى	1.27
تراي	3.24
ترايق	0.00
ترب	2.56
تربة	3.73
تربد	1.10
تربسة	0.00
تربص	2.47
تربع	2.98
تربل	2.71
تربون	1.59
تربوي	3.32
تربى	3.62
تربي	3.31
تربية	4.38
تربيع	2.89
تربيعي	1.76
تربين	2.14
تربيوم	0.00
ترتاحوا	2.10
ترتاحون	1.92
ترتاحي	2.29
ترتاحين	2.48
ترتب	3.65
ترتبكن	0.00
ترتبكوا	0.00
ترتبكون	0.00
ترتبكي	0.00
ترتبكين	0.00
ترتجى	1.74
ترتح	1.66
ترتحن	0.00
ترتدد	0.00
ترتددن	0.00
ترتدون	1.28
ترتدى	3.21
ترتدي	4.38
ترتدين	2.47
ترتزقن	0.00
ترتزقوا	0.00
ترتزقون	0.00
ترتزقي	0.00
ترتزقين	0.00
ترتعدن	0.00
ترتعدوا	0.00
ترتعدون	0.00
ترتعدي	0.00
ترتعدين	0.00
ترتفعن	0.00
ترتفعوا	0.00
ترتفعون	0.00
ترتفعي	0.00
ترتفعين	0.00
ترتيب	4.62
ترتيبي	2.41
ترتيل	2.75
ترتيلة	2.48
ترثعنوا	0.00
ترثعنون	0.00
ترثعني	0.00
ترثعنين	0.00
ترثن	0.00
ترثوا	1.02
ترثون	1.13
ترثي	2.41
ترثين	0.00
ترج	2.73
ترجح	3.36
ترجحنوا	0.00
ترجحنون	0.00
ترجحني	0.00
ترجحنين	0.00
ترجع	4.37
ترجف	2.46
ترجل	2.88
ترجلتم	0.00
ترجلتن	0.00
ترجلن	0.00
ترجلنا	1.20
ترجلوا	1.84
ترجلون	0.00
ترجلي	1.08
ترجلين	0.00
ترجم	4.00
ترجمان	3.05
ترجمة	4.92
ترجمي	1.99
ترجى	2.83
ترجي	2.68
ترجيح	2.95
ترجيع	2.34
ترح	1.87
ترحاب	2.63
ترحال	2.54
ترحبن	0.00
ترحبوا	1.43
ترحبون	1.63
ترحبي	0.00
ترحبين	1.30
ترحم	3.12
ترحن	0.00
ترحيب	3.81
ترحيل	3.77
ترحيم	0.00
ترخ	1.39
ترخس	0.00
ترخيص	4.21
ترخيم	1.76
ترداد	1.69
تردد	4.41
ترددتم	0.00
ترددتن	0.00
ترددن	0.00
ترددنا	1.99
ترددوا	2.17
ترددي	2.65
تردن	2.30
تردوا	2.40
تردون	2.52
تردى	2.86
تردي	3.66
ترديد	3.48
تردين	3.15
ترز	1.05
ترزن	0.00
ترزي	2.19
ترزيم	0.00
ترس	3.00
ترسانة	3.25
ترسب	3.00
ترسة	0.00
ترسخ	3.21
ترسل	4.29
ترسم	3.98
ترسيخ	3.76
ترسيل	0.00
ترسيم	3.57
ترش	2.98
ترشح	3.85
ترشش	0.00
ترشف	1.64
ترشيح	4.15
ترشيد	3.28
ترص	2.05
ترصد	3.72
ترصص	0.00
ترصع	1.72
ترصف	1.63
ترصيد	0.00
ترصيع	2.05
ترصيف	1.43
ترضى	3.66
ترضية	2.49
ترطب	2.44
ترطيب	2.98
ترع	2.20
ترعا	1.19
ترعان	0.00
ترعبل	0.00
ترعة	3.00
ترعرع	3.18
ترعن	0.00
ترعو	0.00
ترعوا	0.00
ترعوان	0.00
ترعون	1.44
ترعي	2.39
ترعيب	0.00
ترعين	1.36
ترغلة	0.00
ترغيب	2.26
ترف	3.16
ترفاس	1.08
ترفة	1.13
ترفض	4.33
ترفع	4.39
ترفعتم	0.00
ترفعتن	0.00
ترفعن	1.18
ترفعنا	1.78
ترفعوا	2.66
ترفعي	2.36
ترفق	3.16
ترفل	2.32
ترفه	2.33
ترفيع	2.22
ترفيه	3.58
ترفيهي	3.27
ترق	2.85
ترقب	3.48
ترقدن	0.00
ترقدوا	0.00
ترقدون	0.00
ترقدي	1.35
ترقدين	1.77
ترقرق	1.58
ترقصن	0.00
ترقصوا	1.57
ترقصون	1.93
ترقصي	1.82
ترقصين	2.57
ترقع	1.83
ترقق	2.56
ترقوة	1.89
ترقى	3.56
ترقي	2.61
ترقية	3.92
ترقيد	1.04
ترقيع	2.90
ترقيق	1.93
ترقيم	3.09
ترقين	1.15
ترك	4.93
تركاش	0.00
تركب	3.80
تركة	2.99
تركز	4.42
تركستان	2.95
تركضن	0.00
تركضوا	2.50
تركضون	1.89
تركضي	1.39
تركضين	2.15
تركل	2.25
تركمان	2.43
تركماني	2.32
تركن	3.09
تركي	4.60
تركيا	5.22
تركيب	4.29
تركيبات	3.43
تركيبة	3.68
تركية	4.21
تركيز	4.24
تركيع	2.17
تركين	1.34
ترمرم	0.00
ترمس	2.71
ترمل	2.08
ترمم	2.34
ترموس	0.00
ترمومتر	2.36
ترمى	3.31
ترميز	3.48
ترميل	0.00
ترميم	3.94
ترميمي	1.51
ترن	2.94
ترنج	1.41
ترنجان	0.00
ترنجبين	0.00
ترنح	2.57
ترنق	0.00
ترنم	2.26
ترنيح	0.00
ترنيم	1.91
ترنيمة	3.27
ترنين	0.00
تره	3.28
ترهب	2.57
ترهة	0.00
ترهل	2.51
ترهيب	2.70
تروتة	1.65
تروجع	0.00
تروح	3.54
تروحن	0.00
تروحوا	1.66
تروحون	1.76
تروحي	2.15
تروحين	2.02
ترودد	0.00
تروددتم	0.00
تروددتن	0.00
تروددن	0.00
تروددنا	0.00
تروددوا	0.00
تروس	2.96
تروض	2.55
تروع	2.13
تروفع	0.00
تروق	3.48
ترول	2.30
تروى	3.51
تروي	4.20
ترويب	0.00
تروية	2.43
ترويج	3.70
ترويح	2.00
ترويحة	0.00
ترى	5.27
تري	4.01
ترياق	2.88
تريبة	1.41
تريث	2.68
تريحوا	1.47
تريحون	1.33
تريحي	1.74
تريحين	1.38
تريدوا	2.27
تريدون	3.99
تريدي	2.66
تريدين	3.80
تريض	1.43
ترينوا	0.00
ترينون	0.00
تريني	3.60
ترينين	0.00
ترييش	0.00
تزاحف	0.00
تزاحم	2.90
تزادوا	0.00
تزادون	0.00
تزادي	0.00
تزادين	0.00
تزاروا	0.00
تزارون	0.00
تزاري	0.00
تزارين	1.65
تزامن	3.63
تزاهد	0.00
تزاهر	0.00
تزاوج	3.04
تزاور	1.48
تزايد	4.23
تزايدي	1.37
تزبب	0.00
تزبيب	0.00
تزبيد	0.00
تزبيل	0.00
تزحزح	2.19
تزحلق	2.39
تزحلن	0.00
تزحلوا	0.00
تزحلون	0.00
تزحلي	0.00
تزحلين	0.00
تزخرف	2.04
تزخرفتم	0.00
تزخرفتن	0.00
تزخرفن	0.00
تزخرفنا	0.00
تزخرفوا	0.00
تزخرفي	0.00
تزدادوا	1.01
تزدادون	1.35
تزدادي	1.01
تزدادين	1.78
تزدانوا	0.00
تزدانون	0.00
تزداني	0.00
تزدانين	0.00
تزدحمن	0.00
تزدحموا	0.00
تزدحمون	0.00
تزدحمي	0.00
تزدحمين	0.00
تزدد	1.79
تزددن	0.00
تزدهرن	0.00
تزدهروا	0.00
تزدهرون	0.00
تزدهري	0.00
تزدهرين	0.00
تزدوجن	0.00
تزدوجوا	0.00
تزدوجون	0.00
تزدوجي	0.00
تزدوجين	0.00
تزرقق	0.00
تزرققن	0.00
تزرقوا	0.00
تزرقون	0.00
تزرقي	0.00
تزرقين	0.00
تزريف	0.00
تزريق	0.00
تزعزع	2.69
تزعم	3.76
تزغ	2.19
تزغن	0.00
تزغوين	0.00
تزغيب	0.00
تزفيت	1.46
تزكى	2.29
تزكي	2.50
تزكية	3.05
تزلج	3.42
تزلزل	2.45
تزلزلتم	0.00
تزلزلتن	0.00
تزلزلن	0.00
تزلزلنا	0.00
تزلزلوا	0.00
تزلزلي	0.00
تزلف	2.01
تزليق	1.61
تزمت	1.60
تزمتت	0.00
تزمتم	0.00
تزمتنا	0.00
تزمتوا	0.00
تزمتي	0.00
تزمخر	0.00
تزمزم	0.00
تزمل	0.00
تزمير	1.48
تزن	3.54
تزندق	1.48
تزنر	0.00
تزنوا	1.25
تزنون	0.00
تزني	2.40
تزنين	1.29
تزهد	2.12
تزهرن	0.00
تزهروا	0.00
تزهرون	0.00
تزهري	0.00
تزهرين	1.17
تزهيد	0.00
تزو	2.60
تزوت	0.00
تزوج	4.22
تزوجي	2.48
تزود	3.76
تزوروا	1.67
تزورون	1.83
تزوري	1.87
تزورين	1.78
تزولوا	0.00
تزولون	0.00
تزولي	0.00
تزولين	0.00
تزووا	0.00
تزوون	0.00
تزوى	0.00
تزويتم	0.00
تزويتن	0.00
تزويج	3.03
تزويد	4.10
تزوير	3.87
تزويق	1.78
تزوين	0.00
تزوينا	0.00
تزيا	1.11
تزيد	4.76
تزيدوا	1.91
تزيدون	2.00
تزيدي	2.34
تزيدين	2.31
تزيغوا	0.00
تزيغون	0.00
تزيغي	0.00
تزيغين	0.00
تزين	3.73
تزينتم	0.00
تزينتن	0.00
تزينوا	1.66
تزيني	1.95
تزيي	0.00
تزييت	2.22
تزيير	0.00
تزييف	3.22
تزيين	3.57
تسؤ	1.38
تسؤن	0.00
تسئ	3.16
تسئمن	0.00
تسئموا	0.00
تسئمون	0.00
تسئمي	0.00
تسئمين	0.00
تسئن	0.00
تسا	0.00
تساءا	0.00
تساءان	0.00
تساءل	3.47
تساءلتم	1.53
تساءلتن	0.00
تساءلن	0.00
تساءلنا	2.38
تساءلوا	2.01
تساءلون	1.43
تساءلي	0.00
تساءلين	0.00
تساؤل	3.50
تساؤلي	2.00
تساؤوا	0.00
تساؤون	0.00
تسائلن	0.00
تسائلوا	1.55
تسائلون	0.00
تسائلي	0.00
تسائلين	0.00
تسائوا	0.00
تسائون	0.00
تسائي	0.00
تسائين	0.00
تساب	1.31
تسابق	3.19
تسابى	0.00
تسابيح	2.26
تساجل	0.00
تسار	1.50
تسارع	3.68
تساروا	0.00
تسارون	0.00
تساري	0.00
تسارين	0.00
تسافد	0.00
تسافرن	1.47
تسافروا	1.66
تسافرون	2.33
تسافري	2.16
تسافرين	2.25
تساقط	3.96
تساقطتم	0.00
تساقطتن	0.00
تساقطن	0.00
تساقطنا	0.00
تساقطوا	1.71
تساقطي	0.00
تساقوا	0.00
تساقون	0.00
تساقى	0.00
تساقي	0.00
تساقين	0.00
تساكب	0.00
تساكن	1.64
تسالم	1.47
تسامح	3.52
تسامر	1.42
تسامع	0.00
تسامعتم	0.00
تسامعتن	0.00
تسامعن	0.00
تسامعنا	0.00
تسامعوا	0.00
تسامعي	0.00
تسامن	0.00
تساموا	0.00
تسامون	0.00
تسامى	1.87
تسامي	2.06
تسامين	0.00
تسان	0.00
تساند	3.21
تساندتم	0.00
تساندتن	0.00
تساندن	0.00
تساندنا	1.91
تساندوا	0.00
تساندي	1.50
تساهل	2.91
تساهم	4.25
تساهمي	1.67
تساو	2.46
تساوت	2.84
تساوق	0.00
تساوم	2.60
تساووا	1.48
تساوى	3.18
تساوي	4.23
تساويتم	0.00
تساويتن	0.00
تساوين	1.38
تساوينا	1.73
تساير	2.36
تسايف	0.00
تسايل	1.07
تسبب	4.92
تسبحن	0.00
تسبحوا	1.53
تسبحون	1.87
تسبحي	1.48
تسبحين	1.82
تسبسب	0.00
تسبغلل	0.00
تسبغللن	0.00
تسبغلوا	0.00
تسبغلون	0.00
تسبغلي	0.00
تسبغلين	0.00
تسبكرر	0.00
تسبكررن	0.00
تسبكروا	0.00
تسبكرون	0.00
تسبكري	0.00
تسبكرين	0.00
تسبيح	2.89
تسبيحة	2.55
تسبيع	0.00
تسبيل	0.00
تستا	0.00
تستاءا	0.00
تستاءان	0.00
تستاؤوا	0.00
تستاؤون	0.00
تستائوا	0.00
تستائون	0.00
تستائي	0.00
تستائين	0.00
تستان	0.00
تستانى	0.00
تستتابي	0.00
تستتيبي	0.00
تستثنى	2.41
تستجاري	0.00
تستجيري	0.00
تستحمم	0.00
تستحممن	0.00
تستحموا	0.00
تستحمون	0.00
تستحمي	1.86
تستحمين	1.30
تستحى	1.84
تستحيا	0.00
تستدر	1.96
تستدرن	0.00
تستدفئن	0.00
تستدفئي	0.00
تستديري	0.00
تستر	3.31
تسترجلن	0.00
تسترجلي	0.00
تسترح	1.78
تسترحن	0.00
تستريحي	1.44
تستسلمن	0.00
تستسلمي	2.03
تستضئ	0.00
تستضئن	0.00
تستضيئي	0.00
تستطاعي	0.00
تستطيعي	2.72
تستطيلي	0.00
تستعذ	0.00
تستعذن	0.00
تستعربن	0.00
تستعربي	0.00
تستعيذي	0.00
تستفادي	0.00
تستفيدي	2.44
تستقالي	0.00
تستقتلن	0.00
تستقتلي	0.00
تستقرئن	0.00
تستقران	0.00
تستقرر	0.00
تستقررن	0.00
تستقروا	0.00
تستقرون	1.15
تستقري	1.29
تستقرين	0.00
تستقيلي	0.00
تستقيمي	0.00
تستكلبن	0.00
تستكلبي	0.00
تستلق	0.00
تستلقوا	0.00
تستلقون	0.00
تستلقين	1.28
تستمت	0.00
تستمتعن	0.00
تستمتعي	2.11
تستمتن	0.00
تستمسكن	0.00
تستمسكي	0.00
تستمن	0.00
تستمنوا	0.00
تستمنون	0.00
تستمنين	0.00
تستميتي	0.00
تستنبئن	0.00
تستنبان	0.00
تستندن	0.00
تستندوا	0.00
تستندون	0.00
تستندي	0.00
تستندين	1.27
تستنسرن	0.00
تستنسري	0.00
تستنيري	0.00
تستهزئن	0.00
تستهزئي	1.18
تستو	1.38
تستوفى	1.60
تستول	0.00
تستولوا	0.00
تستولون	0.00
تستولين	0.00
تستووا	0.00
تستوون	0.00
تستوين	0.00
تسجل	4.08
تسجية	0.00
تسجيل	4.93
تسح	1.48
تسحر	2.72
تسحن	0.00
تسخر	3.81
تسخير	3.45
تسخين	3.36
تسدد	3.25
تسدر	0.00
تسديد	3.83
تسديس	1.36
تسديل	0.00
تسر	3.52
تسرب	4.05
تسربل	1.39
تسرة	0.00
تسرت	0.00
تسرح	2.92
تسرع	3.59
تسرعن	0.00
تسرعوا	2.24
تسرعون	1.28
تسرعي	1.72
تسرعين	1.10
تسرول	0.00
تسرى	2.47
تسريب	3.97
تسريج	0.00
تسريح	3.41
تسريحة	3.38
تسريع	3.68
تسطح	2.01
تسطيح	2.50
تسطير	2.44
تسع	4.31
تسعة	4.66
تسعر	2.33
تسعلن	0.00
تسعلوا	0.00
تسعلون	0.00
تسعلي	0.00
تسعلين	0.00
تسعمائة	2.70
تسعوا	2.04
تسعون	3.06
تسعى	4.58
تسعي	3.32
تسعير	3.02
تسعيرة	2.71
تسعين	3.57
تسفد	0.00
تسفر	3.35
تسفل	1.20
تسفه	1.85
تسفيد	1.33
تسفير	2.11
تسفيه	1.83
تسقط	4.41
تسقطن	1.01
تسقطوا	2.01
تسقطون	1.92
تسقطي	1.83
تسقطين	1.81
تسقى	2.71
تسقية	1.47
تسكتن	0.00
تسكتوا	1.62
تسكتون	1.46
تسكتي	1.89
تسكتين	1.92
تسكع	1.97
تسكن	4.07
تسكيت	1.27
تسكير	1.87
تسكين	2.84
تسل	2.49
تسلب	3.12
تسلت	1.46
تسلح	3.13
تسلحتم	0.00
تسلحتن	0.00
تسلحن	0.00
تسلحنا	1.42
تسلحوا	1.98
تسلحي	0.00
تسلخ	2.45
تسلسل	3.64
تسلط	4.12
تسلطن	1.99
تسلف	1.56
تسلق	3.94
تسلقي	1.15
تسلل	3.87
تسلم	4.34
تسلمن	0.00
تسلموا	2.67
تسلمون	2.01
تسلمي	2.80
تسلمين	2.43
تسلنطحن	0.00
تسلنطحي	0.00
تسلنطعن	0.00
تسلنطعي	0.00
تسلوا	1.42
تسلى	2.05
تسلي	2.37
تسلية	3.40
تسليتم	0.00
تسليتن	0.00
تسليح	3.55
تسليط	3.81
تسليف	1.79
تسليم	4.47
تسليمة	2.25
تسلين	1.39
تسلينا	1.86
تسم	2.42
تسمت	2.08
تسمر	2.41
تسمع	4.54
تسمعتم	0.00
تسمعتن	0.00
تسمعن	1.27
تسمعنا	2.29
تسمعوا	3.12
تسمعي	2.80
تسمم	3.86
تسممتم	0.00
تسممتن	0.00
تسممن	0.00
تسممنا	0.00
تسمموا	1.62
تسممي	0.00
تسمن	3.03
تسموا	2.47
تسمون	2.60
تسمى	4.70
تسمي	3.84
تسمية	4.30
تسميتم	0.00
تسميتن	0.00
تسميد	2.29
تسمير	2.10
تسميط	0.00
تسميع	2.12
تسميم	3.26
تسمين	2.83
تسمينا	1.22
تسنم	2.06
تسنن	1.95
تسنوا	0.00
تسنون	0.00
تسنى	2.82
تسني	2.10
تسنيم	3.12
تسنين	1.84
تسهد	0.00
تسهل	3.70
تسهلن	0.00
تسهلوا	0.00
تسهلون	0.00
تسهلي	1.55
تسهلين	0.00
تسهيل	4.09
تسوءا	0.00
تسوءان	0.00
تسوءوا	0.00
تسوءون	0.00
تسوئل	0.00
تسوئوا	0.00
تسوئون	0.00
تسوئي	0.00
تسوئين	0.00
تسور	2.35
تسوس	3.09
تسوق	4.07
تسوقتم	0.00
تسوقتن	0.00
تسوقط	0.00
تسوقن	0.00
تسوقنا	2.00
تسوقوا	1.82
تسوقون	1.48
تسوقي	2.28
تسوقين	1.70
تسوك	1.35
تسول	3.34
تسونامي	3.47
تسوند	0.00
تسوى	3.22
تسوي	3.34
تسوية	4.18
تسويد	1.82
تسويس	0.00
تسويف	2.04
تسويق	4.28
تسيؤوا	0.00
تسيؤون	1.08
تسيئا	0.00
تسيئان	0.00
تسيئوا	1.87
تسيئون	1.67
تسيئي	1.26
تسيئين	1.38
تسيروا	1.82
تسيرون	2.19
تسيري	1.81
تسيرين	1.99
تسيس	1.95
تسيطر	4.32
تسيلوا	0.00
تسيلون	0.00
تسيلي	0.00
تسيلين	0.00
تسييب	0.00
تسييج	1.76
تسيير	3.73
تسييل	2.49
تشاءم	1.45
تشاءمتم	0.00
تشاءمتن	0.00
تشاءمن	0.00
تشاءمنا	0.00
تشاءموا	0.00
تشاءمي	0.00
تشاءى	0.00
تشاؤم	2.51
تشابك	3.07
تشابه	3.84
تشاتم	1.18
تشاجر	2.82
تشاجرتم	0.00
تشاجرتن	0.00
تشاجرن	0.00
تشاجرنا	1.82
تشاجروا	1.99
تشاجري	0.00
تشاح	0.00
تشاحن	1.52
تشاد	4.03
تشادي	2.26
تشارس	0.00
تشارط	0.00
تشارك	4.46
تشاركتم	0.00
تشاركتن	0.00
تشاركن	1.46
تشاركنا	3.29
تشاركوا	2.57
تشاركي	2.89
تشاروا	0.00
تشارون	1.16
تشاري	1.42
تشارين	1.22
تشازر	0.00
تشاطر	2.19
تشاعر	0.00
تشاعوا	0.00
تشاعون	0.00
تشاعي	0.00
تشاعين	0.00
تشاغب	1.48
تشاغل	1.70
تشاغلتم	0.00
تشاغلتن	0.00
تشاغلن	0.00
تشاغلنا	0.00
تشاغلوا	0.00
تشاغلي	0.00
تشاقوا	0.00
تشاقون	0.00
تشاقي	0.00
تشاقين	0.00
تشاكس	1.55
تشاكل	1.84
تشاكى	0.00
تشاكي	2.74
تشالة	0.00
تشامخ	1.65
تشانا	0.00
تشانق	1.92
تشاور	2.82
تشاوش	2.11
تشاوظ	0.00
تشايخ	0.00
تشايظ	0.00
تشايع	0.00
تشبب	1.25
تشبث	2.94
تشبع	3.85
تشبك	2.29
تشبه	4.55
تشبيه	3.35
تشتت	3.53
تشتجرن	0.00
تشتجروا	0.00
تشتجرون	0.00
تشتجري	0.00
تشتجرين	0.00
تشتركن	0.00
تشتركوا	1.66
تشتركون	1.43
تشتركي	1.41
تشتركين	1.24
تشترى	3.54
تشتطط	0.00
تشتططن	0.00
تشتطوا	0.00
تشتطون	0.00
تشتطي	0.00
تشتطين	0.00
تشتغلن	0.00
تشتغلوا	1.53
تشتغلون	1.55
تشتغلي	1.78
تشتغلين	1.90
تشتهرن	0.00
تشتهروا	0.00
تشتهرون	0.00
تشتهري	0.00
تشتهرين	0.00
تشجر	1.11
تشجري	0.00
تشجع	3.98
تشجير	2.52
تشخبط	1.47
تشخص	3.06
تشخصتم	0.00
تشخصتن	0.00
تشخصن	1.08
تشخصنا	0.00
تشخصوا	0.00
تشخصون	0.00
تشخصي	0.00
تشخصين	0.00
تشخيص	4.07
تشخيصي	3.16
تشدد	3.10
تشدق	1.82
تشديد	3.49
تشذب	1.62
تشذيب	2.51
تشذير	0.00
تشرد	2.89
تشرذم	1.84
تشرف	3.78
تشرفتم	0.00
تشرفتن	0.00
تشرفن	0.00
تشرفنا	3.41
تشرفوا	1.58
تشرفون	1.20
تشرفي	1.53
تشرفين	1.25
تشرى	1.42
تشري	2.44
تشريح	3.84
تشريد	3.13
تشريع	3.87
تشريعي	3.04
تشريف	3.04
تشريفات	1.90
تشريق	1.24
تشريك	1.96
تشريم	0.00
تشرين	4.87
تشطيب	3.02
تشطير	1.73
تشظى	1.56
تشظي	1.83
تشع	3.24
تشعب	2.63
تشعث	0.00
تشعشع	0.00
تشعل	3.51
تشعن	0.00
تشعيب	1.39
تشعيث	0.00
تشعيل	1.06
تشغيل	4.69
تشفع	3.27
تشفى	3.14
تشفي	3.18
تشفيع	0.00
تشقق	2.88
تشكر	3.52
تشكرتم	0.00
تشكرتن	0.00
تشكرن	0.00
تشكرنا	1.01
تشكروا	1.90
تشكري	1.74
تشكك	3.35
تشكل	4.81
تشكى	2.00
تشكي	2.82
تشكيك	2.87
تشكيل	4.76
تشكيلة	4.35
تشكيلي	2.83
تشلشل	0.00
تشليح	2.02
تشمئزوا	0.00
تشمئزون	0.00
تشمئزي	0.00
تشمئزين	0.00
تشمت	2.50
تشمر	1.71
تشمس	1.85
تشمم	1.22
تشمير	1.24
تشميس	1.58
تشميع	2.01
تشميم	0.00
تشنج	3.30
تشنن	0.00
تشنيع	1.47
تشنيف	1.66
تشهد	4.34
تشهل	0.00
تشهى	0.00
تشهي	1.12
تشهيد	0.00
تشهير	2.93
تشوجر	0.00
تشورك	0.00
تشوش	2.93
تشوغل	0.00
تشوف	3.61
تشوق	2.25
تشوقون	0.00
تشوقي	0.00
تشوقين	0.00
تشوه	3.77
تشويش	3.50
تشويق	2.91
تشويقة	1.51
تشويك	1.10
تشويه	4.19
تشيؤ	0.00
تشيا	0.00
تشيروا	1.42
تشيرون	2.33
تشيري	2.74
تشيرين	1.73
تشيطن	1.61
تشيع	3.45
تشيعوا	1.69
تشيعون	0.00
تشيعي	0.00
تشيعين	0.00
تشيكي	2.67
تشيكيا	2.41
تشيلي	4.28
تشييب	0.00
تشييت	0.00
تشييخ	0.00
تشييد	3.67
تشييط	0.00
تشييع	3.65
تصاءى	0.00
تصاب	3.81
تصابر	0.00
تصابوا	1.66
تصابون	1.58
تصابى	1.21
تصابي	1.85
تصابين	1.88
تصاحب	3.58
تصاخب	0.00
تصادر	2.98
تصادرتم	0.00
تصادرتن	0.00
تصادرن	0.00
تصادرنا	0.00
تصادروا	0.00
تصادري	0.00
تصادف	3.56
تصادفي	1.46
تصادق	3.08
تصادم	3.69
تصادوا	0.00
تصادون	0.00
تصادي	0.00
تصادين	0.00
تصارخ	1.94
تصارع	3.32
تصاريف	2.46
تصاعب	0.00
تصاعد	3.98
تصاعدي	2.66
تصاغر	1.51
تصاف	0.00
تصافح	2.70
تصافع	0.00
تصافى	0.00
تصافي	0.00
تصالح	3.15
تصاميم	3.98
تصانوا	0.00
تصانون	0.00
تصاني	0.00
تصانيف	3.17
تصانين	0.00
تصاهر	1.20
تصاهل	0.00
تصاول	0.00
تصاوير	2.28
تصايح	1.44
تصبب	1.50
تصبح	4.95
تصبحن	1.85
تصبحوا	2.98
تصبحون	3.61
تصبحي	2.87
تصبحين	2.89
تصبر	3.01
تصبرتم	0.00
تصبرتن	0.00
تصبرن	0.00
تصبرنا	0.00
تصبروا	2.36
تصبري	2.12
تصبصب	0.00
تصبن	1.65
تصبيح	0.00
تصبير	1.58
تصبيرة	1.83
تصبين	1.75
تصتم	0.00
تصح	2.92
تصحح	3.10
تصحر	2.15
تصحف	0.00
تصحن	0.00
تصحيح	4.13
تصحيحي	2.26
تصحيف	2.10
تصدر	4.63
تصدري	1.19
تصدع	3.12
تصدق	4.43
تصدى	3.36
تصدير	4.11
تصديق	3.95
تصرخن	0.00
تصرخوا	1.15
تصرخون	1.51
تصرخي	1.94
تصرخين	1.82
تصرف	4.43
تصرم	1.46
تصريح	4.69
تصريف	3.71
تصطبرن	0.00
تصطبروا	0.00
تصطبرون	0.00
تصطبري	0.00
تصطبرين	0.00
تصطل	0.00
تصطلوا	0.00
تصطلون	1.31
تصطلين	0.00
تصعب	3.59
تصعد	3.63
تصعلك	0.00
تصعيب	1.93
تصعيد	3.70
تصغ	2.68
تصغون	1.10
تصغى	1.77
تصغي	2.80
تصغير	3.47
تصغين	1.72
تصفح	4.21
تصفرر	0.00
تصفررن	0.00
تصفروا	0.00
تصفرون	0.00
تصفري	0.00
تصفرين	0.00
تصفق	2.83
تصفن	1.10
تصفون	2.45
تصفى	2.65
تصفي	2.84
تصفية	3.98
تصفيح	2.08
تصفيد	1.52
تصفير	2.58
تصفيف	2.99
تصفيق	3.42
تصفين	1.89
تصقيع	0.00
تصل	5.07
تصلب	3.58
تصلت	1.02
تصلن	1.12
تصلوا	2.95
تصلون	3.03
تصلى	3.14
تصلي	3.82
تصليب	1.86
تصليتم	0.00
تصليتن	0.00
تصليح	3.43
تصلين	2.44
تصلينا	0.00
تصمتن	0.00
تصمتوا	2.26
تصمتون	1.71
تصمتي	1.50
تصمتين	1.02
تصمدن	0.00
تصمدوا	1.20
تصمدون	0.00
تصمدي	0.00
تصمدين	0.00
تصميم	5.02
تصنع	4.43
تصنف	3.75
تصنيع	4.26
تصنيف	4.52
تصهين	0.00
تصوتن	0.00
تصوتوا	1.98
تصوتون	1.96
تصوتي	1.43
تصوتين	1.21
تصودر	0.00
تصور	4.50
تصوري	3.02
تصوف	2.66
تصوموا	1.97
تصومون	1.60
تصومي	1.66
تصومين	1.48
تصون	2.71
تصونوا	0.00
تصونون	0.00
تصوني	1.16
تصونين	1.01
تصويب	3.50
تصويت	4.14
تصوير	4.90
تصويرة	2.13
تصيبوا	2.46
تصيبون	1.40
تصيبي	1.07
تصيبين	0.00
تصيحوا	0.00
تصيحون	1.86
تصيحي	1.70
تصيحين	2.18
تصيد	2.98
تصيدوا	0.00
تصيدون	1.29
تصيدي	1.07
تصيدين	0.00
تصيروا	1.72
تصيرون	1.79
تصيري	2.11
تصيرين	2.07
تصيف	1.65
تضؤ	0.00
تضؤن	0.00
تضئ	2.65
تضئن	0.00
تضا	0.00
تضاءل	2.88
تضاؤل	2.85
تضاؤوا	0.00
تضاؤون	0.00
تضائوا	0.00
تضائون	0.00
تضائي	0.00
تضائين	0.00
تضاجع	1.97
تضاجعن	0.00
تضاجعوا	0.00
تضاجعون	0.00
تضاجعي	0.00
تضاجعين	0.00
تضاحك	1.20
تضاد	2.46
تضادت	0.00
تضاددتم	0.00
تضاددتن	0.00
تضاددن	0.00
تضاددنا	0.00
تضاددوا	0.00
تضاددي	0.00
تضادوا	0.00
تضادون	0.00
تضادي	0.00
تضادين	0.00
تضارب	3.57
تضاريس	3.10
تضاعف	3.77
تضاعوا	0.00
تضاعون	0.00
تضاعي	0.00
تضاعين	0.00
تضاغط	1.39
تضاغن	0.00
تضافر	3.27
تضافوا	0.00
تضافون	0.00
تضافي	0.00
تضافين	0.00
تضام	1.94
تضامن	3.61
تضامني	2.68
تضان	0.00
تضايق	3.13
تضايقتم	0.00
تضايقتن	0.00
تضايقن	0.00
تضايقنا	2.10
تضايقوا	1.89
تضايقي	1.38
تضجر	2.33
تضجع	0.00
تضحكن	0.00
تضحكوا	2.17
تضحكون	2.93
تضحكي	2.52
تضحكين	3.32
تضحية	3.44
تضخم	3.80
تضخمتم	0.00
تضخمتن	0.00
تضخمن	0.00
تضخمنا	0.00
تضخموا	0.00
تضخمي	1.87
تضخيم	3.49
تضربن	1.34
تضربوا	2.44
تضربون	2.06
تضربي	1.96
تضربين	1.81
تضرج	0.00
تضرر	3.66
تضرع	2.58
تضرغطط	0.00
تضرغططن	0.00
تضرغطوا	0.00
تضرغطون	0.00
تضرغطي	0.00
تضرغطين	0.00
تضرم	2.22
تضريج	0.00
تضرير	0.00
تضريس	0.00
تضريم	0.00
تضطربن	0.00
تضطربوا	1.42
تضطربون	0.00
تضطربي	0.00
تضطربين	0.00
تضعضع	1.98
تضعفن	0.00
تضعفوا	1.09
تضعفون	0.00
تضعفي	1.59
تضعفين	1.59
تضعن	1.47
تضعوا	2.51
تضعون	2.38
تضعي	2.95
تضعيف	2.00
تضعين	2.68
تضلع	1.85
تضليل	3.42
تضمحلل	0.00
تضمحللن	0.00
تضمحلوا	0.00
تضمحلون	0.00
تضمحلي	0.00
تضمحلين	0.00
تضمخ	0.00
تضمد	2.35
تضمر	2.60
تضمن	4.43
تضميد	2.58
تضمين	3.60
تضوءوا	0.00
تضوءون	0.00
تضوؤوا	0.00
تضوؤون	0.00
تضوئ	0.00
تضوئة	0.00
تضوئن	0.00
تضوئوا	0.00
تضوئون	0.00
تضوئي	0.00
تضوئين	0.00
تضوا	0.00
تضواتم	0.00
تضواتن	0.00
تضوان	0.00
تضوانا	0.00
تضور	1.86
تضوع	1.66
تضيؤوا	0.00
تضيؤون	0.00
تضيئوا	0.00
تضيئون	1.04
تضيئي	1.07
تضيئين	1.29
تضيعوا	2.52
تضيعون	2.13
تضيعي	2.25
تضيعين	2.26
تضيفوا	1.89
تضيفون	1.71
تضيفي	2.42
تضيفين	2.19
تضيق	3.71
تضييع	3.52
تضييف	0.00
تضييق	3.56
تطؤوا	0.00
تطؤون	0.00
تطئي	0.00
تطئين	0.00
تطا	1.29
تطابق	3.70
تطاحن	1.32
تطارح	1.30
تطارحتم	0.00
تطارحتن	0.00
تطارحن	0.00
تطارحنا	0.00
تطارحوا	0.00
تطارحي	0.00
تطارد	3.25
تطارش	0.00
تطاطؤ	0.00
تطاطا	1.04
تطاعم	0.00
تطاعن	0.00
تطاعوا	0.00
تطاعون	0.00
تطاعي	0.00
تطاعين	0.00
تطالا	0.00
تطالوا	0.00
تطالون	0.00
تطالي	0.00
تطالين	0.00
تطامن	0.00
تطان	0.00
تطاوع	1.20
تطاول	3.06
تطاولتم	0.00
تطاولتن	0.00
تطاولن	0.00
تطاولنا	0.00
تطاولوا	1.96
تطاولي	0.00
تطاير	2.70
تطبب	1.35
تطبع	3.52
تطبق	4.06
تطبلن	0.00
تطبلوا	0.00
تطبلون	1.23
تطبلي	0.00
تطبلين	0.00
تطبيب	1.97
تطبيع	3.35
تطبيق	5.24
تطبيقي	2.89
تطبيل	1.93
تطر	1.99
تطرب	2.54
تطربن	0.00
تطربوا	0.00
تطربون	0.00
تطربي	0.00
تطربين	0.00
تطرح	4.02
تطرحتم	0.00
تطرحتن	0.00
تطرحن	0.00
تطرحنا	0.00
تطرحوا	1.65
تطرحي	1.63
تطرز	1.94
تطرف	3.04
تطرفتم	0.00
تطرفتن	0.00
تطرفن	0.00
تطرفنا	0.00
تطرفوا	1.59
تطرفي	0.00
تطرق	3.93
تطرن	0.00
تطريب	1.42
تطريز	2.64
تطريف	0.00
تطريق	1.50
تطعيم	3.36
تطف	1.59
تطفؤوا	0.00
تطفؤون	0.00
تطفئن	0.00
تطفئوا	1.74
تطفئون	0.00
تطفئي	1.31
تطفئين	0.00
تطفان	0.00
تطفل	2.61
تطفون	0.00
تطفي	2.12
تطفين	1.27
تطلاب	0.00
تطلب	4.64
تطلع	3.96
تطلقن	1.35
تطلقوا	2.36
تطلقون	2.05
تطلقي	1.94
تطلقين	1.72
تطلي	2.10
تطليق	2.33
تطمئنوا	1.29
تطمئنون	0.00
تطمئني	1.60
تطمئنين	0.00
تطمير	0.00
تطميع	0.00
تطنيب	0.00
تطنيف	0.00
تطنين	0.00
تطهر	3.17
تطهير	3.87
تطواف	1.57
تطوان	3.45
تطور	4.73
تطورح	0.00
تطورحتم	0.00
تطورحتن	0.00
تطورحن	0.00
تطورحنا	0.00
تطورحوا	0.00
تطوس	0.00
تطوع	3.59
تطوعون	0.00
تطوعي	3.22
تطوعين	0.00
تطوف	3.29
تطول	3.63
تطولتم	0.00
تطولتن	0.00
تطولن	0.00
تطولنا	0.00
تطولوا	0.00
تطولون	0.00
تطولي	1.41
تطولين	1.20
تطوول	0.00
تطوى	2.86
تطويح	0.00
تطوير	5.00
تطويف	1.57
تطويق	3.12
تطويل	3.07
تطيب	2.81
تطير	3.94
تطيروا	1.54
تطيرون	1.89
تطيري	1.59
تطيرين	1.81
تطيعوا	2.24
تطيعون	1.56
تطيعي	1.18
تطيعين	1.36
تطيف	0.00
تطيلا	0.00
تطيلوا	1.49
تطيلون	0.00
تطيلي	1.53
تطيلين	0.00
تطييب	1.81
تطيير	2.17
تطيين	0.00
تظافر	1.95
تظاهر	3.84
تظاهرة	3.70
تظاهرتم	0.00
تظاهرتن	0.00
تظاهرن	1.01
تظاهرنا	1.80
تظاهروا	3.04
تظاهري	2.00
تظفير	0.00
تظلل	2.29
تظللن	0.00
تظلم	3.49
تظلمن	1.12
تظلموا	2.41
تظلمون	2.38
تظلمي	1.52
تظلمين	1.04
تظلوا	1.63
تظلون	1.65
تظلي	1.98
تظليل	2.79
تظلين	2.32
تظهير	1.83
تظوهر	0.00
تعابير	3.59
تعادل	4.29
تعادوا	1.29
تعادون	1.13
تعادى	1.66
تعادي	2.79
تعادين	0.00
تعارض	3.98
تعارف	3.55
تعارفتم	0.00
تعارفتن	0.00
تعارفن	0.00
تعارفنا	2.23
تعارفوا	1.89
تعارفي	1.35
تعارك	2.36
تعاروا	0.00
تعارون	0.00
تعاري	0.00
تعارين	0.00
تعاز	0.00
تعازل	0.00
تعازى	1.08
تعازي	3.12
تعاسر	0.00
تعاشر	2.91
تعاصر	1.98
تعاض	0.00
تعاضد	1.73
تعاطف	3.54
تعاطى	2.94
تعاطي	3.81
تعاظل	0.00
تعاظم	2.86
تعافى	3.22
تعافي	3.33
تعاقب	3.77
تعاقد	3.57
تعاقل	0.00
تعاكس	2.59
تعاكستم	0.00
تعاكستن	0.00
تعاكسن	0.00
تعاكسنا	0.00
تعاكسوا	0.00
تعاكسي	0.00
تعال	4.71
تعالت	3.06
تعالج	3.97
تعالق	1.17
تعالم	1.46
تعالوا	4.06
تعالى	5.12
تعالي	4.51
تعاليتم	0.00
تعاليتن	0.00
تعاليق	2.26
تعاليل	1.65
تعالين	1.40
تعالينا	0.00
تعامل	4.34
تعاملتم	1.61
تعاملتن	0.00
تعاملن	1.16
تعاملنا	3.43
تعاملوا	3.17
تعاملي	2.82
تعامى	1.34
تعامي	1.09
تعاند	2.24
تعانق	3.03
تعاهد	2.40
تعاور	0.00
تعاوض	0.00
تعاون	4.37
تعاونتم	1.41
تعاونتن	0.00
تعاونوا	2.94
تعاوني	3.29
تعاويذ	2.64
تعايا	0.00
تعايب	0.00
تعاير	1.87
تعايش	3.31
تعب	4.00
تعبئة	3.85
تعبان	2.92
تعبتم	1.80
تعبتن	0.00
تعبد	3.41
تعبدتم	0.00
تعبدتن	0.00
تعبدن	0.00
تعبدنا	1.57
تعبدوا	2.71
تعبدي	1.76
تعبس	2.25
تعبسن	0.00
تعبسوا	0.00
تعبسون	0.00
تعبسي	0.00
تعبسين	0.00
تعبن	1.39
تعبنا	3.28
تعبوا	2.94
تعبيد	2.91
تعبير	4.25
تعبيري	2.90
تعبيرية	3.18
تعبيس	0.00
تعتع	0.00
تعتعة	0.00
تعتملن	0.00
تعتملوا	0.00
تعتملون	0.00
تعتملي	0.00
تعتملين	0.00
تعتن	1.32
تعتنوا	1.35
تعتنون	0.00
تعتنين	1.76
تعتيب	0.00
تعتيق	1.93
تعتيم	2.97
تعثر	3.93
تعجب	3.79
تعجبن	0.00
تعجبون	2.18
تعجبي	2.14
تعجبين	1.38
تعجر	1.37
تعجرف	1.78
تعجرفي	0.00
تعجل	3.22
تعجلن	0.00
تعجلوا	2.26
تعجلون	0.00
تعجلي	1.73
تعجلين	0.00
تعجن	2.12
تعداد	4.11
تعدد	4.24
تعددي	2.28
تعددية	3.37
تعدل	3.60
تعدن	1.82
تعدوا	2.95
تعدون	2.61
تعدى	3.58
تعدي	3.66
تعديل	4.71
تعدين	3.67
تعذب	3.37
تعذر	3.72
تعذيب	4.04
تعر	2.72
تعرب	2.92
تعربتم	0.00
تعربتن	0.00
تعربن	0.00
تعربنا	0.00
تعربوا	1.29
تعربي	0.00
تعرج	2.93
تعرض	5.02
تعرف	5.29
تعرفة	3.09
تعرفي	3.70
تعرق	2.87
تعرقب	0.00
تعرقتم	0.00
تعرقتن	0.00
تعرقل	3.35
تعرقن	0.00
تعرقنا	0.00
تعرقوا	0.00
تعرقون	0.00
تعرقي	0.00
تعرقين	0.00
تعرى	2.57
تعري	3.28
تعريب	3.23
تعرية	3.22
تعريجة	0.00
تعريض	3.67
تعريف	4.69
تعريفات	3.41
تعريفة	2.62
تعريق	1.48
تعز	4.39
تعزب	1.39
تعزز	4.04
تعزل	2.91
تعزم	2.46
تعزية	3.31
تعزير	2.09
تعس	2.45
تعسر	2.56
تعسف	2.63
تعسفي	3.11
تعسير	1.81
تعسيف	0.00
تعش	3.35
تعشت	0.00
تعشق	3.47
تعشم	1.20
تعشن	1.64
تعشوا	1.73
تعشى	2.20
تعشي	1.87
تعشيب	1.45
تعشية	0.00
تعشيتم	0.00
تعشيتن	0.00
تعشيش	1.92
تعشيق	2.14
تعشيقة	0.00
تعشين	1.18
تعشينا	1.89
تعص	1.81
تعصب	3.55
تعصر	2.68
تعصى	2.13
تعصي	2.70
تعصيب	1.91
تعصير	1.48
تعطر	2.23
تعطش	2.51
تعطف	2.36
تعطل	3.89
تعطلن	0.00
تعطلوا	1.60
تعطلون	1.13
تعطلي	1.02
تعطلين	0.00
تعطى	3.93
تعطير	2.08
تعطيس	0.00
تعطيش	1.39
تعطيل	4.11
تعظل	0.00
تعظم	3.02
تعظن	0.00
تعظوا	0.00
تعظون	1.66
تعظي	0.00
تعظيل	0.00
تعظيم	3.38
تعظين	0.00
تعفج	0.00
تعفر	1.39
تعفرت	0.00
تعفف	1.61
تعفن	3.03
تعفنتم	0.00
تعفنتن	0.00
تعفنوا	0.00
تعفني	1.24
تعفى	2.39
تعفير	1.31
تعقب	4.09
تعقد	4.12
تعقل	3.10
تعقيب	2.87
تعقيد	3.60
تعقيل	1.22
تعقيم	3.29
تعكز	0.00
تعل	2.36
تعلة	0.00
تعلف	1.44
تعلق	4.37
تعلقي	2.72
تعلل	2.09
تعلم	5.32
تعلمن	2.48
تعلمون	4.63
تعلمي	3.51
تعلمين	3.54
تعلوا	2.61
تعلون	1.10
تعلى	2.53
تعلي	2.67
تعليب	2.84
تعلية	2.17
تعليف	1.17
تعليق	4.61
تعليقة	2.59
تعليل	2.58
تعليم	4.73
تعليمات	4.17
تعليمي	3.94
تعلين	1.30
تعم	3.62
تعمج	0.00
تعمد	3.77
تعمدي	1.49
تعمر	3.04
تعمق	3.30
تعمقن	0.00
تعمقوا	1.85
تعمقون	0.00
تعمقي	1.76
تعمقين	0.00
تعمل	5.40
تعملتم	0.00
تعملتن	0.00
تعملن	2.09
تعملنا	1.66
تعملوا	3.05
تعملي	3.17
تعمم	2.86
تعموا	0.00
تعمون	0.00
تعمى	2.64
تعمي	2.58
تعميد	2.81
تعمير	2.95
تعميق	3.47
تعميم	3.89
تعمين	1.62
تعنت	2.58
تعنى	4.30
تعني	4.95
تعنيب	0.00
تعنيت	1.70
تعنيس	0.00
تعهد	3.96
تعوج	1.76
تعوجج	0.00
تعوججن	0.00
تعوجوا	0.00
تعوجون	0.00
تعوجي	0.00
تعوجين	0.00
تعود	5.02
تعودوا	3.45
تعودون	2.37
تعودي	2.84
تعودين	2.26
تعوذ	2.37
تعورف	0.00
تعورن	0.00
تعوروا	0.00
تعورون	0.00
تعوري	0.00
تعورين	0.00
تعوض	3.47
تعوق	2.97
تعولي	0.00
تعومل	0.00
تعوون	0.00
تعويج	0.00
تعويد	2.86
تعويذ	1.13
تعويذة	3.09
تعوير	0.00
تعويص	0.00
تعويض	4.06
تعويل	0.00
تعويم	2.67
تعى	2.31
تعيا	1.70
تعيدوا	2.35
تعيدون	2.26
تعيدي	2.26
تعيدين	2.30
تعيروا	1.29
تعيرون	1.05
تعيري	1.08
تعيرين	1.14
تعيس	3.08
تعيش	5.11
تعيشوا	2.71
تعيشون	2.92
تعيشي	3.34
تعيشين	2.92
تعين	3.83
تعييب	0.00
تعيير	2.02
تعييش	1.32
تعييط	0.00
تعييل	0.00
تعيين	4.52
تغا	0.00
تغابط	0.00
تغابن	0.00
تغابى	0.00
تغازل	2.70
تغاضى	3.13
تغاضي	2.52
تغافل	2.37
تغالب	2.00
تغالط	1.63
تغامز	0.00
تغامس	0.00
تغامض	0.00
تغانى	0.00
تغاني	1.04
تغاور	0.00
تغاوى	0.00
تغايا	0.00
تغايب	0.00
تغاير	2.22
تغب	2.80
تغتلمن	0.00
تغتلموا	0.00
تغتلمون	0.00
تغتلمي	0.00
تغتلمين	0.00
تغد	1.51
تغدت	1.13
تغدوا	2.08
تغدى	1.91
تغدي	1.93
تغدية	1.65
تغديتم	0.00
تغديتن	0.00
تغدين	1.21
تغدينا	1.82
تغذى	2.73
تغذي	3.45
تغذية	4.00
تغر	2.02
تغرب	3.44
تغربن	0.00
تغربوا	1.80
تغربون	0.00
تغربي	0.00
تغربين	0.00
تغرد	3.71
تغرغر	1.78
تغرغرتم	0.00
تغرغرتن	0.00
تغرغرن	0.00
تغرغرنا	0.00
تغرغروا	0.00
تغرغري	0.00
تغريب	2.47
تغريد	3.71
تغريدة	4.46
تغريز	1.16
تغريق	1.10
تغريم	3.14
تغزل	2.69
تغسيل	2.17
تغشم	0.00
تغشى	2.32
تغشي	1.83
تغضب	3.81
تغضن	1.35
تغطرس	1.59
تغطرف	0.00
تغطى	3.45
تغطي	4.38
تغطية	4.48
تغطيس	1.81
تغفل	3.19
تغفيق	0.00
تغل	2.00
تغلب	3.93
تغلطن	0.00
تغلطوا	0.00
تغلطون	0.00
تغلطي	1.34
تغلطين	0.00
تغلغل	2.91
تغلف	2.81
تغلمن	0.00
تغلموا	0.00
تغلمون	0.00
تغلمي	0.00
تغلمين	0.00
تغلوا	1.93
تغلون	0.00
تغليب	2.48
تغليط	1.25
تغليظ	2.16
تغليف	3.36
تغليق	1.15
تغليل	0.00
تغلين	1.16
تغمد	2.24
تغمغم	1.42
تغمم	0.00
تغمي	0.00
تغميس	1.81
تغميض	1.59
تغنج	1.44
تغنم	1.77
تغنى	3.49
تغني	4.15
تغنية	0.00
تغور	2.07
تغوط	2.04
تغوية	0.00
تغويص	0.00
تغى	0.00
تغيب	4.05
تغيبتم	0.00
تغيبتن	0.00
تغيبن	1.16
تغيبنا	1.29
تغيبوا	2.10
تغيبون	1.43
تغيبي	2.48
تغيبين	2.21
تغير	4.99
تغيرتم	0.00
تغيرتن	0.00
تغيرن	1.41
تغيرنا	2.73
تغيروا	2.94
تغيري	2.77
تغيظ	2.06
تغيل	0.00
تغيم	2.01
تغييب	2.61
تغيير	5.11
تغييرة	1.62
تغييظ	0.00
تغييم	1.26
تفئ	0.00
تفاءل	2.42
تفاؤل	3.50
تفاتح	1.21
تفاجؤوا	1.19
تفاجؤون	0.00
تفاجئن	0.00
تفاجئوا	2.14
تفاجئون	0.00
تفاجا	3.40
تفاجان	0.00
تفاجر	0.00
تفاح	3.43
تفاحة	3.40
تفاحش	0.00
تفاخر	2.99
تفادوا	1.52
تفادون	0.00
تفادى	2.98
تفادي	3.79
تفادين	0.00
تفارج	0.00
تفارغي	0.00
تفارق	3.45
تفارقتم	0.00
تفارقتن	0.00
تفارقن	0.00
تفارقنا	2.16
تفارقوا	1.34
تفارقي	1.71
تفاريج	0.00
تفاسح	0.00
تفاسخ	0.00
تفاسد	0.00
تفاسير	2.64
تفاصح	0.00
تفاصيل	4.88
تفاضح	0.00
تفاضل	2.58
تفاضلتم	0.00
تفاضلتن	0.00
تفاضلن	0.00
تفاضلنا	0.00
تفاضلوا	0.00
تفاضلي	1.89
تفاعل	4.46
تفاعلتم	0.00
تفاعلتن	0.00
تفاعلن	0.00
تفاعلنا	2.07
تفاعلوا	2.79
تفاعلي	3.28
تفاف	0.00
تفافيح	0.00
تفاقد	0.00
تفاقم	3.94
تفاكه	0.00
تفال	1.29
تفانى	1.92
تفاني	2.64
تفاه	0.00
تفاهة	3.08
تفاهم	3.91
تفاوت	3.26
تفاوض	3.52
تفاوه	0.00
تفتت	2.99
تفتح	4.47
تفتحتم	0.00
تفتحتن	0.00
تفتحن	0.00
تفتحنا	0.00
تفتحوا	2.34
تفتحي	2.55
تفتر	2.62
تفتق	2.24
تفتقرن	0.00
تفتقروا	0.00
تفتقرون	1.10
تفتقري	0.00
تفتقرين	1.14
تفتك	2.78
تفتل	1.63
تفتيت	3.02
تفتيح	2.84
تفتير	0.00
تفتيش	4.21
تفث	0.00
تفجر	3.68
تفجرتم	0.00
تفجرتن	0.00
تفجرن	0.00
تفجرنا	0.00
تفجروا	1.46
تفجرون	1.34
تفجري	0.00
تفجرين	0.00
تفجع	2.28
تفجير	4.37
تفجيع	0.00
تفحش	0.00
تفحشن	0.00
تفحشوا	0.00
تفحشون	0.00
تفحشي	0.00
تفحشين	0.00
تفحص	3.45
تفحم	2.38
تفحيش	0.00
تفحيم	1.27
تفخر	3.50
تفخيم	2.06
تفراج	0.00
تفرج	3.03
تفرجة	0.00
تفرحن	0.00
تفرحوا	2.33
تفرحون	2.14
تفرحي	2.11
تفرحين	1.76
تفرد	3.56
تفرر	0.00
تفررن	0.00
تفرس	1.62
تفرع	2.69
تفرعن	1.34
تفرغ	3.60
تفرق	3.90
تفرقة	3.18
تفرقتم	1.32
تفرقتن	0.00
تفرقع	2.04
تفرقن	1.34
تفرقنا	2.98
تفرقوا	3.27
تفرقي	1.72
تفرن	0.00
تفرنج	0.00
تفرنس	0.00
تفروا	1.23
تفرون	2.09
تفري	1.73
تفريج	2.58
تفريح	1.26
تفريط	2.74
تفريغ	3.72
تفريق	3.48
تفريقي	1.71
تفرين	1.24
تفزر	0.00
تفزيع	0.00
تفسح	2.73
تفسخ	2.46
تفسر	3.97
تفسيح	0.00
تفسير	4.68
تفسيرات	3.36
تفسيري	2.52
تفش	2.50
تفشى	3.04
تفشي	3.97
تفصح	3.28
تفصحن	0.00
تفصحوا	0.00
تفصحون	0.00
تفصحي	0.00
تفصحين	0.00
تفصد	1.18
تفصل	3.88
تفصيص	1.13
تفصيل	3.72
تفصيلا	3.54
تفصيلي	3.03
تفضل	4.78
تفضى	2.23
تفضي	2.97
تفضيض	0.00
تفضيل	3.80
تفطر	2.99
تفطرتم	0.00
تفطرتن	0.00
تفطرن	0.00
تفطرنا	0.00
تفطروا	1.36
تفطرون	1.59
تفطري	1.59
تفطرين	1.59
تفطن	2.23
تفطير	1.79
تفطين	0.00
تفعيل	4.27
تففة	0.00
تفقا	1.49
تفقد	4.49
تفقدي	2.81
تفقص	1.46
تفقفق	0.00
تفقم	1.16
تفقن	0.00
تفقه	3.06
تفقوا	1.07
تفقون	0.00
تفقي	0.00
تفقيع	0.00
تفقين	0.00
تفقيه	0.00
تفكر	4.62
تفكرن	0.00
تفكروا	3.19
تفكرون	3.23
تفكري	2.95
تفكرين	3.12
تفكك	3.44
تفكه	1.78
تفكير	4.29
تفكيك	3.91
تفل	2.62
تفلت	3.46
تفلج	0.00
تفلح	3.49
تفلسف	1.99
تفلق	1.68
تفلور	0.00
تفلى	0.00
تفلي	1.56
تفليس	2.11
تفليق	0.00
تفن	1.45
تفنن	2.54
تفنى	2.98
تفنيد	2.55
تفنين	0.00
تفه	2.03
تفهة	0.00
تفهم	4.44
تفهيم	1.64
تفوا	1.13
تفورق	0.00
تفوضل	0.00
تفوعل	0.00
تفوق	4.25
تفون	0.00
تفوه	2.79
تفويت	3.33
تفويض	3.78
تفويق	0.00
تفيا	0.00
تفيدوا	0.00
تفيدون	0.00
تفيدي	1.25
تفيدين	1.06
تفيش	0.00
تفين	0.00
تفيهق	0.00
تقئ	1.01
تقئن	0.00
تقابل	3.86
تقابلتم	0.00
تقابلتن	0.00
تقابلن	0.00
تقابلنا	2.82
تقابلوا	2.36
تقابلي	2.03
تقاتل	3.86
تقاتلتم	0.00
تقاتلتن	0.00
تقاتلن	0.00
تقاتلنا	1.62
تقاتلوا	2.46
تقاتلي	1.31
تقادم	2.52
تقادوا	0.00
تقادون	0.00
تقادي	0.00
تقادين	0.00
تقاذف	1.63
تقارب	3.96
تقارص	0.00
تقارض	0.00
تقارضتم	0.00
تقارضتن	0.00
تقارضن	0.00
تقارضنا	0.00
تقارضوا	0.00
تقارضي	0.00
تقارظ	0.00
تقارع	1.97
تقارن	3.75
تقاسم	3.73
تقاسوا	0.00
تقاسون	0.00
تقاسي	2.02
تقاسيم	2.84
تقاسين	0.00
تقاص	0.00
تقاصر	1.35
تقاصف	0.00
تقاض	1.45
تقاضى	2.42
تقاضي	3.04
تقاطر	1.90
تقاطرتم	0.00
تقاطرتن	0.00
تقاطرن	0.00
تقاطرنا	0.00
تقاطروا	0.00
تقاطري	0.00
تقاطع	4.10
تقاطعتم	0.00
تقاطعتن	0.00
تقاطعن	0.00
تقاطعنا	1.32
تقاطعوا	1.86
تقاطعي	1.87
تقاطيع	2.05
تقاعد	3.67
تقاعس	3.09
تقافز	0.00
تقالد	0.00
تقالوا	0.00
تقالون	0.00
تقالي	0.00
تقاليد	3.93
تقالين	0.00
تقامر	1.65
تقامرتم	0.00
تقامرتن	0.00
تقامرن	0.00
تقامرنا	0.00
تقامروا	0.00
تقامري	0.00
تقاموا	0.00
تقامون	0.00
تقامي	0.00
تقامين	0.00
تقانة	2.22
تقاول	0.00
تقاوم	3.69
تقاوى	1.41
تقاوي	1.47
تقايض	2.15
تقايل	0.00
تقبب	0.00
تقبحن	0.00
تقبحوا	0.00
تقبحون	0.00
تقبحي	0.00
تقبحين	0.00
تقبض	3.55
تقبل	4.66
تقبلتم	0.00
تقبلتن	0.00
تقبلن	1.68
تقبلنا	2.48
تقبلوا	3.07
تقبلي	2.91
تقبيب	0.00
تقبيح	1.43
تقبيض	0.00
تقبيل	3.81
تقبين	0.00
تقتربن	0.00
تقتربوا	1.98
تقتربون	1.38
تقتربي	2.06
تقتربين	1.63
تقتضى	1.94
تقتل	4.35
تقتنعن	0.00
تقتنعوا	1.68
تقتنعون	1.17
تقتنعي	1.70
تقتنعين	1.65
تقتير	1.49
تقتيل	1.71
تقحم	2.48
تقحيم	0.00
تقدد	0.00
تقدر	4.74
تقدس	3.03
تقدسن	0.00
تقدسوا	0.00
تقدسون	1.23
تقدسي	0.00
تقدسين	0.00
تقدم	5.18
تقدمة	2.69
تقدمي	3.62
تقدمية	3.15
تقديد	0.00
تقدير	4.68
تقديري	3.38
تقديس	3.43
تقديم	5.17
تقذر	0.00
تقذير	0.00
تقرا	4.49
تقرب	3.59
تقرح	2.46
تقرر	4.28
تقررتم	0.00
تقررتن	0.00
تقررن	0.00
تقررنا	0.00
تقرروا	1.70
تقرري	1.98
تقرفص	0.00
تقريب	3.47
تقريبا	5.31
تقرير	5.02
تقريري	2.66
تقريص	0.00
تقريض	0.00
تقريظ	1.91
تقريع	1.95
تقزز	1.64
تقزم	2.10
تقسم	3.87
تقسيط	3.34
تقسيم	4.39
تقشر	2.78
تقشط	1.01
تقشع	1.54
تقشعرر	0.00
تقشعررن	0.00
تقشعروا	0.00
تقشعرون	0.00
تقشعري	0.00
تقشعرين	0.00
تقشف	2.58
تقشيب	0.00
تقشير	3.04
تقشيف	0.00
تقصد	3.88
تقصص	2.07
تقصف	3.70
تقصى	2.45
تقصي	3.49
تقصيب	0.00
تقصير	3.70
تقصيص	0.00
تقضب	0.00
تقضى	3.47
تقضي	4.25
تقضيب	0.00
تقطب	1.68
تقطبتم	0.00
تقطبتن	0.00
تقطبن	0.00
تقطبنا	0.00
تقطبوا	0.00
تقطبي	0.00
تقطر	2.99
تقطرتم	0.00
تقطرتن	0.00
تقطرن	0.00
تقطرنا	0.00
تقطروا	0.00
تقطرون	0.00
تقطري	0.00
تقطرين	1.46
تقطع	4.22
تقطيب	1.85
تقطير	2.78
تقطيع	3.86
تقع	5.03
تقعد	3.12
تقعر	1.89
تقعرن	0.00
تقعروا	0.00
تقعرون	0.00
تقعري	0.00
تقعرين	0.00
تقعن	1.13
تقعوا	2.14
تقعون	1.63
تقعي	2.21
تقعير	1.08
تقعين	1.98
تقفزن	0.00
تقفزوا	0.00
تقفزون	1.05
تقفزي	1.09
تقفزين	1.06
تقفن	1.10
تقفوا	2.41
تقفون	2.36
تقفى	1.88
تقفي	3.03
تقفية	1.17
تقفيل	2.11
تقفين	2.25
تقلا	2.36
تقلب	3.72
تقلد	3.73
تقلص	3.77
تقلع	3.48
تقلقل	2.06
تقلقن	1.01
تقلقوا	2.69
تقلقون	1.29
تقلقي	2.85
تقلقين	1.77
تقلى	2.60
تقلي	2.76
تقليب	3.00
تقليد	4.17
تقليدي	4.03
تقليص	3.95
تقليع	0.00
تقليعة	1.69
تقليل	4.33
تقليم	3.06
تقم	4.15
تقمرن	0.00
تقمروا	0.00
تقمرون	0.00
تقمري	0.00
تقمرين	0.00
تقمص	3.16
تقمم	1.09
تقمن	1.81
تقنص	1.57
تقنع	3.72
تقنى	2.12
تقني	3.82
تقنية	4.79
تقنيط	0.00
تقهقر	2.54
تقهقهن	0.00
تقهقهوا	0.00
تقهقهون	0.00
تقهقهي	0.00
تقهقهين	0.00
تقو	2.63
تقوا	1.64
تقوبل	0.00
تقوت	2.05
تقوتل	0.00
تقودوا	1.40
تقودون	1.74
تقودي	2.16
تقودين	1.52
تقورض	0.00
تقورضتم	0.00
تقورضتن	0.00
تقورضن	0.00
تقورضنا	0.00
تقورضوا	0.00
تقوس	2.76
تقوض	2.75
تقوطر	0.00
تقوطع	0.00
تقوقع	1.65
تقول	5.52
تقولون	3.70
تقولي	4.00
تقولين	3.98
تقوم	5.43
تقومر	0.00
تقوموا	3.24
تقومون	3.31
تقومي	3.23
تقومين	3.48
تقون	1.14
تقووا	1.37
تقوون	0.00
تقوى	3.63
تقوي	3.23
تقوية	3.94
تقويس	1.84
تقويض	3.55
تقويل	0.00
تقويم	4.13
تقوين	1.83
تقي	3.98
تقيؤ	2.62
تقيؤوا	0.00
تقيؤون	0.00
تقيئ	1.20
تقيئة	0.00
تقيئوا	0.00
تقيئون	0.00
تقيئي	0.00
تقيئين	0.00
تقيا	2.14
تقياتم	0.00
تقياتن	0.00
تقيان	0.00
تقيانا	0.00
تقية	2.93
تقيح	2.05
تقيد	3.58
تقيسوا	1.12
تقيسون	1.23
تقيسي	1.45
تقيسين	1.20
تقيض	1.25
تقيف	1.43
تقيل	2.66
تقيموا	2.16
تقيمون	2.41
تقيمي	2.16
تقيمين	2.14
تقين	0.00
تقييم	4.56
تكئ	0.00
تكابر	2.14
تكاتب	1.05
تكاتبتم	0.00
تكاتبتن	0.00
تكاتبن	0.00
تكاتبنا	0.00
تكاتبوا	0.00
تكاتبي	0.00
تكاتف	3.22
تكاتم	0.00
تكاثر	3.34
تكاثرتم	0.00
تكاثرتن	0.00
تكاثرن	0.00
تكاثرنا	0.00
تكاثروا	2.19
تكاثري	0.00
تكاثف	2.47
تكاذب	0.00
تكاره	0.00
تكاسل	2.25
تكاشف	0.00
تكافؤ	3.25
تكافؤوا	0.00
تكافؤون	0.00
تكافئن	0.00
تكافئوا	1.04
تكافئون	0.00
تكافئي	0.00
تكافا	2.19
تكافاتم	0.00
تكافاتن	0.00
تكافان	0.00
تكافانا	0.00
تكافح	3.47
تكافر	0.00
تكافل	3.10
تكاكا	0.00
تكالب	2.56
تكالبتم	0.00
تكالبتن	0.00
تكالبن	0.00
تكالبنا	0.00
تكالبوا	1.60
تكالبي	0.00
تكالم	0.00
تكاليف	4.34
تكامل	3.65
تكاوين	0.00
تكايا	1.44
تكايد	0.00
تكايل	0.00
تكبد	3.15
تكبر	4.19
تكبرتم	0.00
تكبرتن	0.00
تكبرن	0.00
تكبرنا	1.16
تكبروا	2.22
تكبري	2.42
تكبس	1.98
تكبل	2.23
تكبيب	0.00
تكبيد	1.97
تكبير	3.67
تكبيس	1.09
تكبيل	2.22
تكة	2.43
تكتحلن	0.00
تكتحلوا	0.00
تكتحلون	0.00
تكتحلي	0.00
تكتحلين	0.00
تكتربن	0.00
تكتربوا	0.00
تكتربون	0.00
تكتربي	0.00
تكتربين	0.00
تكتف	2.68
تكتك	1.71
تكتكة	1.59
تكتكت	0.00
تكتل	3.71
تكتيب	0.00
تكتيف	1.43
تكتيك	3.52
تكتيل	1.08
تكتيم	1.50
تكثر	3.84
تكثم	0.00
تكثير	2.19
تكثيف	3.35
تكحل	1.75
تكحلتم	0.00
تكحلتن	0.00
تكحلن	0.00
تكحلنا	0.00
تكحلوا	0.00
تكحلي	0.00
تكحيل	1.39
تكدر	2.48
تكدس	3.04
تكدير	2.57
تكديس	2.66
تكذب	3.97
تكذيب	2.76
تكرار	4.36
تكراري	2.11
تكربع	0.00
تكربن	0.00
تكربوا	0.00
تكربون	0.00
تكربي	0.00
تكربين	0.00
تكرر	3.88
تكرس	3.27
تكرش	0.00
تكركر	1.35
تكرم	3.73
تكرمن	0.00
تكرموا	2.02
تكرمون	1.78
تكرمي	1.41
تكرمين	1.31
تكره	4.09
تكرهي	2.06
تكرير	3.33
تكريس	3.63
تكريم	4.29
تكريه	0.00
تكساس	4.27
تكسب	3.94
تكسر	3.88
تكسى	2.05
تكسي	2.93
تكسيب	0.00
تكسير	3.70
تكشر	2.19
تكشف	4.49
تكشير	1.26
تكشيف	1.08
تكعب	0.00
تكعيب	1.67
تكعيبي	1.08
تكفف	0.00
تكفكف	1.36
تكفل	3.75
تكفن	1.47
تكفور	1.08
تكفى	3.29
تكفير	3.43
تكفيري	2.58
تكفيل	0.00
تكفين	2.64
تكك	0.00
تكلبن	0.00
تكلبوا	0.00
تكلبون	0.00
تكلبي	0.00
تكلبين	0.00
تكلس	2.37
تكلف	3.97
تكلفة	4.46
تكلفن	0.00
تكلفوا	1.86
تكلفون	1.11
تكلفي	1.33
تكلفين	1.04
تكلل	2.98
تكلم	4.44
تكلمي	3.43
تكليس	1.16
تكليف	3.88
تكليل	1.01
تكليم	1.16
تكمؤ	0.00
تكما	0.00
تكمش	1.31
تكمكم	0.00
تكمل	4.09
تكملة	3.66
تكمم	1.88
تكميد	0.00
تكميل	2.18
تكميلي	2.53
تكنس	2.43
تكنف	0.00
تكنى	2.32
تكني	1.93
تكنية	1.09
تكنيس	1.39
تكنيف	0.00
تكهرب	1.90
تكهربتم	0.00
تكهربتن	0.00
تكهربن	0.00
تكهربنا	0.00
تكهربوا	0.00
تكهربي	0.00
تكهف	1.23
تكهن	2.63
تكوتب	0.00
تكوثر	0.00
تكور	2.15
تكورن	0.00
تكوسج	0.00
تكوفد	0.00
تكولب	0.00
تكون	5.89
تكونتم	0.00
تكونتن	0.00
تكونوا	4.11
تكونون	3.02
تكوني	4.03
تكونين	3.66
تكوير	1.83
تكويم	1.49
تكوين	4.51
تكية	2.51
تكيس	2.73
تكيف	3.60
تكييس	1.65
تكييف	3.68
تكييل	0.00
تلا	3.58
تلاءم	1.64
تلاؤم	1.86
تلابيب	1.52
تلاة	0.00
تلاثم	0.00
تلاحظ	3.88
تلاحق	3.34
تلاحم	2.77
تلاحى	0.00
تلاحي	0.00
تلاحين	0.00
تلاذ	0.00
تلازم	3.16
تلاشى	3.11
تلاشي	2.89
تلاصق	2.04
تلاطف	1.65
تلاطم	2.14
تلاع	2.08
تلاعب	3.79
تلاعبتم	0.00
تلاعبتن	0.00
تلاعبن	0.00
تلاعبنا	1.23
تلاعبوا	2.36
تلاعبي	1.35
تلاعن	0.00
تلافى	1.44
تلافي	3.05
تلافيف	2.28
تلاق	2.27
تلاقت	2.58
تلاقوا	2.03
تلاقى	2.71
تلاقي	3.74
تلاقيتم	0.00
تلاقيتن	0.00
تلاقين	1.86
تلاقينا	2.51
تلاكز	0.00
تلاكم	0.00
تلاكن	0.00
تلال	3.57
تلالا	2.14
تلام	2.48
تلامذة	3.09
تلامس	3.55
تلامستم	0.00
تلامستن	0.00
تلامسن	0.00
تلامسنا	0.00
تلامسوا	0.00
تلامسي	1.29
تلاموا	0.00
تلامون	0.00
تلامي	1.07
تلاميذ	3.76
تلامين	0.00
تلاهى	0.00
تلاوة	3.68
تلاوم	0.00
تلاوى	0.00
تلاوي	1.79
تلاوين	1.65
تلبب	0.00
تلبث	3.24
تلبد	1.87
تلبرل	0.00
تلبس	4.01
تلبك	1.60
تلبنن	0.00
تلبنوا	0.00
تلبنون	0.00
تلبني	0.00
تلبنين	0.00
تلبيب	0.00
تلبيث	0.00
تلبيد	1.37
تلبيس	2.82
تلة	3.54
تلت	3.87
تلتبنوا	0.00
تلتبنون	0.00
تلتبني	0.00
تلتبنين	0.00
تلتفتن	0.00
تلتفتوا	2.15
تلتفتون	1.29
تلتفتي	1.93
تلتفتين	1.50
تلثم	1.76
تلثيم	0.00
تلجج	0.00
تلجلج	1.04
تلجن	0.00
تلحح	0.00
تلحف	1.39
تلحين	2.65
تلخص	3.35
تلخيص	3.70
تلد	3.57
تلدد	0.00
تلدن	1.73
تلدوا	0.00
تلدون	0.00
تلدي	1.49
تلدين	1.95
تلذذ	2.35
تلذع	1.38
تلذيذ	0.00
تلزج	0.00
تلزيق	1.12
تلسين	0.00
تلصص	1.94
تلطخ	2.76
تلطف	2.65
تلطفن	0.00
تلطفوا	1.15
تلطفون	0.00
تلطفي	1.16
تلطفين	0.00
تلطم	2.08
تلطيخ	2.62
تلطيف	2.74
تلطيفي	0.00
تلظى	1.93
تلظي	0.00
تلع	1.59
تلعب	4.72
تلعبتم	0.00
تلعبتن	0.00
تلعبن	1.42
تلعبنا	0.00
تلعبوا	2.36
تلعبي	2.36
تلعة	1.78
تلعثم	2.60
تلعلع	1.11
تلعيق	0.00
تلغراف	3.07
تلغم	0.00
تلغى	3.05
تلف	3.99
تلفاز	3.83
تلفت	3.57
تلفز	0.00
تلفزة	2.37
تلفزي	2.39
تلفزيون	4.45
تلفظ	3.54
تلفف	0.00
تلفلف	1.20
تلفن	1.48
تلفنة	0.00
تلفنتم	0.00
تلفنتن	0.00
تلفني	1.63
تلفون	3.20
تلفوني	2.46
تلفى	1.57
تلفيعة	0.00
تلفيق	3.36
تلق	3.44
تلقاء	3.76
تلقائي	3.80
تلقب	2.85
تلقح	2.33
تلقط	2.05
تلقف	2.35
تلقم	1.97
تلقن	2.58
تلقى	4.76
تلقي	4.45
تلقيب	2.02
تلقيح	3.15
تلقيف	0.00
تلقين	3.29
تلكؤ	1.84
تلكا	1.96
تلم	3.39
تلمج	0.00
تلمذ	1.67
تلمذة	1.57
تلمس	3.82
تلمسان	3.19
تلمع	3.20
تلمق	0.00
تلملم	2.36
تلمود	1.52
تلمودي	1.32
تلميح	3.30
تلميذ	3.85
تلميع	3.31
تلنغانة	0.00
تله	2.47
تلهب	2.48
تلهف	2.02
تلهم	2.90
تلهمي	0.00
تلهى	1.63
تلهي	2.23
تلهيب	0.00
تلهية	1.23
تلو	4.22
تلوا	2.20
تلوتم	0.00
تلوتن	0.00
تلوث	4.08
تلوثتم	0.00
تلوثتن	0.00
تلوثن	0.00
تلوثنا	0.00
تلوثوا	1.48
تلوثي	1.27
تلوح	3.66
تلوعب	0.00
تلوقي	0.00
تلول	2.31
تلوم	3.64
تلومس	0.00
تلوموا	2.24
تلومون	2.53
تلومي	2.12
تلومين	1.82
تلون	3.13
تلونا	1.94
تلونتم	0.00
تلونتن	0.00
تلونوا	1.04
تلوني	1.43
تلوه	1.68
تلوى	2.63
تلوي	2.79
تلويث	3.07
تلويح	2.44
تلويم	0.00
تلوين	3.60
تلى	3.00
تلي	3.15
تليتم	0.00
تليتن	0.00
تليث	0.00
تليد	2.22
تليس	1.61
تليسن	0.00
تليسوا	0.00
تليسون	0.00
تليسي	0.00
تليسين	0.00
تليف	3.01
تليقوا	0.00
تليقون	0.00
تليقي	0.00
تليقين	0.00
تليل	1.45
تلين	3.13
تلينا	1.34
تليين	2.75
تمائم	2.22
تماتوا	0.00
تماتون	0.00
تماتي	0.00
تماتين	0.00
تماثل	3.24
تماثلتم	0.00
تماثلتن	0.00
تماثلن	0.00
تماثلنا	0.00
تماثلوا	1.71
تماثلي	1.71
تماثيل	3.73
تماجد	0.00
تماد	1.46
تمادى	3.30
تمادي	2.62
تمار	2.59
تمارة	2.68
تمارس	4.45
تمارض	1.38
تمارى	0.00
تماري	2.09
تمارين	3.83
تمازج	2.50
تمازح	1.92
تماس	3.02
تماست	1.04
تماسستم	0.00
تماسستن	0.00
تماسسن	0.00
تماسسنا	0.00
تماسسوا	0.00
تماسسي	0.00
تماسك	3.46
تماسكتم	0.00
تماسكتن	0.00
تماسكن	0.00
تماسكنا	1.74
تماسكوا	1.53
تماسكي	1.71
تماسوا	0.00
تماسون	0.00
تماسى	0.00
تماسي	1.62
تماسيح	3.05
تماسين	1.50
تماش	0.00
تماشق	0.00
تماشقية	0.00
تماشى	1.97
تماشي	2.31
تماكر	0.00
تماكس	0.00
تمالك	2.46
تمالوا	0.00
تمالون	0.00
تمالي	1.23
تمالين	0.00
تمام	4.55
تماما	5.37
تماهى	1.45
تماوت	0.00
تماوج	1.41
تماى	0.00
تمايد	0.00
تمايز	2.67
تمايل	2.78
تمت	5.09
تمتازوا	0.00
تمتازون	0.00
تمتازي	0.00
تمتازين	0.00
تمتام	1.21
تمتدد	1.04
تمتددن	0.00
تمتدوا	0.00
تمتدون	0.00
تمتدي	0.00
تمتدين	0.00
تمتز	1.35
تمتزن	0.00
تمتع	3.93
تمتعتم	1.14
تمتعتن	0.00
تمتعن	1.55
تمتعنا	2.36
تمتعوا	3.33
تمتعي	2.65
تمتم	2.40
تمتمة	2.19
تمتمي	0.00
تمتيع	1.90
تمتين	2.06
تمثال	4.18
تمثل	4.91
تمثلتم	0.00
تمثلتن	0.00
تمثلن	1.61
تمثلنا	2.30
تمثلوا	1.95
تمثلي	1.74
تمثيل	4.36
تمثيلي	3.05
تمجد	2.91
تمجدن	0.00
تمجدوا	1.07
تمجدون	1.23
تمجدي	0.00
تمجدين	0.00
تمجس	0.00
تمجن	0.00
تمجيد	3.06
تمحص	1.46
تمحك	0.00
تمحور	2.88
تمحى	3.23
تمحيا	0.00
تمحيان	0.00
تمحيص	2.58
تمخض	2.60
تمخط	1.13
تمخلب	0.00
تمخيخ	0.00
تمخيط	0.00
تمد	3.65
تمدد	3.77
تمدرس	1.59
تمدن	2.38
تمدوا	1.30
تمدون	1.62
تمديد	4.13
تمدين	2.08
تمذهب	0.00
تمذهبتم	0.00
تمذهبتن	0.00
تمذهبن	0.00
تمذهبنا	0.00
تمذهبوا	0.00
تمذهبي	0.00
تمر	4.79
تمرا	0.00
تمراد	0.00
تمرة	2.92
تمرجل	0.00
تمرد	4.00
تمرس	2.16
تمرضن	0.00
تمرضوا	0.00
تمرضون	1.52
تمرضي	1.56
تمرضين	1.42
تمرع	0.00
تمرغ	2.22
تمرفق	0.00
تمرقع	0.00
تمركز	3.54
تمرمر	0.00
تمرمغ	0.00
تمرن	2.59
تمرنوا	1.31
تمرنون	0.00
تمرني	2.05
تمرنين	0.00
تمريد	0.00
تمرير	4.05
تمريرة	3.43
تمريض	3.31
تمريغ	1.57
تمرين	3.92
تمزحن	0.00
تمزحوا	0.00
تمزحون	2.03
تمزحي	1.68
تمزحين	2.50
تمزق	3.80
تمزيق	3.63
تمساح	3.50
تمسح	3.53
تمسخر	0.00
تمسك	4.19
تمسكتم	2.02
تمسكتن	0.00
تمسكن	1.80
تمسكنا	2.62
تمسكوا	3.09
تمسكي	2.55
تمسلم	0.00
تمسية	1.55
تمسيح	1.55
تمسيد	1.52
تمسيك	0.00
تمش	2.60
تمشدق	0.00
تمشوا	2.21
تمشون	2.41
تمشى	2.95
تمشي	4.24
تمشية	2.34
تمشيط	3.09
تمشين	2.83
تمصر	0.00
تمصرتم	0.00
تمصرتن	0.00
تمصرن	0.00
تمصرنا	0.00
تمصروا	0.00
تمصري	0.00
تمصير	1.87
تمضمض	1.42
تمضى	2.62
تمضي	4.12
تمضية	2.63
تمطر	3.99
تمطط	1.53
تمطق	0.00
تمطى	1.14
تمطي	1.14
تمظهر	1.52
تمعن	3.00
تمغرب	0.00
تمغص	0.00
تمفصل	1.49
تمقت	2.07
تمك	1.98
تمكث	3.22
تمكثن	0.00
تمكثوا	0.00
تمكثون	0.00
تمكثي	0.00
تمكثين	1.03
تمكن	4.80
تمكين	4.14
تملؤ	1.75
تملا	3.95
تملس	1.29
تملص	2.35
تملغم	0.00
تملق	2.84
تملك	4.83
تململ	2.51
تملى	2.62
تملي	3.33
تمليح	2.02
تمليس	1.52
تمليط	0.00
تمليك	3.01
تمم	2.43
تممة	0.00
تممتم	0.00
تممتن	0.00
تممن	0.00
تممنا	0.00
تمن	3.13
تمنت	3.15
تمندل	0.00
تمنطق	1.38
تمنع	4.47
تمنن	1.80
تمنى	3.95
تمني	3.22
تمنية	2.07
تمه	1.74
تمهد	2.94
تمهر	1.41
تمهل	3.25
تمهيد	3.42
تمهيل	0.00
تموتوا	2.44
تموتون	2.79
تموتي	2.53
تموتين	2.73
تموثل	0.00
تموج	3.09
تمور	3.00
تموز	4.62
تموسك	0.00
تموضع	2.65
تمول	3.47
تمون	2.31
تموه	2.05
تموهوا	0.00
تموهون	0.00
تموهي	0.00
تموهين	0.00
تمويت	0.00
تمويل	4.60
تموين	3.09
تمويه	3.37
تمي	2.42
تميتوا	0.00
تميتون	0.00
تميتي	0.00
تميتين	0.00
تميد	2.30
تميز	4.43
تميس	1.97
تميع	2.03
تميل	4.15
تميلن	0.00
تميلوا	2.18
تميلون	1.49
تميلي	1.65
تميلين	2.28
تميمة	2.97
تمييز	4.21
تمييع	2.31
تنا	1.38
تناءى	0.00
تنائي	1.62
تنابذ	0.00
تنابز	1.08
تنابل	0.00
تناتف	0.00
تناثر	2.84
تناجر	0.00
تناجى	1.37
تناجي	2.21
تناحر	2.19
تناحس	0.00
تناد	1.34
تنادم	0.00
تنادى	2.85
تنادي	3.98
تناروا	0.00
تنارون	0.00
تناري	1.09
تنارين	0.00
تنازع	2.99
تنازل	3.91
تنازلي	3.01
تناسب	3.85
تناسبتم	0.00
تناسبتن	0.00
تناسبن	0.00
تناسبنا	2.13
تناسبوا	0.00
تناسبي	1.78
تناسخ	2.36
تناسق	3.12
تناسل	2.28
تناسلي	2.60
تناسى	3.14
تناسي	2.80
تناشد	3.35
تناص	1.65
تناصب	1.36
تناصح	1.09
تناصر	2.46
تناصف	1.13
تناصى	0.00
تناضح	1.11
تناضل	3.14
تناطح	2.14
تناظر	3.41
تناظم	0.00
تناعت	0.00
تناعس	0.00
تناعم	1.09
تناعى	0.00
تناعي	0.00
تناغم	3.14
تناغى	0.00
تناغي	1.08
تنافر	2.71
تنافرتم	0.00
تنافرتن	0.00
تنافرن	0.00
تنافرنا	0.00
تنافروا	0.00
تنافري	0.00
تنافس	3.94
تنافستم	0.00
تنافستن	0.00
تنافسن	1.20
تنافسنا	1.97
تنافسوا	2.76
تنافسي	3.06
تنافع	0.00
تنافى	1.30
تنافي	2.24
تناقس	0.00
تناقش	3.92
تناقص	3.46
تناقض	3.82
تناقل	3.32
تناكح	0.00
تناكر	1.96
تناكوا	0.00
تناكون	0.00
تناكي	0.00
تناكين	0.00
تناموا	2.38
تنامون	2.63
تنامى	2.83
تنامي	3.80
تنامين	3.15
تنانير	2.61
تنانين	3.01
تناهب	0.00
تناهد	0.00
تناهش	0.00
تناهض	2.59
تناهى	2.26
تناهي	1.88
تناوا	0.00
تناوب	2.92
تناوش	1.57
تناول	4.82
تناوم	0.00
تناوى	0.00
تنبؤ	2.74
تنبؤوا	1.50
تنبؤون	0.00
تنبئ	3.05
تنبئة	0.00
تنبئن	0.00
تنبئون	0.00
تنبئي	1.23
تنبا	3.61
تنباتم	0.00
تنباتن	0.00
تنبال	0.00
تنبان	0.00
تنبانا	1.63
تنبسطن	0.00
تنبسطوا	0.00
تنبسطون	0.00
تنبسطي	1.16
تنبسطين	0.00
تنبك	0.00
تنبل	1.46
تنبه	3.06
تنبول	1.02
تنبيه	4.06
تنتسبن	0.00
تنتسبوا	0.00
تنتسبون	0.00
تنتسبي	0.00
تنتسبين	0.00
تنتصرن	0.00
تنتصروا	1.74
تنتصرون	1.48
تنتصري	0.00
تنتصرين	1.01
تنتف	1.93
تنتفخن	0.00
تنتفخوا	0.00
تنتفخون	0.00
تنتفخي	0.00
تنتفخين	0.00
تنتفضن	0.00
تنتفضوا	0.00
تنتفضون	0.00
تنتفضي	0.00
تنتفضين	0.00
تنتقمن	0.00
تنتقموا	1.28
تنتقمون	0.00
تنتقمي	0.00
تنتقمين	1.40
تنته	3.51
تنتهوا	2.05
تنتهون	1.67
تنتهين	1.85
تنتوى	1.12
تنتيف	0.00
تنتين	0.00
تنثر	2.61
تنثن	0.00
تنثنوا	0.00
تنثنون	0.00
تنثنين	0.00
تنجبرن	0.00
تنجبروا	0.00
تنجبرون	0.00
تنجبري	0.00
تنجبرين	0.00
تنجح	4.25
تنجحن	0.00
تنجحوا	1.95
تنجحون	1.62
تنجحي	2.07
تنجحين	1.89
تنجد	1.41
تنجز	3.44
تنجس	1.82
تنجستن	1.64
تنجع	1.48
تنجم	3.04
تنجمتم	0.00
تنجمتن	0.00
تنجمن	0.00
تنجمنا	0.00
تنجموا	0.00
تنجمون	0.00
تنجمي	0.00
تنجمين	0.00
تنجيح	0.00
تنجيد	2.44
تنجيز	1.44
تنجيس	1.63
تنجيم	2.19
تنح	2.41
تنحرفن	0.00
تنحرفوا	1.14
تنحرفون	0.00
تنحرفي	0.00
تنحرفين	0.00
تنحل	2.98
تنحلي	0.00
تنحملن	0.00
تنحملوا	0.00
تنحملون	0.00
تنحملي	0.00
تنحملين	0.00
تنحنح	1.75
تنحى	3.41
تنحي	3.44
تنحية	2.75
تنحيس	0.00
تنخ	0.00
تند	1.78
تندة	1.20
تندر	2.63
تندفقن	0.00
تندفقوا	0.00
تندفقون	0.00
تندفقي	0.00
تندفقين	0.00
تندم	3.62
تندوا	0.00
تندون	0.00
تندى	1.98
تندي	1.64
تنديد	2.27
تنديف	0.00
تنديل	0.00
تندين	0.00
تنرفز	1.45
تنزانيا	3.88
تنزل	4.17
تنزلن	1.18
تنزلوا	2.30
تنزلون	2.12
تنزلي	2.69
تنزلين	2.61
تنزه	2.59
تنزو	0.00
تنزووا	0.00
تنزوون	0.00
تنزوين	0.00
تنزير	0.00
تنزيل	3.97
تنزيه	2.45
تنس	4.12
تنسب	3.45
تنسحبن	0.00
تنسحبوا	1.52
تنسحبون	0.00
تنسحبي	1.27
تنسحبين	1.09
تنسر	1.14
تنسرتم	0.00
تنسرتن	0.00
تنسرن	0.00
تنسرنا	0.00
تنسروا	0.00
تنسري	0.00
تنسق	3.10
تنسك	1.92
تنسم	1.78
تنسى	4.55
تنسيق	4.14
تنشؤوا	0.00
تنشؤون	0.00
تنشئة	3.21
تنشئن	0.00
تنشئوا	0.00
تنشئون	0.00
تنشئي	0.00
تنشئين	0.00
تنشا	3.96
تنشان	0.00
تنشب	2.88
تنشد	3.12
تنشر	4.33
تنشط	3.79
تنشغفن	0.00
تنشغفوا	0.00
تنشغفون	0.00
تنشغفي	0.00
تنشغفين	0.00
تنشغلن	0.00
تنشغلوا	1.75
تنشغلون	1.48
تنشغلي	1.74
تنشغلين	1.69
تنشف	2.29
تنشق	2.89
تنشيب	0.00
تنشير	0.00
تنشيط	4.02
تنشيف	2.12
تنصب	3.15
تنصت	3.36
تنصتت	1.52
تنصتم	0.00
تنصتن	0.00
تنصتنا	0.00
تنصتوا	1.63
تنصتون	0.00
تنصتي	1.07
تنصتين	0.00
تنصح	3.54
تنصر	2.87
تنصرفن	0.00
تنصرفوا	1.36
تنصرفون	0.00
تنصرفي	0.00
تنصرفين	0.00
تنصف	2.56
تنصل	2.32
تنصى	0.00
تنصيب	3.69
تنصير	2.25
تنصيف	1.84
تنضح	2.42
تنضد	0.00
تنضر	1.86
تنضمم	0.00
تنضممن	0.00
تنضموا	2.73
تنضمون	1.11
تنضمي	1.60
تنضمين	1.02
تنضيد	1.87
تنضير	1.20
تنطرحن	0.00
تنطرحوا	0.00
تنطرحون	0.00
تنطرحي	0.00
تنطرحين	0.00
تنطع	1.46
تنطفئن	0.00
تنطفئوا	0.00
تنطفئون	0.00
تنطفئي	0.00
تنطفئين	0.00
تنطق	3.83
تنطيق	0.00
تنظر	4.44
تنظرن	1.25
تنظروا	2.91
تنظرون	2.99
تنظري	2.33
تنظرين	2.46
تنظف	3.39
تنظم	4.23
تنظير	2.93
تنظيف	4.67
تنظيم	5.19
تنعت	2.37
تنعظن	0.00
تنعظوا	0.00
تنعظون	0.00
تنعظي	0.00
تنعظين	0.00
تنعقدن	0.00
تنعقدوا	0.00
تنعقدون	0.00
تنعقدي	0.00
تنعقدين	0.00
تنعكسن	0.00
تنعكسوا	0.00
تنعكسون	0.00
تنعكسي	0.00
تنعكسين	0.00
تنعل	1.27
تنعم	3.62
تنعملن	0.00
تنعملوا	0.00
تنعملون	0.00
تنعملي	0.00
تنعملين	0.00
تنعيم	2.63
تنغرة	0.00
تنغص	2.27
تنغم	0.00
تنغيص	1.59
تنغيم	1.44
تنفجرن	0.00
تنفجروا	0.00
تنفجرون	0.00
تنفجري	1.15
تنفجرين	1.23
تنفدن	0.00
تنفدوا	0.00
تنفدون	0.00
تنفدي	0.00
تنفدين	0.00
تنفذ	4.04
تنفردن	0.00
تنفردوا	0.00
تنفردون	0.00
تنفردي	0.00
تنفردين	0.00
تنفس	3.95
تنفستم	0.00
تنفستن	0.00
تنفسن	0.00
تنفسنا	1.99
تنفسوا	2.44
تنفسي	3.17
تنفش	1.46
تنفصلن	0.00
تنفصلوا	1.07
تنفصلون	0.00
تنفصلي	1.14
تنفصلين	0.00
تنفط	0.00
تنفطرن	0.00
تنفطروا	0.00
تنفطرون	0.00
تنفطري	0.00
تنفطرين	0.00
تنفعلن	0.00
تنفعلوا	0.00
تنفعلون	0.00
تنفعلي	1.18
تنفعلين	0.00
تنفل	1.40
تنفى	2.35
تنفيذ	4.90
تنفيذي	3.63
تنفير	2.27
تنفيس	2.92
تنفيش	0.00
تنفيض	1.76
تنفيع	1.12
تنفيق	0.00
تنفيل	0.00
تنقادوا	0.00
تنقادون	0.00
تنقادي	0.00
تنقادين	0.00
تنقب	2.36
تنقد	2.49
تنقدن	0.00
تنقذ	3.71
تنقرئن	0.00
تنقرئوا	0.00
تنقرئون	0.00
تنقرئي	0.00
تنقرئين	0.00
تنقرضن	0.00
تنقرضوا	0.00
تنقرضون	0.00
تنقرضي	0.00
تنقرضين	0.00
تنقص	3.54
تنقض	2.96
تنقضوا	1.73
تنقضون	0.00
تنقضين	0.00
تنقطعن	0.00
تنقطعوا	0.00
تنقطعون	0.00
تنقطعي	1.01
تنقطعين	0.00
تنقل	4.34
تنقلبن	0.00
تنقلبوا	0.00
تنقلبون	1.25
تنقلبي	0.00
تنقلبين	0.00
تنقى	2.11
تنقي	2.54
تنقيب	3.00
تنقية	3.49
تنقيح	3.32
تنقير	1.28
تنقيش	0.00
تنقيص	1.99
تنقيط	2.47
تنقيل	1.18
تنقيلة	0.00
تنك	2.73
تنكب	2.15
تنكتبن	0.00
تنكتبوا	0.00
تنكتبون	0.00
تنكتبي	0.00
تنكتبين	0.00
تنكد	1.55
تنكر	3.92
تنكربن	0.00
تنكربوا	0.00
تنكربون	0.00
تنكربي	0.00
تنكربين	0.00
تنكري	2.47
تنكس	2.51
تنكسرن	0.00
تنكسروا	0.00
تنكسرون	0.00
تنكسري	0.00
تنكسرين	0.00
تنكشفن	0.00
تنكشفوا	0.00
تنكشفون	0.00
تنكشفي	0.00
تنكشفين	0.00
تنكفف	0.00
تنكففن	0.00
تنكفوا	0.00
تنكفون	0.00
تنكفي	0.00
تنكفين	0.00
تنكيب	0.00
تنكيت	1.69
تنكيد	1.16
تنكير	1.43
تنكيس	2.20
تنكيص	0.00
تنكيل	2.16
تنم	3.64
تنمر	2.66
تنمص	0.00
تنمل	2.21
تنمن	0.00
تنمى	2.19
تنمية	4.47
تنمير	0.00
تنميق	2.02
تنهد	2.72
تنهزمن	0.00
تنهزموا	1.01
تنهزمون	1.29
تنهزمي	0.00
تنهزمين	0.00
تنهى	3.26
تنهيدة	2.47
تنوب	2.65
تنور	2.77
تنورة	3.61
تنورتم	0.00
تنورتن	0.00
تنورن	0.00
تنورنا	1.55
تنوروا	0.00
تنوري	1.91
تنوسب	0.00
تنوط	0.00
تنوع	4.00
تنوفر	0.00
تنوفس	0.00
تنول	1.82
تنوم	2.15
تنوى	2.54
تنوير	3.22
تنويع	3.14
تنويعات	2.65
تنويم	2.75
تنوين	2.80
تنويه	3.42
تنيروا	0.00
تنيرون	0.00
تنيري	1.12
تنيرين	0.00
تنيكوا	0.00
تنيكون	0.00
تنيكي	0.00
تنيكين	0.00
تنيموا	0.00
تنيمون	0.00
تنيمي	0.00
تنيمين	0.00
تنين	3.36
تنييح	0.00
تنيير	0.00
تنييف	0.00
تها	1.98
تهاتر	0.00
تهاتف	1.73
تهاجر	2.96
تهاجم	3.83
تهاجى	0.00
تهاجي	0.00
تهاد	0.00
تهادر	0.00
تهادن	1.83
تهادى	1.74
تهادي	1.36
تهارب	0.00
تهارت	0.00
تهارش	0.00
تهارق	0.00
تهارم	0.00
تهاطل	1.96
تهافت	2.71
تهالك	2.28
تهامة	3.32
تهامس	1.48
تهامش	0.00
تهانوا	0.00
تهانون	0.00
تهاني	3.67
تهانين	0.00
تهاون	2.93
تهاوى	2.35
تهاوي	2.18
تهاويل	1.37
تهايا	0.00
تهايج	0.00
تهبن	0.00
تهبوا	1.16
تهبون	1.09
تهبي	1.25
تهبين	1.35
تهتك	2.71
تهتلر	0.00
تهتلرتم	0.00
تهتلرتن	0.00
تهتلرن	0.00
تهتلرنا	0.00
تهتلروا	0.00
تهتلري	0.00
تهتمم	0.00
تهتممن	0.00
تهتموا	2.74
تهتمون	2.38
تهتمي	3.16
تهتمين	2.56
تهته	0.00
تهتيك	0.00
تهجد	2.09
تهجر	2.94
تهجم	3.20
تهجمن	0.00
تهجموا	1.97
تهجمون	0.00
تهجمي	1.33
تهجمين	0.00
تهجى	1.92
تهجي	1.66
تهجية	1.23
تهجيد	0.00
تهجير	3.63
تهجيم	0.00
تهدئة	3.78
تهدب	0.00
تهدج	0.00
تهدد	4.19
تهدف	4.68
تهدفتم	0.00
تهدفتن	0.00
تهدفن	0.00
تهدفنا	0.00
تهدفوا	0.00
تهدفون	1.14
تهدفي	0.00
تهدفين	0.00
تهدل	1.82
تهدم	3.51
تهدهد	1.29
تهدى	2.69
تهديد	4.44
تهديم	2.50
تهذب	2.42
تهذيب	3.44
تهرؤ	0.00
تهرا	0.00
تهرب	3.94
تهربتم	0.00
تهربتن	0.00
تهربن	0.00
تهربنا	0.00
تهربوا	2.12
تهربون	1.99
تهربي	2.00
تهربين	1.95
تهرس	1.84
تهرطق	0.00
تهريب	4.08
تهريج	2.41
تهريس	0.00
تهريش	0.00
تهريق	0.00
تهريم	0.00
تهزؤ	0.00
تهزا	3.10
تهزج	1.04
تهزز	0.00
تهزع	0.00
تهزم	3.39
تهزهز	1.65
تهزيج	0.00
تهزيز	0.00
تهزيل	0.00
تهزيم	0.00
تهشم	2.68
تهشيم	2.40
تهطل	3.19
تهفهف	1.04
تهكم	2.75
تهلكة	1.82
تهلل	2.35
تهلهل	1.53
تهلوس	2.08
تهليل	2.43
تهلين	0.00
تهم	4.27
تهمة	4.21
تهميش	3.50
تهن	2.37
تهنؤ	0.00
تهنؤوا	0.00
تهنؤون	0.00
تهنئات	1.51
تهنئة	3.62
تهنئن	0.00
تهنئوا	1.06
تهنئون	0.00
تهنا	2.37
تهنان	0.00
تهنوا	2.38
تهنون	0.00
تهني	2.25
تهنين	0.00
تهوج	0.00
تهود	1.13
تهودتم	0.00
تهودتن	0.00
تهودن	0.00
تهودنا	0.00
تهودوا	1.01
تهودون	0.00
تهودي	0.00
تهودين	0.00
تهور	2.98
تهوس	1.56
تهوش	0.00
تهوم	1.42
تهوية	3.28
تهويد	2.37
تهويدة	2.52
تهوير	0.00
تهويس	0.00
تهويش	1.23
تهويل	2.11
تهويم	0.00
تهوين	2.35
تهيؤ	1.69
تهيؤوا	0.00
تهيئي	1.24
تهيا	2.83
تهياتم	0.00
تهياتن	0.00
تهيان	0.00
تهيانا	0.00
تهيب	2.20
تهيج	3.40
تهيم	2.68
تهينوا	1.43
تهينون	1.34
تهيني	1.38
تهينين	1.25
تهييء	1.42
تهييج	3.09
تهييم	0.00
توءسن	0.00
توءسوا	0.00
توءسون	0.00
توءسي	0.00
توءسين	0.00
تواءم	1.50
تواءى	0.00
تواؤم	0.00
توائب	0.00
توائم	3.25
توائه	0.00
تواب	2.24
توابع	3.33
توابل	3.01
توابيت	2.83
تواتر	3.37
تواترتم	0.00
تواترتن	0.00
تواترن	0.00
تواترنا	0.00
تواتروا	0.00
تواتري	0.00
تواثب	0.00
تواجد	4.34
تواجدتم	1.29
تواجدتن	0.00
تواجدن	1.10
تواجدنا	2.72
تواجدوا	2.62
تواجدي	3.24
تواجر	0.00
تواجه	4.60
تواد	1.59
توادع	0.00
توارث	2.54
توارد	2.85
توارى	2.92
تواري	2.13
تواريخ	3.67
توازن	4.05
توازى	1.79
توازي	3.22
تواسع	0.00
تواصف	0.00
تواصل	4.76
تواصلتم	1.26
تواصلتن	0.00
تواصلن	1.01
تواصلنا	3.23
تواصلوا	3.28
تواصلي	3.03
تواصى	0.00
تواصي	1.31
تواضع	3.56
تواضعتم	0.00
تواضعتن	0.00
تواضعن	0.00
تواضعنا	1.94
تواضعوا	2.00
تواضعي	1.92
تواطؤ	3.15
تواطا	2.12
تواعد	2.66
توافد	3.45
توافر	3.82
توافق	4.38
توافقتم	0.00
توافقتن	0.00
توافقن	0.00
توافقنا	2.16
توافقوا	2.50
توافقي	3.29
توافه	2.30
توافى	0.00
تواق	2.69
تواقح	1.06
تواقف	1.02
تواقفتم	0.00
تواقفتن	0.00
تواقفن	0.00
تواقفنا	0.00
تواقفوا	0.00
تواقفي	0.00
تواقيع	2.82
تواكب	3.20
تواكل	1.66
توال	1.80
توالت	3.63
توالد	2.31
توالوا	1.31
توالى	2.72
توالي	2.94
تواليتم	0.00
تواليتن	0.00
توالين	0.00
توالينا	0.00
توام	3.77
توامة	2.53
توانى	1.75
تواني	1.82
تواهب	0.00
توايل	0.00
توبال	2.38
توبة	3.51
توبع	1.55
توبعتم	0.00
توبعتن	0.00
توبعن	0.00
توبعنا	0.00
توبعوا	0.00
توبوا	2.77
توبي	3.65
توبيخ	3.02
توت	3.70
توتر	3.91
توترتم	0.00
توترتن	0.00
توترن	0.00
توترنا	1.07
توتروا	1.22
توترون	0.00
توتري	2.06
توترين	0.00
توتياء	0.00
توتيد	0.00
توتير	3.24
توثب	1.33
توثق	3.53
توثير	0.00
توثيق	4.16
توج	3.75
توجب	3.57
توجد	5.23
توجدتم	0.00
توجدتن	0.00
توجدن	0.00
توجدنا	0.00
توجدوا	0.00
توجدون	1.01
توجدي	1.34
توجدين	0.00
توجس	2.17
توجع	2.56
توجه	4.53
توجهن	1.63
توجهوا	3.36
توجهون	1.71
توجهي	2.44
توجهين	1.75
توجيب	0.00
توجيه	4.60
توجيهية	2.92
توحد	3.57
توحدتم	0.00
توحدتن	0.00
توحدن	0.00
توحدنا	2.45
توحدوا	2.31
توحدي	1.86
توحش	2.24
توحل	1.19
توحم	0.00
توحيد	4.41
توحيم	0.00
توخى	2.55
توخي	3.53
توخيم	0.00
تودد	2.50
تودري	0.00
تودع	3.51
توديع	3.18
توذيم	0.00
توراة	2.40
توراتي	2.00
تورثن	0.00
تورثوا	0.00
تورثون	0.00
تورثي	0.00
تورثين	0.00
تورد	3.26
تورط	4.03
تورع	1.84
تورعتم	0.00
تورعتن	0.00
تورعن	0.00
تورعنا	0.00
تورعوا	0.00
تورعي	0.00
تورك	3.16
تورم	3.40
تورونتو	3.59
تورى	1.88
تورية	2.56
توريث	2.86
توريد	3.41
توريط	2.86
توريع	0.00
توريف	0.00
توريق	1.42
توريم	1.13
توزر	2.51
توزع	3.90
توزنوا	1.64
توزنون	0.00
توزني	0.00
توزنين	0.00
توزيع	4.78
توسخ	2.04
توسد	1.85
توسط	3.05
توسع	4.18
توسعة	3.49
توسل	3.27
توسم	2.40
توسن	1.76
توسوسن	0.00
توسوسوا	0.00
توسوسون	0.00
توسوسي	0.00
توسوسين	0.00
توسيخ	1.64
توسيد	1.21
توسيط	1.94
توسيع	4.32
توسيق	0.00
توسيل	0.00
توشح	1.95
توشوش	1.04
توشى	1.09
توشي	2.21
توشية	0.00
توشيح	2.00
توصفن	0.00
توصفوا	0.00
توصفون	0.00
توصفي	0.00
توصفين	1.04
توصل	4.28
توصلتم	1.61
توصلتن	0.00
توصلن	0.00
توصلنا	3.55
توصلوا	3.21
توصلون	1.83
توصلي	2.57
توصلين	2.15
توصية	3.76
توصيل	4.31
توصيلة	2.55
توضؤ	0.00
توضئة	0.00
توضا	3.13
توضح	4.35
توضعن	0.00
توضعوا	0.00
توضعون	0.00
توضعي	0.00
توضعين	0.00
توضيح	4.38
توضيع	1.70
توطؤ	0.00
توطؤوا	0.00
توطؤون	0.00
توطئة	2.20
توطئي	0.00
توطئين	0.00
توطا	1.24
توطان	0.00
توطد	2.24
توطن	2.23
توطوط	0.00
توطيد	3.38
توطين	3.76
توظف	3.57
توظيف	4.15
توعد	3.07
توعدن	0.00
توعدوا	1.56
توعدون	2.61
توعدي	0.00
توعدين	1.13
توعر	1.16
توعظن	0.00
توعظوا	0.00
توعظون	1.37
توعظي	0.00
توعظين	0.00
توعك	2.05
توعوي	2.66
توعية	3.84
توعير	0.00
توغر	1.56
توغل	3.32
توغو	2.77
توغير	0.00
توف	2.73
توفالو	2.49
توفت	3.57
توفر	4.75
توفق	2.95
توفقن	0.00
توفقوا	1.59
توفقون	0.00
توفقي	1.28
توفقين	1.14
توفى	4.11
توفي	4.80
توفية	1.74
توفيد	0.00
توفير	4.84
توفيق	4.39
توق	2.79
توقت	1.64
توقح	0.00
توقد	2.67
توقر	1.73
توقص	0.00
توقع	4.52
توقعي	3.13
توقف	4.86
توقفتم	2.12
توقفتن	0.00
توقفن	1.69
توقفنا	3.47
توقفوا	3.76
توقفي	2.74
توقوا	1.16
توقون	0.00
توقى	1.34
توقي	2.10
توقية	0.00
توقيت	4.24
توقيد	0.00
توقير	2.30
توقيع	4.59
توقيف	3.83
توقين	0.00
توكؤ	0.00
توكؤوا	0.00
توكئ	0.00
توكئي	0.00
توكا	0.00
توكاتم	0.00
توكاتن	0.00
توكان	0.00
توكانا	0.00
توكد	2.16
توكدتم	0.00
توكدتن	0.00
توكدن	0.00
توكدنا	0.00
توكدوا	0.00
توكدي	0.00
توكل	3.88
توكلتم	1.51
توكلتن	0.00
توكلن	0.00
توكلنا	2.63
توكلوا	2.34
توكلي	2.91
توكيد	2.61
توكيل	3.32
توكيلاو	2.07
تول	3.17
تولا	2.67
تولبة	0.00
تولت	3.57
تولج	2.28
تولد	4.02
تولدتم	0.00
تولدتن	0.00
تولدن	0.00
تولدنا	0.00
تولدوا	1.39
تولدون	0.00
تولدي	2.10
تولدين	1.50
تولع	2.28
توله	1.87
تولوا	3.41
تولوز	2.95
تولول	1.98
تولون	2.71
تولى	4.35
تولي	4.39
توليب	2.70
تولية	2.76
توليع	0.00
تولين	2.67
توليه	3.82
تومئة	0.00
توما	3.53
تومان	2.88
تونس	5.11
تونسي	4.12
تونغا	2.60
توه	2.59
توهان	2.17
توهبن	0.00
توهبوا	0.00
توهبون	0.00
توهبي	0.00
توهبين	0.00
توهج	3.05
توهد	0.00
توهق	1.42
توهم	3.23
توهن	1.77
توهنوا	0.00
توهنون	0.00
توهني	0.00
توهنين	0.00
توهوا	0.00
توهي	1.65
توهيد	0.00
توهيم	0.00
توهين	2.18
تووتر	0.00
تووجد	0.00
تووصل	0.00
تووضع	0.00
تووفق	0.00
تووقف	1.04
توولي	0.00
توى	2.14
توي	3.23
تويج	1.94
تويل	1.96
تياتر	1.36
تيار	4.31
تياسر	1.13
تيامن	0.00
تياه	0.00
تياهى	0.00
تيب	2.89
تيبس	2.77
تيبيس	1.16
تيتم	2.29
تيتيم	1.04
تيجان	3.05
تيرانا	2.42
تيرعا	0.00
تيرعان	0.00
تيرعن	0.00
تيرعوا	0.00
تيرعون	0.00
تيرعي	0.00
تيرعين	0.00
تيزة	0.00
تيس	3.34
تيسر	3.53
تيسرتم	0.00
تيسرتن	0.00
تيسرن	0.00
تيسرنا	0.00
تيسروا	0.00
تيسري	0.00
تيسير	3.99
تيش	2.75
تيغار	0.00
تيفع	0.00
تيفوئيد	1.28
تيفوس	1.47
تيقظ	2.10
تيقن	2.86
تيل	3.18
تيم	4.46
تيماء	3.34
تيمار	0.00
تيمفو	1.20
تيمم	1.89
تيمن	1.74
تيمنا	3.66
تيمور	3.92
تيمين	1.75
تين	3.64
تينة	2.14
تينيسي	3.31
تينيسين	0.00
تيه	2.86
تيهاء	0.00
تيهان	1.27
تيهى	0.00
تيوتوني	0.00
تيوس	2.20
ثؤلول	1.96
ثئب	0.00
ثئد	0.00
ثئر	0.00
ثئرتم	0.00
ثئرتن	0.00
ثئرن	0.00
ثئرنا	0.00
ثئروا	0.00
ثئط	0.00
ثئي	0.00
ثاء	2.11
ثائر	3.46
ثاب	2.15
ثابت	4.48
ثابر	2.36
ثابرتم	0.00
ثابرتن	0.00
ثابرنا	0.00
ثابري	1.47
ثابط	0.00
ثاج	0.00
ثاخ	0.00
ثار	3.76
ثارات	2.02
ثارب	1.34
ثارت	3.41
ثارتم	0.00
ثارتن	0.00
ثارد	0.00
ثارن	0.00
ثارنا	2.22
ثاروا	2.83
ثاع	0.00
ثاقب	2.73
ثاقف	0.00
ثاكل	0.00
ثال	1.83
ثالب	0.00
ثالث	4.58
ثالج	0.00
ثالوث	2.70
ثاليل	1.95
ثاليوم	1.45
ثامر	3.43
ثامل	0.00
ثامن	3.17
ثان	4.00
ثانوي	4.03
ثاني	4.97
ثانية	4.98
ثاى	0.00
ثبات	3.90
ثبار	0.00
ثبان	0.00
ثبت	4.44
ثبتة	1.26
ثبتت	3.48
ثبتم	0.00
ثبتنا	2.48
ثبتوا	2.62
ثبج	1.56
ثبر	1.04
ثبط	1.71
ثبطي	0.00
ثبق	0.00
ثبن	0.00
ثبوت	3.49
ثبور	0.00
ثبى	0.00
ثتم	0.00
ثتن	0.00
ثجا	0.00
ثجاج	0.00
ثجر	1.39
ثجل	0.00
ثجم	0.00
ثحج	0.00
ثخانة	1.78
ثخن	1.76
ثخناء	0.00
ثخونة	0.00
ثخين	2.33
ثدا	0.00
ثداء	0.00
ثدام	0.00
ثدغ	0.00
ثدق	0.00
ثدن	0.00
ثدى	1.88
ثدي	3.47
ثدياء	0.00
ثديي	2.82
ثدييات	2.32
ثرا	1.91
ثراء	3.71
ثرائد	0.00
ثرب	1.78
ثرتم	0.00
ثرتن	0.00
ثرثار	2.63
ثرثر	1.86
ثرثرة	3.48
ثرثرتم	0.00
ثرثرتن	0.00
ثرثرنا	0.00
ثرثري	0.00
ثرد	1.38
ثرط	0.00
ثرع	0.00
ثرغ	0.00
ثرم	1.43
ثرن	0.00
ثرنا	1.79
ثروة	4.22
ثرى	3.15
ثري	3.91
ثريا	3.65
ثرية	3.62
ثريد	2.27
ثطئ	0.00
ثطا	0.00
ثطع	0.00
ثطي	0.00
ثعابين	3.12
ثعالب	2.72
ثعب	1.01
ثعبان	3.59
ثعر	0.00
ثعط	0.00
ثعل	1.89
ثعلب	3.52
ثعلبة	3.31
ثعم	0.00
ثغا	0.00
ثغاء	1.94
ثغام	0.00
ثغب	0.00
ثغر	2.99
ثغرة	3.58
ثغم	0.00
ثغور	2.77
ثفا	0.00
ثفج	0.00
ثفر	0.00
ثفروق	0.00
ثفل	1.46
ثفن	0.00
ثفى	0.00
ثقاب	2.58
ثقاف	1.57
ثقافة	4.81
ثقافي	4.15
ثقالة	2.45
ثقب	3.96
ثقبة	1.99
ثقبي	1.36
ثقة	4.52
ثقف	2.45
ثقفي	1.60
ثقل	3.90
ثقلاء	1.61
ثقلى	0.00
ثقلي	2.15
ثقوب	3.52
ثقيل	4.11
ثقيلات	1.23
ثكال	0.00
ثكالى	1.43
ثكل	1.55
ثكلان	0.00
ثكلة	0.00
ثكلى	2.15
ثكم	0.00
ثكن	0.00
ثكنة	3.18
ثلاث	5.40
ثلاثاء	3.35
ثلاثة	5.52
ثلاثمئة	2.89
ثلاثون	3.75
ثلاثي	4.01
ثلاثية	4.15
ثلاجة	3.60
ثلب	1.49
ثلة	3.13
ثلث	4.30
ثلثي	3.63
ثلج	3.89
ثلجة	1.52
ثلخ	0.00
ثلد	0.00
ثلط	0.00
ثلع	0.00
ثلغ	0.00
ثلل	0.00
ثلم	2.05
ثلمة	2.25
ثلوج	3.19
ثليجة	1.09
ثما	0.00
ثمار	3.92
ثمال	1.42
ثمالة	2.38
ثمام	1.34
ثمان	4.13
ثمانون	3.00
ثماني	4.17
ثمانية	4.77
ثمة	4.51
ثمج	0.00
ثمد	0.00
ثمر	2.93
ثمراء	0.00
ثمرة	3.94
ثمغ	0.00
ثمل	2.74
ثملي	0.00
ثمن	4.65
ثمنة	1.68
ثمين	3.56
ثناء	3.48
ثنائي	4.39
ثناة	0.00
ثنايا	3.32
ثنت	1.35
ثنط	0.00
ثنوية	1.38
ثنى	2.44
ثني	3.19
ثنية	2.87
ثها	0.00
ثهت	0.00
ثوائر	0.00
ثواب	3.57
ثوابت	3.37
ثواجة	0.00
ثوار	3.82
ثواقب	0.00
ثواكل	0.00
ثوالث	1.13
ثوامر	0.00
ثوامن	0.00
ثوان	3.91
ثواني	4.13
ثوب	4.03
ثوبر	0.00
ثور	3.85
ثوران	3.18
ثورة	4.89
ثوروا	2.26
ثوري	3.52
ثوريوم	1.47
ثول	2.48
ثوليوم	0.00
ثوم	3.38
ثوى	1.94
ثياب	3.90
ثيب	1.88
ثيتل	0.00
ثير	2.04
ثيران	2.88
ثيل	2.68
جؤجؤ	0.00
جئتم	2.75
جئتن	1.32
جئث	0.00
جئر	0.00
جئز	0.00
جئل	0.00
جئن	2.10
جئنا	3.52
جئي	0.00
جاء	5.31
جاءا	2.67
جاءت	4.82
جاؤوا	3.69
جائب	1.06
جائح	0.00
جائحة	2.67
جائر	3.14
جائز	3.54
جائزة	5.01
جائع	3.67
جائوا	2.26
جاب	3.70
جابت	3.34
جابذ	0.00
جابر	4.58
جابرتم	0.00
جابرتن	0.00
جابرنا	0.00
جابري	1.92
جابل	1.94
جابه	2.31
جابوا	2.63
جابي	2.83
جابية	1.69
جاث	0.00
جاثم	2.42
جاثوم	1.24
جاثى	0.00
جاثي	0.00
جاج	2.21
جاح	1.04
جاحد	2.82
جاحظ	1.85
جاخ	1.04
جاد	4.50
جادة	4.21
جادر	1.76
جادع	0.00
جادف	0.00
جادل	3.40
جادو	2.76
جادوف	0.00
جاذ	0.00
جاذب	2.85
جاذبية	4.07
جاذع	0.00
جاذف	0.00
جار	4.11
جارت	2.44
جارح	2.94
جارحة	2.89
جارد	2.98
جاررتم	0.00
جاررتن	0.00
جاررنا	0.00
جارري	0.00
جارز	1.09
جارس	1.34
جارع	0.00
جارف	2.87
جارم	0.00
جاروا	2.05
جارور	1.72
جاروش	0.00
جاروف	1.42
جارى	2.94
جاري	3.99
جارية	4.08
جاز	4.14
جازت	2.44
جازر	1.45
جازف	2.17
جازم	2.55
جازوا	1.73
جازون	0.00
جازى	1.45
جاس	2.69
جاسد	0.00
جاسر	2.96
جاسوس	3.39
جاسوسي	1.44
جاسوسية	2.30
جاش	2.40
جاص	0.00
جاض	0.00
جاظ	0.00
جاع	2.64
جاعب	0.00
جاعت	2.08
جاعل	2.33
جاعوا	2.00
جاف	3.70
جافا	3.65
جافر	1.36
جافل	1.65
جافن	2.23
جافى	1.60
جافي	2.78
جاكرتا	3.65
جاكيت	3.13
جال	3.46
جالب	2.82
جالخ	0.00
جالد	1.19
جالس	4.00
جالف	1.09
جالوت	3.17
جالية	3.30
جام	3.49
جامايكا	4.02
جامح	2.73
جامد	3.42
جامر	1.50
جامع	4.38
جامعة	5.34
جامعتم	0.00
جامعتن	0.00
جامعنا	1.16
جامعي	4.14
جامل	2.14
جاملتم	0.00
جاملتن	0.00
جاملنا	0.00
جاملي	1.40
جامور	0.00
جاموس	2.88
جان	4.52
جانب	5.26
جانح	1.90
جانرك	0.00
جانس	1.99
جانستم	0.00
جانستن	0.00
جانسنا	0.00
جانسي	1.80
جانى	2.26
جاني	3.61
جاه	3.15
جاهد	3.17
جاهدتم	1.21
جاهدتن	0.00
جاهدنا	1.58
جاهدي	0.00
جاهر	2.46
جاهز	4.22
جاهل	3.57
جاهلي	2.59
جاهلية	3.00
جاوب	2.84
جاوة	2.65
جاود	1.06
جاودار	0.00
جاور	2.62
جاورتم	0.00
جاورتن	0.00
جاورس	0.00
جاورنا	1.10
جاوري	0.00
جاوز	2.86
جاوزتم	0.00
جاوزتن	0.00
جاوزنا	0.00
جاوزي	0.00
جاوشير	0.00
جاول	1.47
جاوي	2.24
جاى	0.00
جبئ	0.00
جبا	2.24
جباب	1.81
جبابرة	2.59
جباة	2.07
جبار	3.76
جباس	0.00
جبال	4.46
جبان	3.57
جباه	2.14
جباية	2.74
جبب	1.32
جبة	2.83
جبت	3.12
جبج	0.00
جبح	0.00
جبخ	0.00
جبخانة	0.00
جبذ	0.00
جبر	3.90
جبرا	3.12
جبرائيل	3.61
جبران	4.01
جبرة	2.23
جبروت	2.84
جبري	2.65
جبريل	4.00
جبز	0.00
جبس	2.84
جبش	1.18
جبل	4.69
جبلة	3.26
جبلي	3.28
جبن	3.70
جبناء	3.43
جبنة	3.49
جبه	2.38
جبهة	4.65
جبى	1.52
جبي	2.18
جبيز	0.00
جبيل	3.56
جبين	3.22
جثا	1.77
جثاة	0.00
جثام	0.00
جثة	4.39
جثجاث	0.00
جثط	0.00
جثل	0.00
جثم	2.21
جثمان	3.76
جثمة	1.14
جثوة	0.00
جثى	1.51
جحا	3.55
جحاد	0.00
جحاظ	0.00
جحد	2.80
جحدة	0.00
جحر	3.26
جحس	0.00
جحش	3.24
جحظ	0.00
جحظة	1.46
جحف	1.16
جحفل	2.17
جحل	0.00
جحم	1.65
جحمة	0.00
جحن	0.00
جحيم	3.94
جخا	0.00
جخدب	0.00
جخر	0.00
جخف	0.00
جخى	0.00
جدا	5.84
جداء	1.88
جدائل	2.52
جداد	2.80
جدار	4.38
جداري	2.85
جدال	3.82
جداول	3.68
جدب	2.17
جدة	4.83
جدت	2.85
جدث	1.68
جدجد	1.87
جدجديات	0.00
جدح	0.00
جدد	4.39
جددة	1.28
جددتم	0.00
جددتن	0.00
جددن	0.00
جددنا	1.96
جددي	2.13
جدر	2.74
جدراء	0.00
جدران	4.25
جدري	2.74
جدس	0.00
جدش	0.00
جدع	2.76
جدعاء	1.01
جدعاوات	0.00
جدعى	0.00
جدف	2.62
جدل	4.02
جدلي	2.59
جدم	1.36
جدن	2.34
جدوار	0.00
جدول	4.57
جدوى	4.31
جدى	2.97
جدي	4.38
جديان	1.72
جديد	5.62
جدير	4.14
جديل	1.08
جديلة	2.80
جذا	1.94
جذاء	1.38
جذاب	3.84
جذاذ	0.00
جذاع	0.00
جذاف	0.00
جذال	0.00
جذالى	0.00
جذام	2.41
جذب	4.42
جذبة	2.04
جذر	3.44
جذري	3.67
جذريا	3.58
جذع	3.57
جذعان	1.41
جذف	1.57
جذل	2.04
جذلان	1.61
جذلى	0.00
جذم	1.82
جذماء	0.00
جذماوات	0.00
جذمور	1.34
جذمى	0.00
جذوة	2.57
جذور	4.05
جذوع	2.91
جذول	0.00
جذى	0.00
جذيم	0.00
جرؤ	1.77
جرؤتم	0.00
جرؤتن	0.00
جرؤن	0.00
جرؤنا	0.00
جرؤوا	0.00
جرئ	2.74
جرا	1.92
جراء	4.65
جراءة	2.45
جرائد	3.10
جرائم	4.77
جراب	3.14
جرابى	0.00
جرابي	1.94
جرابيات	0.00
جراة	3.67
جراثيم	3.16
جراح	4.03
جراحات	3.36
جراحة	4.27
جراحي	3.64
جراد	3.14
جرادة	3.05
جرار	3.63
جرارة	2.38
جراف	2.65
جرافة	2.76
جراميز	0.00
جران	2.54
جرب	4.19
جرباء	1.96
جربان	2.18
جرباوات	0.00
جربزة	0.00
جربندية	0.00
جربوز	0.00
جربى	2.07
جربي	3.42
جرة	3.39
جرت	4.56
جرتم	0.00
جرتن	0.00
جرثوم	1.97
جرج	2.06
جرجان	2.24
جرجة	1.54
جرجر	1.82
جرجس	3.52
جرجير	2.64
جرح	4.29
جرحة	2.00
جرحى	3.73
جرحي	3.00
جرد	3.46
جرداء	2.87
جرداوات	0.00
جردة	1.71
جردحل	0.00
جردل	2.09
جرذ	3.30
جرذان	3.08
جرذيات	0.00
جرر	1.18
جرز	1.87
جرس	3.76
جرش	3.49
جرض	0.00
جرط	0.00
جرع	2.21
جرعة	4.08
جرعي	0.00
جرف	3.43
جرفة	1.49
جرل	1.41
جرم	3.90
جرموز	1.87
جرن	2.50
جرنا	2.32
جرنوسي	0.00
جرو	3.03
جروا	2.53
جروس	3.30
جروف	2.79
جرى	4.72
جري	3.52
جريء	3.38
جريئة	3.73
جريان	3.28
جريب	2.67
جريتم	0.00
جريتن	0.00
جريث	1.20
جريح	3.77
جريد	2.88
جريدة	4.79
جرير	3.76
جريرة	1.87
جريس	3.58
جريسيات	0.00
جريمة	4.94
جرين	3.75
جرينا	2.05
جرينادا	1.73
جزء	5.30
جزئ	2.67
جزئي	4.11
جزئية	3.77
جزا	2.69
جزاء	4.22
جزائر	2.88
جزائري	4.02
جزائي	2.67
جزار	2.98
جزارة	2.15
جزاز	1.49
جزازة	2.21
جزاف	0.00
جزال	1.61
جزالة	2.19
جزام	1.39
جزت	1.88
جزح	0.00
جزدان	1.07
جزر	4.62
جزري	2.28
جزز	0.00
جزع	2.83
جزعة	1.70
جزف	0.00
جزل	2.34
جزلة	2.35
جزم	3.34
جزمة	2.78
جزور	1.92
جزوع	1.86
جزى	2.66
جزي	2.41
جزيء	3.07
جزيئي	2.38
جزيئيات	1.71
جزية	2.73
جزيرة	4.89
جزيل	3.73
جزين	2.91
جسا	1.16
جساءة	0.00
جساة	0.00
جساد	0.00
جسار	3.23
جسارة	2.38
جساس	2.72
جسامة	2.66
جسد	4.45
جسدي	4.17
جسر	4.48
جسرة	0.00
جسرتم	0.00
جسرتن	0.00
جسرن	0.00
جسرنا	1.15
جسروا	0.00
جسري	2.08
جسع	0.00
جسم	4.57
جسمان	2.03
جسماني	2.34
جسمي	3.83
جسور	3.98
جسوم	2.06
جسي	1.53
جسيم	3.37
جشا	0.00
جشاء	1.51
جشاة	0.00
جشاش	0.00
جشاوات	0.00
جشب	0.00
جشر	0.00
جشع	3.39
جشعان	0.00
جشم	2.62
جشن	0.00
جصاص	0.00
جصص	0.00
جعا	1.22
جعاب	0.00
جعابة	0.00
جعاد	0.00
جعب	1.39
جعبة	2.81
جعة	2.63
جعتم	0.00
جعتن	0.00
جعجع	3.72
جعجعة	2.41
جعد	2.40
جعدة	2.41
جعر	1.22
جعران	1.75
جعرة	0.00
جعزي	0.00
جعزية	0.00
جعس	0.00
جعضيض	0.00
جعظ	0.00
جعف	1.30
جعفر	4.39
جعفيل	0.00
جعل	5.11
جعلان	2.42
جعم	0.00
جعن	0.00
جعنا	1.78
جغتائي	0.00
جغتائية	0.00
جغتاي	0.00
جغرافي	3.52
جغرافيا	3.92
جفا	2.10
جفاء	2.79
جفاة	1.26
جفار	1.87
جفاف	3.85
جفافة	0.00
جفال	2.25
جفان	1.47
جفت	3.26
جفخ	0.00
جفر	1.91
جفرة	1.60
جفس	0.00
جفش	1.15
جفظ	0.00
جفع	0.00
جفف	2.42
جففة	0.00
جفل	1.98
جفن	3.17
جفنة	2.25
جفو	1.68
جفوة	2.22
جفول	1.22
جفون	2.62
جفى	1.34
جلا	2.66
جلاء	3.50
جلاب	2.62
جلابيب	1.81
جلابية	2.24
جلاد	2.91
جلادة	1.70
جلاس	2.99
جلال	4.25
جلالة	3.89
جلاميد	1.75
جلاهق	0.00
جلب	4.54
جلباب	2.93
جلبان	1.93
جلبب	0.00
جلبة	3.20
جلبهنك	0.00
جلت	2.74
جلجامش	2.63
جلجثة	1.46
جلجل	2.40
جلجلان	1.17
جلجلة	1.96
جلح	0.00
جلخ	2.10
جلد	4.31
جلداء	0.00
جلدة	3.35
جلدوم	0.00
جلدي	3.63
جلز	0.00
جلس	3.90
جلساء	2.12
جلسة	4.67
جلستم	1.51
جلستن	0.00
جلسن	1.65
جلسنا	3.48
جلسوا	3.08
جلط	1.86
جلطة	3.39
جلع	0.00
جلغ	0.00
جلف	2.62
جلفة	1.77
جلق	1.60
جلل	3.29
جلم	1.70
جلمد	0.00
جلمود	2.27
جلنار	2.30
جلنجبين	0.00
جله	2.28
جلهاب	0.00
جلهم	2.63
جلوة	1.96
جلود	3.22
جلوز	1.04
جلوس	3.54
جلى	2.16
جلي	3.49
جليات	1.92
جليد	3.42
جليدي	3.34
جليس	3.13
جليل	3.48
جمئ	0.00
جما	3.40
جماجم	3.08
جماد	2.91
جمادى	3.77
جماديات	0.00
جمار	1.77
جمارك	3.26
جماز	2.39
جمازة	0.00
جماع	3.48
جماعة	4.96
جماعي	4.45
جمال	5.17
جمام	0.00
جمان	2.26
جمانة	2.80
جماهير	4.22
جمباز	2.69
جمة	3.56
جمجم	1.53
جمجمة	3.46
جمح	2.33
جمخ	0.00
جمد	3.00
جمدة	1.53
جمر	2.91
جمرة	3.35
جمرك	3.16
جمركي	2.50
جمز	0.00
جمس	2.55
جمش	0.00
جمشت	1.16
جمع	4.99
جمعاء	3.26
جمعاوات	0.00
جمعة	4.54
جمعي	2.75
جمعية	5.02
جمل	3.95
جملاء	1.05
جملة	4.45
جملون	2.32
جملى	1.24
جملي	2.35
جمم	1.09
جمهر	1.14
جمهرة	2.88
جمهور	4.47
جمهوري	3.54
جمهورية	4.81
جموح	2.69
جمود	2.93
جموع	3.74
جموم	0.00
جمى	1.39
جميز	1.59
جميزة	1.59
جميع	5.84
جميل	5.23
جميلة	5.08
جميم	0.00
جنئ	0.00
جنا	0.00
جنائب	0.00
جنائز	2.74
جنائزي	2.42
جنائني	0.00
جنائي	3.43
جناب	2.90
جنابة	1.92
جناة	2.61
جناح	4.35
جناحان	2.56
جناحيات	0.00
جناحية	1.62
جنادب	1.55
جنادل	0.00
جناز	1.52
جنازة	4.13
جناس	2.23
جنان	3.75
جناية	3.42
جنب	4.64
جنبة	2.27
جنبي	3.03
جنة	4.12
جنتورية	0.00
جنح	3.58
جنحة	3.03
جند	3.81
جندب	3.00
جندر	2.03
جندرمة	1.33
جندري	1.53
جندل	2.71
جندلة	1.56
جندي	4.56
جندية	2.54
جنرال	4.33
جنز	2.22
جنس	4.76
جنسن	2.83
جنسي	4.13
جنسية	4.54
جنش	2.38
جنطيانا	0.00
جنف	1.45
جنق	1.82
جنك	2.56
جنكيز	3.11
جنن	1.90
جنوب	5.36
جنوبي	4.17
جنوح	2.52
جنود	4.65
جنوسة	0.00
جنون	4.30
جنى	3.42
جني	3.93
جنية	3.86
جنيف	4.33
جنين	3.84
جنيناتي	0.00
جنينة	2.77
جنيه	4.57
جهائر	0.00
جهابذة	2.19
جهاد	4.09
جهادي	2.90
جهار	2.17
جهاز	5.11
جهال	2.45
جهالة	2.38
جهبذ	1.65
جهة	5.12
جهث	0.00
جهد	4.49
جهدة	1.32
جهر	2.49
جهراء	1.35
جهز	3.58
جهزة	1.53
جهزي	2.93
جهش	0.00
جهض	0.00
جهق	0.00
جهل	4.03
جهلاء	2.47
جهلة	2.87
جهم	2.40
جهمي	1.97
جهن	0.00
جهنم	4.09
جهنمي	2.00
جهود	4.63
جهور	2.28
جهوري	2.28
جهول	1.97
جهي	1.49
جهير	2.47
جواء	1.64
جوائب	0.00
جوائح	1.23
جوائر	1.48
جوائز	4.56
جوائع	0.00
جواب	4.06
جوابا	3.58
جوابر	0.00
جوابي	3.11
جواثم	0.00
جواثي	0.00
جواثيم	0.00
جواحد	0.00
جواحظ	0.00
جواد	4.15
جوادر	1.68
جواديف	0.00
جواذب	1.11
جوار	3.65
جوارب	3.18
جوارح	2.15
جوارش	0.00
جوارف	0.00
جواري	3.01
جواريش	0.00
جواريف	0.00
جواز	4.43
جوازم	0.00
جواسر	0.00
جواسق	0.00
جواسيس	3.58
جواسيق	0.00
جواف	0.00
جوافة	2.25
جوافل	0.00
جوافي	0.00
جوال	3.99
جوالس	0.00
جوالق	0.00
جوالي	2.97
جواليق	0.00
جوامح	0.00
جوامد	1.08
جوامع	3.15
جواميس	1.89
جوان	4.12
جوانب	4.41
جوانح	2.06
جواني	2.25
جواهد	0.00
جواهر	3.67
جواهري	2.27
جواهز	0.00
جواهل	0.00
جوب	2.99
جوبا	3.20
جوبر	3.14
جوبرتم	0.00
جوبرتن	0.00
جوبرن	0.00
جوبرنا	0.00
جوبروا	0.00
جوبوا	0.00
جوبي	2.74
جوة	2.72
جوت	2.76
جوث	1.90
جوح	0.00
جوخ	2.92
جود	3.81
جودة	4.60
جودت	3.00
جودر	1.55
جودو	2.66
جودى	2.00
جوذاب	0.00
جور	3.68
جورب	2.59
جورج	4.98
جورجي	3.62
جورجيا	4.50
جورر	0.00
جوررتم	0.00
جوررتن	0.00
جوررن	0.00
جوررنا	0.00
جورروا	0.00
جوروا	0.00
جوري	3.49
جوز	3.93
جوزاء	2.34
جوزة	2.97
جوزل	0.00
جوزي	3.09
جوسق	1.26
جوشن	2.16
جوع	3.77
جوعان	3.23
جوعوا	1.44
جوعى	2.46
جوعي	2.35
جوف	3.72
جوفاء	2.87
جوفاوات	0.00
جوفي	3.16
جوق	1.95
جوقة	3.18
جول	4.02
جولان	2.51
جولة	4.66
جولف	3.25
جولق	0.00
جومائي	0.00
جومع	0.00
جومعتم	0.00
جومعتن	0.00
جومعن	0.00
جومعنا	0.00
جومعوا	0.00
جومل	0.00
جوملتم	0.00
جوملتن	0.00
جوملن	0.00
جوملنا	0.00
جوملوا	0.00
جون	5.27
جونة	2.06
جونس	3.16
جونستم	0.00
جونستن	1.53
جونسن	2.52
جونسنا	0.00
جونسوا	0.00
جونفور	0.00
جونفوري	0.00
جوهد	0.00
جوهر	4.12
جوهرة	3.68
جوهري	3.56
جوهريا	3.56
جوور	0.00
جوورتم	0.00
جوورتن	0.00
جوورن	0.00
جوورنا	0.00
جووروا	0.00
جووز	0.00
جووزتم	0.00
جووزتن	0.00
جووزن	0.00
جووزنا	0.00
جووزوا	0.00
جوى	2.92
جوي	4.36
جيء	2.59
جيؤوا	0.00
جيئوا	0.00
جيئي	0.00
جيائد	0.00
جياد	2.78
جياش	1.90
جياع	2.93
جيب	4.19
جيبت	1.78
جيبوا	1.95
جيبوتي	3.81
جيبي	3.57
جيد	5.07
جيداء	1.84
جيداوات	0.00
جير	3.44
جيران	3.69
جيري	4.03
جيز	2.85
جيزت	0.00
جيزوا	0.00
جيسي	3.75
جيش	4.91
جيشان	2.11
جيف	4.06
جيفة	2.82
جيل	4.68
جيلاتو	1.51
جيلاتي	1.69
جيلاتين	2.19
جيم	4.37
جيمس	4.73
جين	4.64
جينز	3.56
جيهل	1.04
جيوب	3.70
جيود	1.20
جيوش	3.86
جيولوجي	2.63
حؤول	0.00
حاء	2.57
حائر	2.87
حائز	3.41
حائش	0.00
حائض	2.35
حائط	3.98
حائك	1.95
حائل	4.08
حاب	2.74
حابر	1.28
حابس	2.87
حابض	0.00
حابط	0.00
حابق	0.00
حابك	1.04
حابل	1.39
حابلة	0.00
حابى	1.56
حات	2.32
حاث	1.91
حاج	4.01
حاجب	3.17
حاجبة	1.85
حاجبية	1.16
حاجة	5.10
حاجر	2.10
حاجز	4.22
حاجل	0.00
حاجم	1.88
حاجى	1.47
حاجيات	2.94
حاخام	2.90
حاد	4.27
حادث	4.67
حادثة	4.62
حادثتم	0.00
حادثتن	0.00
حادثنا	0.00
حادثي	2.12
حادج	0.00
حادر	1.75
حادق	1.27
حادي	2.83
حاذ	1.41
حاذر	2.68
حاذف	2.11
حاذق	2.55
حاذى	1.50
حار	4.10
حارب	3.75
حاربتم	1.99
حاربتن	0.00
حاربنا	2.48
حاربي	1.81
حارة	3.96
حارث	3.00
حارد	0.00
حارز	0.00
حارس	4.49
حارش	1.56
حارض	0.00
حارق	2.99
حارقة	3.36
حارك	1.63
حارم	2.84
حارن	0.00
حارود	0.00
حاز	4.06
حازب	1.66
حازر	0.00
حازق	1.14
حازم	4.03
حازن	0.00
حازوقة	2.04
حاس	2.47
حاسب	3.82
حاسبة	3.13
حاسبتم	0.00
حاسبتن	0.00
حاسبنا	1.72
حاسبي	2.10
حاسة	3.77
حاسد	2.78
حاسر	1.33
حاسم	3.82
حاسن	1.08
حاسوب	4.13
حاش	2.12
حاشا	2.71
حاشد	3.34
حاشر	1.54
حاشم	1.04
حاشى	2.07
حاشية	3.40
حاص	1.82
حاصب	0.00
حاصد	2.26
حاصر	3.25
حاصرة	1.44
حاصف	0.00
حاصل	4.11
حاض	1.39
حاضر	4.11
حاضرة	4.04
حاضرتم	0.00
حاضرتن	0.00
حاضرنا	3.00
حاضري	2.32
حاضن	2.50
حاضنة	3.47
حاط	2.40
حاطب	2.56
حاطت	1.37
حاطم	0.00
حاطمة	0.00
حاطوا	0.00
حاطوم	2.28
حاف	2.44
حافة	4.28
حافر	2.82
حافريات	0.00
حافز	3.60
حافظ	4.51
حافظة	3.52
حافظتم	1.38
حافظتن	0.00
حافظنا	2.49
حافظي	2.95
حافل	3.75
حافلة	4.22
حافى	1.50
حافي	2.97
حاق	2.34
حاقب	0.00
حاقت	1.90
حاقد	3.25
حاقر	1.04
حاققتم	0.00
حاققتن	0.00
حاققنا	0.00
حاققي	0.00
حاقن	2.13
حاقوا	0.00
حاقول	1.38
حاقي	0.00
حاك	2.58
حاكة	1.62
حاكر	0.00
حاكم	4.51
حاكمية	2.40
حاكى	1.94
حاكي	1.92
حال	5.44
حالا	4.00
حالب	2.05
حالة	5.59
حالت	3.33
حالج	0.00
حالف	2.64
حالق	2.04
حالك	4.25
حالم	2.89
حالما	3.79
حالوا	2.27
حالي	3.83
حاليا	5.32
حام	3.20
حامت	2.49
حامد	4.36
حامس	0.00
حامص	0.00
حامض	3.51
حامل	4.43
حامول	1.20
حامولة	0.00
حامى	2.49
حامي	3.59
حامية	3.63
حاميتم	0.00
حاميتن	0.00
حامينا	2.09
حان	4.58
حانة	3.51
حانط	0.00
حانف	0.00
حانك	0.00
حانوت	2.16
حانوتي	1.94
حاور	2.27
حاوط	0.00
حاوطتم	0.00
حاوطتن	0.00
حاوطنا	0.00
حاوطي	0.00
حاول	4.95
حاولتم	2.32
حاولتن	0.00
حاولنا	3.96
حاولي	3.60
حاوي	2.73
حايث	0.00
حايد	1.10
حاين	1.17
حبا	4.16
حبائب	0.00
حبائس	0.00
حبائك	0.00
حبائل	2.24
حباب	2.55
حبابة	2.19
حباحب	1.29
حبار	2.86
حبارى	1.93
حباريات	0.00
حبارير	0.00
حبال	3.47
حبالة	1.26
حبالى	1.41
حبان	3.37
حبب	2.86
حببور	0.00
حببي	0.00
حبة	4.14
حبج	1.39
حبذ	1.60
حبذا	2.98
حبر	3.75
حبرة	1.64
حبرج	0.00
حبري	2.70
حبرير	0.00
حبس	4.00
حبش	3.02
حبشة	1.36
حبشي	3.04
حبض	0.00
حبط	2.24
حبق	2.44
حبقوق	2.02
حبك	4.21
حبكة	2.97
حبل	4.11
حبلة	2.02
حبلتم	0.00
حبلتن	0.00
حبلن	0.00
حبلنا	0.00
حبلوا	0.00
حبلى	3.01
حبلي	2.45
حبليات	0.00
حبن	2.04
حبوب	4.27
حبوة	1.22
حبور	1.96
حبوس	1.97
حبى	2.98
حبيب	4.66
حبيبة	3.92
حبيبتي	4.52
حبيبي	4.60
حبير	1.54
حبيس	3.01
حبيكة	0.00
حبيلة	0.00
حتا	3.29
حتات	1.35
حتام	1.83
حتحور	2.24
حتد	0.00
حتر	2.54
حتش	0.00
حتف	1.90
حتك	0.00
حتل	1.41
حتم	2.37
حتما	4.38
حتمي	3.34
حتمية	3.63
حتن	0.00
حتوف	0.00
حتوم	0.00
حتى	6.29
حثا	1.75
حثاث	0.00
حثالة	3.49
حثث	1.20
حثر	0.00
حثرب	0.00
حثل	1.90
حثم	0.00
حثى	1.66
حثيث	2.17
حجئ	0.00
حجا	2.57
حجاب	3.94
حجابة	1.08
حجاج	4.01
حجار	2.87
حجارة	3.79
حجاز	2.20
حجازي	3.57
حجال	1.04
حجام	1.86
حجامة	1.80
حجب	4.04
حجبة	1.04
حجة	4.50
حجج	3.52
حجر	4.53
حجرات	3.19
حجرة	3.95
حجري	3.20
حجز	4.27
حجزة	1.43
حجفة	0.00
حجل	2.34
حجلان	1.40
حجلة	2.27
حجم	4.95
حجن	1.11
حجور	1.82
حجوم	1.99
حجي	3.56
حجيج	2.31
حجيرة	2.69
حدئ	0.00
حدا	4.33
حداء	2.19
حدائد	0.00
حدائق	4.07
حداب	1.42
حداة	1.45
حداث	1.73
حداثة	3.47
حداجة	0.00
حداد	4.09
حدادة	2.50
حداق	1.32
حدب	3.15
حدباء	2.04
حدباوات	0.00
حدبة	2.58
حدبى	0.00
حدة	4.41
حدث	5.37
حدثي	2.16
حدج	1.69
حدد	4.28
حددة	1.21
حددي	2.72
حدر	2.39
حدس	3.34
حدسي	2.62
حدسية	2.06
حدق	2.81
حدقة	2.70
حدقه	1.35
حدل	1.54
حدم	1.28
حدمة	1.50
حدن	1.41
حدوة	2.55
حدوتة	2.53
حدوث	4.82
حدوثة	2.06
حدود	5.04
حدور	1.65
حدى	3.29
حدي	2.96
حديث	4.94
حديد	4.31
حديدة	2.71
حديدي	3.52
حديقة	4.64
حذا	2.59
حذاء	3.97
حذار	3.05
حذاريك	0.00
حذافير	0.00
حذاق	1.42
حذر	4.27
حذف	4.37
حذفار	0.00
حذفر	0.00
حذفور	0.00
حذفي	1.92
حذق	2.40
حذقة	1.02
حذل	0.00
حذلق	0.00
حذلقة	0.00
حذم	0.00
حذو	3.07
حذى	1.45
حذي	1.41
حرا	4.11
حرائر	2.92
حرائص	0.00
حرائق	3.79
حراب	2.49
حرابة	1.92
حرابي	1.20
حراث	1.82
حراثة	2.39
حراج	3.14
حراد	0.00
حراذين	0.00
حرار	2.22
حرارة	4.53
حراري	3.54
حراس	4.30
حراسة	4.12
حراش	1.81
حراشف	2.00
حرافة	1.41
حراق	2.35
حراقة	2.05
حراقف	0.00
حراك	3.66
حرام	4.46
حرامي	3.14
حرامية	3.11
حران	2.85
حرايا	0.00
حرب	5.21
حرباء	2.56
حربة	3.04
حربتم	0.00
حربتن	0.00
حربث	0.00
حربن	0.00
حربنا	2.97
حربوا	0.00
حربى	2.23
حربي	3.54
حرت	1.90
حرث	3.03
حرثة	1.05
حرج	3.87
حرجة	3.89
حرجل	0.00
حرجي	1.36
حرح	1.54
حرد	2.00
حرداء	0.00
حرذون	0.00
حرر	3.65
حرري	1.67
حرز	2.92
حرس	4.14
حرسة	0.00
حرسي	2.20
حرش	2.57
حرشاء	0.00
حرشاوات	0.00
حرشف	1.20
حرشفيات	0.00
حرص	3.70
حرصاء	0.00
حرصى	0.00
حرض	3.33
حرف	4.58
حرفاء	0.00
حرفة	3.31
حرفي	3.57
حرفيا	4.26
حرق	4.30
حرقة	3.34
حرقدة	0.00
حرقفة	0.00
حرقى	1.23
حرقي	1.62
حرك	3.69
حركة	5.33
حركي	3.31
حرم	4.40
حرمان	3.87
حرمة	3.87
حرمل	2.24
حرمي	1.92
حرن	1.97
حرنكش	1.38
حروب	4.17
حرور	1.01
حروف	4.19
حروق	3.50
حرون	1.20
حرى	2.50
حري	3.15
حريات	3.35
حرية	4.77
حريد	1.60
حريدي	1.16
حرير	3.42
حريرة	2.41
حريري	3.17
حريز	2.47
حريش	2.69
حريص	3.53
حريف	2.49
حريق	4.29
حريقة	2.72
حريم	3.69
حريون	0.00
حزا	1.51
حزاء	1.68
حزاز	1.58
حزازة	1.46
حزازيات	1.52
حزاق	0.00
حزام	4.23
حزانى	1.87
حزب	5.33
حزبي	3.42
حزر	2.36
حزز	0.00
حزق	1.34
حزقيال	2.83
حزك	0.00
حزم	4.08
حزمة	4.23
حزن	3.98
حزناء	0.00
حزنبل	0.00
حزون	0.00
حزى	0.00
حزيران	4.61
حزين	4.25
حسا	3.10
حساء	3.42
حسائف	0.00
حسائك	1.09
حسائية	0.00
حساب	5.21
حساد	1.66
حسارى	0.00
حساس	3.89
حساسي	1.78
حساسية	4.24
حساف	0.00
حسافة	1.59
حسام	4.33
حسان	4.07
حسانية	1.41
حسب	5.38
حسبان	2.67
حسبة	2.75
حسبما	4.16
حسحس	0.00
حسد	3.28
حسدة	1.06
حسر	1.98
حسران	1.29
حسرة	3.25
حسرى	0.00
حسس	1.38
حسف	0.00
حسك	2.83
حسل	2.00
حسم	4.17
حسمة	0.00
حسن	5.41
حسنا	4.67
حسناء	3.33
حسناوات	2.34
حسنة	4.19
حسنتم	0.00
حسنتن	0.00
حسنوا	2.24
حسنى	3.27
حسني	4.35
حسنيات	0.00
حسوة	1.47
حسود	2.48
حسوم	1.04
حسون	3.40
حسى	1.94
حسي	3.32
حسيب	3.58
حسير	2.02
حسيس	1.53
حسيفة	0.00
حسيكة	1.34
حسين	5.17
حشا	2.37
حشائش	2.61
حشاد	2.44
حشار	1.02
حشاش	2.38
حشاشة	1.94
حشايا	1.26
حشحش	0.00
حشد	4.13
حشدة	0.00
حشدي	1.27
حشر	3.21
حشرة	3.69
حشرج	1.03
حشرجة	2.17
حشريات	0.00
حشش	0.00
حشط	0.00
حشف	1.77
حشفة	1.84
حشك	0.00
حشل	0.00
حشم	1.81
حشمة	2.48
حشن	1.18
حشو	3.29
حشوان	0.00
حشود	3.45
حشى	1.92
حشي	2.16
حشية	2.20
حشيش	3.67
حشيف	0.00
حشيم	1.04
حصئ	0.00
حصا	2.06
حصائد	2.07
حصائر	1.67
حصائل	1.28
حصاة	3.01
حصاد	3.71
حصادة	2.16
حصار	4.32
حصافة	1.71
حصال	0.00
حصالة	2.44
حصان	4.28
حصانة	3.58
حصب	2.08
حصباء	1.57
حصبة	1.98
حصة	4.44
حصحص	1.93
حصد	3.75
حصدة	0.00
حصر	4.01
حصرم	1.16
حصري	3.99
حصريا	4.19
حصص	3.87
حصف	1.26
حصفاء	0.00
حصل	5.27
حصلة	1.93
حصلتم	2.07
حصلتن	0.00
حصلن	2.49
حصلنا	3.74
حصلوا	4.09
حصم	0.00
حصن	3.97
حصوة	2.60
حصول	4.25
حصون	3.18
حصى	3.24
حصي	1.98
حصيات	2.33
حصيد	1.80
حصيدة	1.15
حصير	2.53
حصيرة	2.80
حصيف	2.06
حصيل	1.22
حصيلة	4.10
حصين	3.17
حضا	1.85
حضائر	1.54
حضار	2.00
حضارة	4.14
حضان	1.01
حضانة	3.75
حضب	0.00
حضج	0.00
حضر	4.54
حضرة	4.11
حضرتك	3.90
حضرموت	4.05
حضرمي	2.42
حضري	3.40
حضض	0.00
حضل	1.18
حضن	3.69
حضنة	2.22
حضور	4.61
حضوري	3.32
حضون	0.00
حضيرة	2.42
حضيض	2.55
حطا	1.77
حطائط	0.00
حطاب	2.83
حطاط	1.05
حطام	3.80
حطامة	0.00
حطب	3.27
حطبة	1.73
حطة	2.67
حطر	0.00
حطم	3.54
حطمة	1.44
حطي	2.67
حطيئة	1.35
حطيطة	0.00
حظا	4.41
حظائر	2.77
حظار	0.00
حظب	0.00
حظر	4.52
حظل	0.00
حظوا	2.51
حظوة	2.61
حظوظ	3.34
حظي	4.24
حظيتم	0.00
حظيتن	0.00
حظيرة	3.37
حظيظ	1.35
حظين	1.92
حظينا	2.31
حفا	1.69
حفائظ	1.96
حفاة	2.70
حفات	1.18
حفار	3.01
حفاز	1.65
حفاض	1.54
حفاظ	3.10
حفاظة	2.07
حفاف	1.50
حفافة	0.00
حفال	0.00
حفاوة	2.87
حفت	2.17
حفحف	0.00
حفد	0.00
حفداء	0.00
حفر	4.26
حفرة	4.03
حفز	2.95
حفس	0.00
حفش	1.13
حفص	3.45
حفصة	3.02
حفض	1.83
حفظ	4.68
حفظاء	0.00
حفظة	3.14
حفظي	2.62
حفف	0.00
حففة	0.00
حفل	4.88
حفلة	4.41
حفلي	2.33
حفن	1.61
حفنة	3.86
حفواء	0.00
حفوص	0.00
حفي	2.04
حفيد	3.88
حفيدة	3.26
حفير	1.84
حفيرة	1.89
حفيضة	1.09
حفيظ	3.27
حفيظة	3.44
حفيف	2.46
حقا	5.14
حقاء	0.00
حقائب	3.80
حقائد	0.00
حقائق	4.24
حقاب	1.10
حقاد	0.00
حقار	1.41
حقارة	2.84
حقاق	1.34
حقال	1.55
حقب	2.89
حقبة	4.13
حقة	2.91
حقد	3.39
حقدا	3.01
حقدة	0.00
حقر	2.19
حقص	0.00
حقط	0.00
حقف	1.35
حقق	4.73
حققي	2.11
حقل	4.33
حقلة	1.78
حقن	3.92
حقنة	3.27
حقو	2.56
حقوة	0.00
حقود	2.53
حقوق	5.28
حقوقي	3.67
حقول	4.14
حقى	2.73
حقي	4.09
حقيبة	4.27
حقيدة	0.00
حقير	3.66
حقيق	2.62
حقيقة	5.18
حقيقي	4.83
حكا	2.11
حكاء	1.39
حكاة	0.00
حكاك	2.02
حكاكة	1.36
حكام	4.28
حكاية	4.42
حكة	3.19
حكت	3.20
حكد	0.00
حكر	2.64
حكش	0.00
حكل	0.00
حكم	5.26
حكماء	3.26
حكمة	4.11
حكمى	1.53
حكمي	2.94
حكواتي	2.34
حكوتم	0.00
حكوتن	0.00
حكومة	5.19
حكومي	4.13
حكون	1.56
حكونا	0.00
حكى	3.63
حكي	3.70
حكيم	4.28
حكيمات	1.58
حلئ	0.00
حلا	4.32
حلائب	0.00
حلائل	1.09
حلاب	2.02
حلاج	1.55
حلاجة	0.00
حلازين	1.09
حلاف	2.11
حلاق	3.30
حلاقة	3.33
حلاقم	0.00
حلاقيم	1.20
حلال	4.01
حلالة	1.99
حلاوة	3.75
حلاوى	1.08
حلب	4.93
حلبة	3.79
حلبجة	2.69
حلبوب	1.56
حلبي	2.92
حلة	3.57
حلت	4.19
حلتم	1.58
حلتن	0.00
حلتيت	1.34
حلج	2.03
حلحل	1.27
حلز	1.34
حلزون	2.73
حلزوني	2.64
حلس	1.96
حلسة	0.00
حلط	0.00
حلف	4.20
حلفاء	3.71
حلفاة	0.00
حلفة	2.33
حلق	3.90
حلقة	4.74
حلقم	0.00
حلقوس	0.00
حلقوم	2.02
حلقى	1.77
حلقي	3.42
حلك	2.80
حلكة	2.30
حلل	3.57
حللي	2.13
حلم	4.72
حلماء	1.09
حلمة	2.93
حلن	0.00
حلنا	2.07
حلو	4.12
حلواء	0.00
حلواني	2.97
حلوب	2.13
حلوف	2.00
حلوق	2.29
حلول	4.62
حلولية	1.31
حلوم	2.37
حلون	1.57
حلوى	4.00
حلويات	3.66
حلوية	0.00
حلى	3.22
حلي	3.40
حليب	4.20
حلية	3.19
حليج	0.00
حليف	3.75
حليق	3.06
حليل	2.41
حليلة	2.12
حليم	3.47
حليمات	1.74
حليمة	3.42
حليمي	1.64
حمئ	0.00
حما	2.84
حمائر	0.00
حمائل	1.55
حمائم	2.18
حماة	4.27
حماحم	0.00
حماد	3.83
حمادة	3.87
حمار	3.92
حماس	4.73
حماسة	3.39
حماض	1.99
حماضيات	0.00
حماق	1.49
حماقة	3.30
حمال	2.89
حمالة	3.27
حمام	4.44
حماما	2.80
حمامة	3.60
حمامى	2.30
حمامي	2.71
حماميات	0.00
حماية	5.08
حمبزان	0.00
حمة	2.76
حمت	2.64
حمحم	1.59
حمحميات	0.00
حمد	4.63
حمدل	0.00
حمدلة	0.00
حمر	3.48
حمراء	4.34
حمراوات	1.65
حمرة	3.25
حمرية	1.52
حمز	1.18
حمزة	4.39
حمس	2.39
حمش	1.60
حمص	4.47
حمصي	2.65
حمصيص	0.00
حمض	4.03
حمضي	2.88
حمضيات	2.33
حمط	0.00
حمق	2.46
حمقاء	2.90
حمقاوات	0.00
حمقى	2.99
حمك	1.38
حمل	4.79
حملات	4.29
حملاج	0.00
حملاق	0.00
حملان	2.30
حملة	5.02
حملق	1.58
حملقة	1.15
حملي	2.94
حمم	2.93
حمو	3.16
حموان	0.00
حمودة	3.22
حموض	1.92
حموضة	3.14
حمول	1.69
حمولة	3.77
حموي	1.95
حمى	4.13
حمي	3.00
حميات	2.59
حمية	3.64
حميد	4.47
حميدة	3.74
حمير	3.63
حميراء	1.89
حميم	3.43
حميمية	3.14
حنؤوا	0.00
حنئتم	0.00
حنئتن	0.00
حنئنا	0.00
حنئي	0.00
حنا	4.17
حناء	2.48
حنائيات	0.00
حنابل	0.00
حناتم	0.00
حناتن	0.00
حناجر	2.61
حناجير	0.00
حناط	0.00
حناطة	1.24
حنان	4.01
حنانا	0.00
حنانيك	1.96
حنايا	2.65
حنب	1.55
حنبعل	2.72
حنبل	3.67
حنبلي	2.17
حنت	2.30
حنتم	1.01
حنث	2.29
حنج	0.00
حنجر	1.07
حنجرة	2.92
حنجري	1.43
حنجور	1.27
حندج	0.00
حندقوق	0.00
حنذ	0.00
حنر	0.00
حنس	2.00
حنش	2.52
حنط	1.47
حنطبة	0.00
حنطة	2.28
حنطور	1.89
حنطي	2.05
حنظل	2.25
حنظلة	3.33
حنف	1.18
حنفاء	2.49
حنفاوات	0.00
حنفى	2.13
حنفي	3.44
حنفية	2.82
حنق	2.52
حنك	2.46
حنكة	2.77
حنكي	1.47
حنن	1.60
حنو	2.52
حنوتم	0.00
حنوتن	0.00
حنوط	0.00
حنون	3.47
حنونا	2.72
حنى	2.66
حني	2.50
حنية	2.65
حنيف	3.16
حنيفي	1.09
حنين	3.96
حواء	3.75
حوائج	2.95
حوائر	0.00
حوائز	0.00
حوائض	0.00
حوائك	0.00
حوائل	1.15
حواة	1.13
حواجب	2.80
حواجز	3.88
حواجل	0.00
حواد	0.00
حوادث	4.45
حواذق	0.00
حوار	4.57
حوارث	0.00
حوارس	0.00
حوارى	2.09
حواري	3.36
حوازم	0.00
حواس	3.15
حواسب	2.63
حواسد	0.00
حواسم	1.09
حواسيب	3.51
حواش	2.32
حواشد	0.00
حواشر	0.00
حواشي	2.59
حواصب	0.00
حواصد	0.00
حواصر	0.00
حواصل	1.83
حواضر	2.54
حواضن	2.08
حواطب	0.00
حواف	3.28
حوافر	2.59
حوافز	3.14
حوافظ	1.47
حوافل	0.00
حوافي	1.43
حواقد	0.00
حواكم	0.00
حواكي	0.00
حوال	3.02
حوالب	0.00
حوالة	2.88
حوالي	5.27
حوالية	1.01
حوام	1.58
حوامة	2.30
حوامض	1.81
حوامل	3.13
حوامي	0.00
حواميل	0.00
حوانيت	2.08
حوب	1.87
حوة	1.52
حوت	3.56
حوج	1.47
حوجل	0.00
حوجلة	1.12
حودث	1.02
حودثتم	0.00
حودثتن	0.00
حودثن	0.00
حودثنا	0.00
حودثوا	0.00
حوذان	1.62
حوذي	1.26
حور	3.32
حوراء	2.44
حوران	3.46
حوراني	2.64
حوراوات	0.00
حورب	2.08
حوربتم	0.00
حوربتن	0.00
حوربن	0.00
حوربنا	0.00
حوربوا	1.16
حورس	3.19
حوري	2.41
حورية	3.64
حوز	1.95
حوزاء	0.00
حوزة	3.22
حوس	1.56
حوسب	1.28
حوسبة	2.45
حوسبتم	0.00
حوسبتن	0.00
حوسبن	0.00
حوسبنا	0.00
حوسبوا	0.00
حوش	3.55
حوص	0.00
حوصل	0.00
حوض	4.46
حوضر	0.00
حوضرتم	0.00
حوضرتن	0.00
حوضرن	0.00
حوضرنا	0.00
حوضروا	0.00
حوط	1.99
حوطة	2.89
حوطي	1.16
حوف	2.34
حوفظ	1.78
حوق	1.29
حوقة	0.00
حوقق	0.00
حوققتم	0.00
حوققتن	0.00
حوققن	0.00
حوققنا	0.00
حوققوا	0.00
حوقل	2.17
حوقلة	0.00
حوك	1.26
حوكة	0.00
حول	5.87
حولاء	2.07
حولاوات	0.00
حولق	0.00
حولى	2.79
حولي	4.31
حوم	1.95
حومة	2.65
حومي	1.07
حووط	0.00
حووطتم	0.00
حووطتن	0.00
حووطن	0.00
حووطنا	0.00
حووطوا	0.00
حوول	1.67
حوولتم	0.00
حوولتن	0.00
حوولن	0.00
حوولنا	0.00
حوولوا	0.00
حوى	3.00
حوي	2.01
حويرة	0.00
حويصلة	2.20
حوين	1.53
حيا	4.45
حياء	3.52
حياة	5.35
حيات	2.96
حياتي	5.11
حياد	2.99
حيادي	2.73
حيارى	2.28
حيازة	3.76
حيازيم	0.00
حياصة	0.00
حياض	2.50
حياطة	1.16
حياكة	2.85
حيال	4.49
حية	4.46
حيت	3.51
حيتان	3.28
حيث	6.20
حيثما	3.79
حيثية	2.35
حيد	2.89
حيدان	2.44
حيدة	2.46
حيدر	4.37
حير	3.08
حيران	2.90
حيرة	3.77
حيرى	1.79
حيز	4.05
حيزوم	1.61
حيص	1.95
حيصل	0.00
حيض	2.41
حيضة	1.35
حيط	2.36
حيطان	2.90
حيطة	2.66
حيطت	0.00
حيطوا	0.00
حيعل	0.00
حيف	2.47
حيفا	4.10
حيل	3.51
حيلة	4.03
حيلولة	0.00
حين	5.66
حينئذ	4.10
حينذاك	3.58
حينما	4.84
حيهل	0.00
حيوات	2.80
حيوان	4.43
حيواني	3.33
حيوانية	3.13
حيود	2.02
حيول	0.00
حيوي	3.87
حيي	3.33
خؤولة	1.09
خؤون	0.00
خاء	1.98
خائب	2.55
خائر	2.06
خائط	0.00
خائف	3.53
خائن	3.90
خاب	3.75
خابر	2.26
خابرتم	0.00
خابرتن	0.00
خابرنا	1.26
خابري	0.00
خابز	0.00
خابط	1.13
خابل	0.00
خابور	2.18
خابية	1.67
خات	1.89
خاتر	0.00
خاتل	1.08
خاتم	4.05
خاتمة	3.67
خاتن	0.00
خاتون	2.80
خاثر	1.78
خادر	1.36
خادرة	1.43
خادش	1.81
خادع	2.77
خادم	4.50
خادن	0.00
خادوم	1.95
خاذل	1.08
خار	2.47
خارج	5.44
خارجي	4.06
خارجية	4.59
خارس	1.18
خارصين	1.29
خارط	1.20
خارطة	3.77
خارع	0.00
خارق	3.60
خارقة	3.84
خاركوف	2.75
خاركيف	1.77
خاز	1.04
خازر	1.54
خازف	0.00
خازن	2.55
خازوق	2.85
خاس	1.99
خاسئ	0.00
خاسر	3.46
خاسف	1.11
خاش	2.02
خاشع	2.42
خاشف	0.00
خاشقجي	3.52
خاشن	0.00
خاص	5.26
خاصب	0.00
خاصة	5.53
خاصر	1.03
خاصرة	2.80
خاصل	0.00
خاصم	2.44
خاصية	4.12
خاض	3.90
خاضب	0.00
خاضع	3.45
خاط	2.44
خاطئ	4.08
خاطئة	4.31
خاطب	3.33
خاطبتم	0.00
خاطبتن	0.00
خاطبنا	1.67
خاطبي	1.46
خاطر	3.84
خاطرة	2.84
خاطف	2.85
خاطوف	0.00
خاف	3.61
خافة	1.02
خافت	3.45
خافر	0.00
خافض	2.73
خافق	1.94
خافوا	3.03
خافور	0.00
خافي	3.10
خاق	1.31
خاقان	2.60
خاقانية	1.04
خال	4.15
خالب	0.00
خالة	3.58
خالج	1.65
خالد	5.23
خالس	0.00
خالص	4.10
خالط	2.67
خالطتم	0.00
خالطتن	0.00
خالطنا	0.00
خالطي	0.00
خالع	2.14
خالف	3.59
خالفتم	1.78
خالفتن	0.00
خالفنا	2.27
خالفي	1.27
خالق	3.73
خالي	4.17
خام	3.95
خامات	3.09
خامد	2.65
خامر	1.67
خامرتم	0.00
خامرتن	0.00
خامرنا	0.00
خامري	0.00
خامس	3.74
خامص	0.00
خامل	2.80
خامنئي	4.09
خان	4.73
خانة	3.90
خانت	2.79
خانس	0.00
خانع	1.84
خانف	0.00
خانق	3.05
خانقاه	1.76
خانوا	2.86
خانية	1.50
خاوي	2.72
خاير	1.45
خايل	0.00
خبء	1.41
خبئ	2.52
خبا	2.51
خباء	1.90
خبائث	1.50
خبار	2.35
خباز	2.77
خبازة	2.08
خبازى	0.00
خبازيات	0.00
خباط	1.47
خبال	1.92
خبايا	3.07
خبب	2.27
خبت	2.61
خبث	3.12
خبثاء	2.08
خبج	0.00
خبر	4.86
خبراء	4.45
خبرة	4.43
خبري	2.50
خبز	4.07
خبزة	2.50
خبزي	1.91
خبزية	0.00
خبس	0.00
خبش	1.01
خبص	1.58
خبط	2.81
خبطة	2.44
خبع	0.00
خبق	0.00
خبل	2.47
خبلة	1.50
خبن	1.16
خبيئة	2.35
خبياري	0.00
خبياى	0.00
خبيث	3.65
خبير	4.43
خبيز	1.28
خبيزة	1.81
خبيص	1.30
خبيط	0.00
ختا	1.31
ختار	1.72
ختال	1.45
ختام	3.95
ختامي	2.67
ختان	3.54
ختانة	1.17
ختر	0.00
ختع	0.00
ختل	1.25
ختلة	0.00
ختم	4.03
ختمة	2.77
ختن	2.16
ختنة	0.00
ختو	1.25
ختين	0.00
خثار	1.59
خثر	1.12
خثرة	1.82
خثم	0.00
خثى	0.00
خثي	0.00
خجئ	0.00
خجا	0.00
خجالى	0.00
خجل	3.51
خجلان	2.29
خجلتم	0.00
خجلتن	0.00
خجلن	0.00
خجلنا	1.38
خجلوا	1.31
خجلى	1.89
خجلي	2.32
خجول	3.36
خجى	0.00
خجي	1.58
خخخ	2.39
خدائع	0.00
خداج	1.68
خدار	1.68
خداع	3.93
خدام	3.20
خدب	0.00
خدة	2.31
خدج	1.75
خدد	0.00
خدر	2.98
خدري	1.74
خدش	3.28
خدشي	0.00
خدع	3.59
خدعة	3.90
خدف	0.00
خدل	1.09
خدم	4.06
خدمة	5.18
خدن	1.41
خدوج	1.81
خدوجة	1.60
خدود	2.68
خدور	1.21
خدوش	2.94
خدوع	0.00
خدوم	2.20
خدى	2.06
خديج	2.42
خديجة	4.08
خديعة	2.55
خديم	1.36
خديوي	1.91
خذئ	0.00
خذا	3.21
خذاريف	0.00
خذرف	0.00
خذرفة	0.00
خذروف	0.00
خذع	0.00
خذف	1.39
خذق	0.00
خذل	2.74
خذلان	2.76
خذم	0.00
خذن	1.65
خذوا	3.66
خذول	0.00
خذي	3.69
خرئ	0.00
خراء	2.00
خرائب	2.45
خرائد	0.00
خرائط	4.12
خراب	3.76
خرابيش	2.20
خراج	3.03
خراز	1.30
خرازة	1.14
خراص	1.35
خراط	2.15
خراطة	2.38
خراطيم	2.89
خراطين	0.00
خراف	2.76
خرافات	3.32
خرافة	3.43
خرافي	3.15
خراق	0.00
خراقة	1.10
خرامة	1.50
خرانق	0.00
خرب	3.45
خربة	3.45
خربز	0.00
خربش	1.93
خربشة	2.51
خربق	1.04
خرت	1.87
خرث	0.00
خرج	4.78
خرجة	2.45
خرجتم	2.48
خرجتن	0.00
خرجن	2.32
خرجنا	4.03
خرجوا	3.94
خرخار	0.00
خرخر	1.31
خرخرة	1.76
خرد	1.81
خردة	3.23
خردق	1.51
خردل	3.05
خررتم	0.00
خررتن	0.00
خررن	0.00
خررنا	0.00
خرز	2.80
خرزة	2.65
خرس	2.39
خرساء	2.61
خرسانة	2.98
خرساوات	0.00
خرسة	0.00
خرسى	0.00
خرش	0.00
خرشاف	0.00
خرشف	0.00
خرشفة	0.00
خرشنة	1.71
خرشوف	1.98
خرص	1.71
خرصة	0.00
خرط	2.35
خرطال	0.00
خرطم	1.21
خرطمي	0.00
خرطوش	3.08
خرطوم	3.21
خرطون	0.00
خرع	1.11
خرف	2.86
خرفان	2.75
خرفة	2.26
خرق	4.01
خرقاء	2.53
خرقاوات	0.00
خرقة	2.84
خرقى	1.49
خرك	0.00
خرم	3.40
خرمال	0.00
خرنباش	0.00
خرنق	1.25
خرنوب	1.04
خروب	2.05
خروبة	1.70
خروت	0.00
خروج	4.54
خرود	0.00
خروس	0.00
خروش	0.00
خروع	2.02
خروعة	0.00
خروف	3.57
خروفة	1.58
خروق	1.96
خريبكة	2.93
خريج	3.87
خريد	0.00
خرير	2.33
خريطة	4.53
خريف	3.75
خزا	1.35
خزائن	3.66
خزاع	0.00
خزاعة	3.35
خزاف	1.39
خزامى	2.31
خزان	3.90
خزانة	3.86
خزب	1.10
خزج	0.00
خزر	1.85
خزرج	1.77
خزز	1.14
خزع	1.32
خزعبل	0.00
خزعبلة	0.00
خزعبيل	0.00
خزعة	2.83
خزف	2.61
خزفي	2.34
خزق	1.40
خزل	1.38
خزم	1.50
خزن	2.94
خزنة	3.03
خزوز	0.00
خزى	2.21
خزي	3.24
خزية	0.00
خزير	0.00
خزينة	3.55
خسئ	1.67
خسا	1.04
خسائر	4.25
خسائس	0.00
خسار	1.78
خسارة	4.53
خساس	0.00
خساسة	1.71
خساف	0.00
خسة	2.55
خسر	4.37
خسران	3.22
خسرة	1.55
خسرو	3.30
خسرى	0.00
خسس	0.00
خسف	2.74
خسفة	0.00
خسق	0.00
خسل	0.00
خسوف	3.10
خسيس	2.93
خسيسة	2.46
خشا	1.01
خشاء	0.00
خشاب	1.76
خشابى	0.00
خشارمة	0.00
خشاش	2.23
خشاع	0.00
خشب	3.99
خشبة	3.71
خشبى	2.43
خشبي	3.66
خشخاش	2.24
خشخش	1.06
خشخشة	2.32
خشر	0.00
خشرم	2.10
خشع	2.13
خشعة	1.36
خشف	2.11
خشل	0.00
خشم	2.96
خشن	3.34
خشناء	0.00
خشناوات	0.00
خشنة	3.21
خشوع	2.75
خشوف	1.52
خشونة	3.08
خشى	2.34
خشي	3.29
خشيان	0.00
خشية	4.08
خصاء	1.49
خصائل	1.48
خصاص	1.47
خصاصة	2.21
خصاف	1.24
خصال	3.22
خصام	2.76
خصب	3.09
خصبة	3.71
خصت	2.06
خصخص	0.00
خصخصة	3.32
خصر	2.94
خصص	3.78
خصف	0.00
خصفة	2.15
خصل	2.49
خصلة	3.28
خصم	4.18
خصوبة	3.17
خصور	1.45
خصوص	2.76
خصوصا	4.92
خصوصي	3.09
خصوصية	4.10
خصول	0.00
خصوم	3.37
خصومة	2.77
خصى	1.94
خصي	2.36
خصيان	2.14
خصيب	2.21
خصية	2.57
خصيصة	2.20
خصيصى	0.00
خصيف	1.85
خصيلة	0.00
خصيم	1.87
خصين	0.00
خضاب	2.32
خضار	3.38
خضارة	0.00
خضاري	1.68
خضاع	0.00
خضب	1.86
خضخض	0.00
خضد	1.01
خضر	3.85
خضراء	4.11
خضراوات	2.57
خضرة	3.02
خضع	3.87
خضعة	0.00
خضف	0.00
خضل	1.24
خضلتم	0.00
خضلتن	0.00
خضلن	0.00
خضلنا	0.00
خضلوا	0.00
خضلي	0.00
خضم	3.97
خضن	1.16
خضوب	0.00
خضوع	3.51
خضيب	0.00
خضير	3.12
خطء	1.93
خطئ	2.37
خطا	4.83
خطاء	3.33
خطائف	0.00
خطائي	1.64
خطاب	4.64
خطابة	2.78
خطاة	1.55
خطار	2.40
خطاط	2.57
خطاطيف	2.01
خطاف	2.86
خطام	1.86
خطايا	3.45
خطب	4.04
خطباء	2.94
خطبة	4.05
خطة	4.98
خطر	5.00
خطط	4.61
خطف	4.05
خطفة	1.85
خطل	2.15
خطم	2.10
خطمي	1.88
خطوب	1.81
خطوبة	3.38
خطوة	4.89
خطورة	4.39
خطوط	4.68
خطوم	1.20
خطى	3.77
خطي	3.61
خطيئة	3.88
خطيب	3.92
خطية	3.56
خطير	4.48
خطيف	0.00
خطيفة	0.00
خظا	0.00
خفا	2.16
خفاء	2.51
خفاة	0.00
خفاش	3.02
خفاشيات	0.00
خفاض	0.00
خفاف	2.51
خفافيش	3.00
خفاق	1.85
خفايا	3.16
خفة	3.53
خفت	3.74
خفتم	2.74
خفتن	0.00
خفج	1.31
خفخف	0.00
خفخفة	0.00
خفد	0.00
خفر	3.62
خفراء	1.51
خفس	1.62
خفش	0.00
خفض	4.27
خفضة	0.00
خفضي	1.57
خفع	0.00
خفف	3.55
خفق	2.80
خفقان	2.96
خفقة	2.29
خفنا	2.42
خفى	2.83
خفي	3.87
خفيا	3.18
خفية	4.00
خفيدد	0.00
خفير	2.22
خفيض	1.84
خفيف	4.30
خلا	3.64
خلاء	2.24
خلائ	0.00
خلائق	2.05
خلائل	0.00
خلاب	2.94
خلابة	3.51
خلاة	1.30
خلاخل	1.34
خلاخيل	1.63
خلاد	2.63
خلاص	3.99
خلاصة	3.81
خلاط	3.02
خلاطة	1.90
خلاعة	1.98
خلاعي	1.24
خلاف	4.53
خلافة	3.83
خلافي	2.56
خلاق	2.99
خلاقين	1.71
خلال	6.19
خلالئذ	0.00
خلالة	2.55
خلالذاك	0.00
خلان	1.71
خلايا	4.37
خلب	2.18
خلبي	0.00
خلة	2.84
خلت	4.03
خلج	2.02
خلجان	1.99
خلخال	2.69
خلخل	1.62
خلخلة	2.33
خلد	3.36
خلدة	2.59
خلدتم	0.00
خلدتن	0.00
خلدن	1.23
خلدنا	1.55
خلدوا	1.84
خلدي	2.36
خلر	0.00
خلس	1.39
خلسة	3.42
خلص	3.91
خلصاء	0.00
خلصة	1.78
خلط	3.84
خلطاء	0.00
خلطي	1.55
خلع	4.08
خلعاء	0.00
خلف	5.05
خلفاء	3.32
خلفي	4.38
خلفية	4.75
خلق	4.98
خلقاء	0.00
خلقة	2.92
خلقي	3.45
خلقين	1.30
خلل	4.19
خلنج	1.32
خلو	3.63
خلوات	2.12
خلوب	0.00
خلوة	3.21
خلوتم	0.00
خلوتن	0.00
خلود	3.65
خلوص	2.17
خلوف	2.53
خلوق	2.73
خلون	2.06
خلونا	2.62
خلوي	3.53
خلويات	0.00
خلى	3.00
خلي	3.73
خلية	4.21
خليج	4.11
خليجي	3.71
خليص	2.55
خليط	4.09
خليطة	1.83
خليع	2.21
خليف	3.05
خليفة	4.70
خليق	2.11
خليقة	2.30
خليل	4.62
خمائر	1.79
خمائل	1.92
خماخم	1.51
خمار	2.51
خمارة	2.22
خماس	2.09
خماشة	0.00
خمال	0.00
خمالة	0.00
خمان	1.16
خمانيات	0.00
خمج	1.92
خمخم	0.00
خمد	2.17
خمر	3.69
خمرة	2.92
خمري	2.52
خمريات	1.25
خمس	5.09
خمسة	5.20
خمسمائة	3.66
خمسون	3.86
خمش	1.24
خمشة	0.00
خمص	1.09
خمط	1.46
خمع	0.00
خمل	1.85
خملة	0.00
خممة	0.00
خمن	2.89
خمود	2.13
خمور	2.89
خموش	0.00
خمول	3.20
خميج	0.00
خمير	2.42
خميرة	2.82
خميس	4.18
خميلة	1.76
خميني	2.83
خنا	2.13
خنائف	0.00
خناثى	0.00
خناجر	2.55
خنادق	3.13
خنازير	3.42
خناس	1.99
خناصر	2.58
خناع	0.00
خناعة	0.00
خنافس	2.49
خناق	2.63
خنان	2.00
خنب	1.23
خنبتم	0.00
خنبتن	0.00
خنبن	0.00
خنبنا	0.00
خنبوا	0.00
خنة	1.28
خنث	1.27
خنثى	2.60
خنجر	3.47
خنجري	1.65
خنخن	0.00
خنخنة	0.00
خندرق	0.00
خندريس	0.00
خندق	3.50
خنز	1.26
خنزير	3.64
خنزيرة	2.31
خنس	1.91
خنساء	2.34
خنشار	0.00
خنصر	2.13
خنصور	0.00
خنط	0.00
خنع	1.41
خنعة	0.00
خنف	0.00
خنفر	3.23
خنفس	1.69
خنفساء	2.96
خنق	3.41
خنوثة	0.00
خنوص	0.00
خنوع	2.07
خنى	0.00
خني	1.83
خنيفة	0.00
خنيفرة	2.93
خنين	1.83
خواء	2.37
خوائب	0.00
خوائر	0.00
خوائط	0.00
خوائف	0.00
خوائن	0.00
خواب	1.31
خوابط	0.00
خوابل	0.00
خوابي	1.66
خواتل	0.00
خواتم	3.42
خواتن	0.00
خواتيم	2.31
خواثر	0.00
خواجة	3.09
خوادع	0.00
خوادم	3.47
خوار	2.64
خوارج	2.82
خوارزم	2.55
خوارزمي	1.66
خوارق	2.64
خوارنة	0.00
خوازن	0.00
خوازيق	2.15
خواسئ	0.00
خواسر	0.00
خواسف	0.00
خواشع	0.00
خواص	3.48
خواصر	1.76
خواض	0.00
خواضع	0.00
خواطئ	0.00
خواطب	0.00
خواطر	3.89
خواطف	0.00
خواطيف	0.00
خواف	2.11
خوافت	0.00
خوافض	0.00
خوافق	0.00
خوافي	1.27
خوال	1.84
خوالد	1.90
خوالص	0.00
خوالع	0.00
خوالق	0.00
خوالي	2.08
خوامس	0.00
خوامل	0.00
خوان	4.40
خوانع	0.00
خوبر	0.00
خوبرتم	0.00
خوبرتن	0.00
خوبرن	0.00
خوبرنا	0.00
خوبروا	0.00
خوة	1.92
خوث	0.00
خوخ	2.93
خوخة	2.48
خوذ	2.32
خوذة	3.19
خور	3.26
خوري	3.40
خوزستان	3.25
خوزلى	0.00
خوش	3.17
خوشي	1.70
خوص	2.17
خوصص	0.00
خوصصة	1.73
خوض	4.08
خوطب	1.68
خوطبتم	0.00
خوطبتن	0.00
خوطبن	0.00
خوطبنا	0.00
خوطبوا	0.00
خوف	4.47
خوفي	3.46
خوق	0.00
خول	2.94
خولة	3.34
خولط	0.00
خولطتم	0.00
خولطتن	0.00
خولطن	0.00
خولطنا	0.00
خولطوا	0.00
خولف	1.15
خولفتم	0.00
خولفتن	0.00
خولفن	0.00
خولفنا	0.00
خولفوا	0.00
خولنجان	0.00
خولي	2.62
خومر	0.00
خومرتم	0.00
خومرتن	0.00
خومرن	0.00
خومرنا	0.00
خومروا	0.00
خون	2.48
خونة	3.54
خوني	1.90
خوى	1.75
خوي	3.23
خوية	1.82
خيار	4.66
خيازر	0.00
خياشيم	2.41
خياط	3.39
خياطة	3.45
خيال	4.25
خيالة	2.77
خيالي	3.93
خيام	3.51
خيانة	4.04
خيب	2.94
خيبة	4.01
خيت	1.36
خير	5.03
خيرات	3.26
خيرة	3.91
خيرى	2.47
خيري	3.90
خيرية	4.01
خيزان	0.00
خيزران	2.47
خيش	2.00
خيشوم	1.55
خيص	0.00
خيط	3.78
خيطان	2.92
خيف	2.55
خيفة	2.44
خيفت	0.00
خيفوا	0.00
خيل	3.56
خيلاء	2.63
خيلان	1.41
خيلع	0.00
خيم	3.34
خيمة	3.91
خيمي	2.14
خيمياء	1.87
خيميات	0.00
خين	2.16
خينت	0.00
خينوا	0.00
خيوط	3.88
خيوف	0.00
خيول	3.56
دؤوب	2.40
دئص	0.00
دئض	0.00
داء	4.14
دائب	1.64
دائخ	0.00
دائر	2.73
دائرة	4.81
دائري	3.48
دائم	4.58
دائما	5.54
دائن	2.34
داب	3.11
دابة	3.33
دابر	2.87
دابرة	0.00
دابغ	0.00
دابق	2.61
دابل	2.40
داث	1.43
داثر	0.00
داج	2.52
داجم	0.00
داجن	1.91
داجنة	1.17
داجى	0.00
داجي	1.96
داح	0.00
داحر	1.02
داحس	2.44
داحص	0.00
داحض	0.00
داخ	1.96
داخرقان	0.00
داخل	5.54
داخلة	3.12
داخلتم	0.00
داخلتن	0.00
داخلنا	3.18
داخلي	4.42
داخلية	4.44
داخن	0.00
داخنة	0.00
داد	3.21
دادي	3.22
داذي	0.00
دار	5.09
دارا	0.00
دارة	3.31
دارت	4.06
دارج	2.57
دارس	3.07
دارصيني	1.12
دارع	1.11
دارعة	0.00
دارفلفل	0.00
دارك	3.70
داركيسة	0.00
دارم	2.34
داروا	2.14
دارويني	1.50
دارى	2.12
دارين	3.75
داس	3.21
داسر	0.00
داسع	0.00
داسوس	0.00
داش	3.24
داشن	0.00
داص	0.00
داطلي	0.00
داظ	0.00
داع	3.78
داعب	2.77
داعث	0.00
داعر	2.17
داعرة	1.86
داعس	1.85
داعش	5.13
داعشي	2.69
داعص	0.00
داعق	0.00
داعك	0.00
داعم	3.54
داعى	3.01
داعي	4.38
داعية	3.92
داغ	2.82
داغر	2.84
داغستان	3.47
داغش	1.14
داغصة	0.00
داغم	0.00
داف	2.90
دافئ	3.76
دافع	4.23
دافعتم	1.34
دافعتن	0.00
دافعنا	2.35
دافعي	3.36
دافق	2.32
دافن	2.51
داق	1.94
داك	3.59
داكا	2.23
داكن	3.50
داكوي	0.00
دال	3.61
دالة	3.42
دالج	0.00
دالس	1.66
دالف	0.00
دالق	0.00
دالك	2.33
داليا	3.67
دالية	2.76
دام	4.57
داما	2.54
داماء	0.00
دامت	4.15
دامج	1.86
دامس	2.90
دامع	1.66
دامغ	2.43
دامل	0.00
دامن	2.01
داموا	2.84
دامي	2.84
داميثا	0.00
دان	4.40
دانت	2.84
دانق	1.90
دانمارك	1.26
دانوا	1.69
دانوب	2.07
دانى	2.21
داني	4.05
داه	2.59
داهر	1.61
داهس	1.06
داهق	0.00
داهك	0.00
داهم	2.95
داهن	1.73
داهى	0.00
داهي	2.16
داهية	3.09
داود	4.57
داور	1.57
داورتم	0.00
داورتن	0.00
داورنا	0.00
داوري	1.53
داول	1.53
داوم	3.19
داوود	3.88
داوى	1.93
داوي	2.30
داى	0.00
داية	1.86
داين	3.11
دبا	0.00
دباء	1.37
دبائر	0.00
دباب	2.67
دبابة	3.83
دبابيج	0.00
دبابير	2.48
دبابيس	2.94
دباج	0.00
دبار	1.60
دباس	2.70
دباسة	1.72
دباش	0.00
دباغ	2.25
دباغة	2.46
دبب	2.13
دببة	2.68
دببتم	0.00
دببتن	0.00
دببن	0.00
دببنا	0.00
دببي	0.00
دبت	2.82
دبج	1.32
دبح	1.94
دبخ	0.00
دبدب	1.21
دبر	3.54
دبرة	2.03
دبري	2.21
دبس	2.98
دبسة	0.00
دبش	2.36
دبغ	1.90
دبق	2.25
دبقي	1.97
دبكة	2.48
دبل	3.33
دبلج	1.54
دبلجة	2.51
دبلن	3.30
دبلوم	3.90
دبلومة	2.68
دبور	2.93
دبوس	3.21
دبى	3.41
دبي	5.01
دبيب	2.40
دبيل	1.61
دثار	2.33
دثر	1.81
دثط	0.00
دثع	0.00
دجا	1.99
دجاج	4.02
دجاجي	1.25
دجاجيات	0.00
دجال	2.91
دجالة	1.50
دجج	0.00
دجدج	0.00
دجر	1.58
دجل	2.43
دجلة	3.80
دجم	0.00
دجمة	0.00
دجن	2.29
دجناء	0.00
دجناوات	0.00
دجنبر	2.86
دجنة	1.37
دجوجي	0.00
دجى	2.05
دجي	2.07
دجية	0.00
دحا	1.82
دحاض	0.00
دحب	0.00
دحت	0.00
دحج	0.00
دحداح	1.20
دحر	3.13
دحرج	1.97
دحرجة	2.31
دحرجي	0.00
دحز	0.00
دحس	1.04
دحص	0.00
دحض	3.26
دحق	0.00
دحل	1.64
دحم	1.01
دحمرتا	0.00
دحن	0.00
دحوتم	0.00
دحوتن	0.00
دحون	0.00
دحونا	0.00
دحى	0.00
دحي	1.46
دحية	2.62
دحيتم	0.00
دحيتن	0.00
دحين	2.41
دحينا	0.00
دخال	1.56
دخان	3.83
دخر	1.16
دخس	0.00
دخش	0.00
دخص	0.00
دخض	0.00
دخل	5.22
دخلاء	2.52
دخلة	2.79
دخلي	3.00
دخم	0.00
دخن	2.79
دخنة	2.16
دخول	5.06
دخيل	3.67
دخيلة	3.01
ددن	1.04
درا	1.71
درائك	0.00
دراب	1.34
درابيز	0.00
دراج	3.03
دراجة	4.16
دراريج	0.00
دراريع	0.00
دراس	1.99
دراسة	5.04
دراسي	3.80
دراع	2.39
دراعة	1.58
دراق	2.16
دراقة	1.04
دراقن	0.00
دراقنة	0.00
دراما	4.09
درامي	3.75
دراهم	3.08
دراويش	2.26
درايا	1.68
دراية	4.08
درب	4.25
درباس	2.09
دربة	2.03
دربتم	0.00
دربتن	0.00
دربس	0.00
دربن	2.25
دربنا	2.61
دربند	1.86
دربوا	2.45
دربوز	0.00
دربوكة	0.00
دربي	3.29
درة	3.60
درت	2.86
درتم	0.00
درتن	0.00
درج	3.81
درجة	5.19
درح	0.00
درد	1.32
دردار	1.50
دردب	0.00
دردر	1.18
دردش	2.02
دردشة	3.84
دردق	0.00
دردور	1.39
دردي	0.00
درر	2.96
دررتم	0.00
دررتن	0.00
دررن	0.00
دررنا	0.00
درز	1.75
درزة	1.60
درزن	2.52
درزي	2.54
درس	4.59
درسان	1.66
درسة	2.12
درسي	2.44
درص	0.00
درع	4.09
درعا	4.31
درعاء	0.00
درعة	3.12
درفيل	1.24
درق	1.69
درقة	1.72
درقديون	0.00
درك	3.14
دركاه	0.00
دركي	1.88
درم	2.08
درماء	0.00
درمة	0.00
درن	2.25
درنا	2.24
دره	2.79
درهم	4.16
درواس	0.00
دروب	3.60
درور	2.19
دروز	2.60
دروس	4.44
دروش	1.61
دروع	3.34
درونج	0.00
درويش	4.20
درى	2.70
دري	3.17
دريئة	1.01
درياس	1.46
درية	2.42
دريجة	1.20
دريدار	0.00
دريكة	0.00
دريم	3.78
دريهم	1.48
دزر	0.00
دزينة	2.49
دسا	1.24
دسائع	0.00
دساتير	2.77
دسار	1.98
دساس	1.98
دسام	0.00
دسامة	1.20
دست	3.01
دستة	2.45
دستج	0.00
دستور	4.40
دستوري	3.74
دستورية	4.01
دسر	1.47
دسس	0.00
دسع	0.00
دسق	0.00
دسكرة	0.00
دسم	3.00
دسمبر	1.67
دسمة	2.81
دسوت	0.00
دسوق	2.84
دسومة	0.00
دسى	0.00
دسيس	1.13
دسيسة	2.17
دسيعة	0.00
دشا	1.55
دشداشة	1.82
دشمة	1.72
دشن	3.00
دشيش	1.08
دشيشة	1.46
دصق	0.00
دعا	4.57
دعاء	4.33
دعائم	3.31
دعائي	3.64
دعاب	0.00
دعابة	3.32
دعاة	4.09
دعار	0.00
دعارة	3.65
دعاع	0.00
دعام	0.00
دعامة	3.30
دعاو	1.20
دعاوى	3.57
دعاية	3.89
دعب	0.00
دعبة	0.00
دعبل	2.29
دعة	2.35
دعت	4.29
دعث	0.00
دعج	1.63
دعدع	0.00
دعر	1.19
دعرة	0.00
دعز	0.00
دعس	2.50
دعسوقة	1.62
دعش	1.25
دعص	0.00
دعصة	0.00
دعظ	0.00
دعق	0.00
دعك	3.31
دعل	0.00
دعم	5.20
دعموص	0.00
دعن	1.48
دعوات	4.20
دعوة	4.89
دعوتم	2.04
دعوتن	0.00
دعون	1.23
دعونا	4.50
دعوى	4.32
دعي	3.79
دعيتم	1.73
دعيتن	0.00
دعين	1.42
دعينا	2.84
دغار	1.32
دغال	0.00
دغبوس	0.00
دغت	0.00
دغدغ	1.80
دغدغة	2.56
دغر	2.84
دغرة	0.00
دغش	1.86
دغص	0.00
دغف	0.00
دغفل	1.67
دغل	1.86
دغم	0.00
دغموس	0.00
دغن	0.00
دفء	3.41
دفؤ	0.00
دفؤوا	0.00
دفئ	2.80
دفئتم	0.00
دفئتن	0.00
دفئنا	0.00
دفئي	1.26
دفا	2.13
دفاء	0.00
دفائن	1.36
دفاتر	3.40
دفاتم	0.00
دفاتن	0.00
دفاع	4.48
دفان	2.30
دفانا	0.00
دفاى	0.00
دفة	3.28
دفت	1.75
دفتر	3.93
دفتري	2.63
دفتريا	0.00
دفدف	0.00
دفر	1.89
دفران	0.00
دفع	5.05
دفعة	4.17
دفف	0.00
دففتم	0.00
دففتن	0.00
دففن	0.00
دففنا	0.00
دففي	0.00
دفق	3.01
دفقة	2.34
دفقي	0.00
دفل	1.32
دفلى	1.27
دفن	4.20
دفناء	0.00
دفوع	1.56
دفوف	1.67
دفي	2.24
دفيء	1.77
دفيئة	2.17
دفين	3.09
دفينة	2.58
دقائق	4.92
دقاق	2.48
دقاقة	1.59
دقة	4.24
دقدق	1.53
دقر	1.20
دقس	0.00
دقع	1.25
دقق	2.82
دقل	1.21
دقم	1.47
دقن	2.27
دقنيش	1.60
دقوس	1.08
دقوق	0.00
دقوقة	0.00
دقي	2.33
دقيق	4.33
دقيقة	5.09
دكا	3.62
دكاترة	2.85
دكاك	1.78
دكاكين	2.83
دكان	3.35
دكاني	1.80
دكة	3.22
دكتاتور	2.88
دكتوتة	0.00
دكتور	4.65
دكتوراه	3.75
دكدك	0.00
دكس	2.48
دكع	0.00
دكك	0.00
دككة	0.00
دكل	1.12
دكم	1.01
دكن	1.47
دكناء	0.00
دكناوات	0.00
دكنة	1.40
دكوك	1.11
دلا	2.10
دلاء	2.29
دلائل	3.88
دلاة	0.00
دلاع	1.06
دلاعة	1.04
دلاف	0.00
دلافين	2.51
دلاك	1.25
دلال	3.53
دلالة	4.03
دلب	1.64
دلبوث	0.00
دلث	0.00
دلج	0.00
دلح	0.00
دلخ	1.60
دلدل	1.76
دلدول	1.93
دلس	2.37
دلص	0.00
دلظ	0.00
دلع	3.27
دلغ	0.00
دلف	2.53
دلفة	0.00
دلفين	3.16
دلق	1.89
دلك	3.29
دلكة	1.80
دلل	2.59
دلم	1.37
دله	2.62
دلهي	3.82
دلو	3.27
دلوات	0.00
دلوع	1.89
دلوك	2.15
دلى	1.74
دلي	2.59
دليب	1.26
دليك	1.61
دليل	5.05
دليلة	2.84
دماء	4.33
دمائع	0.00
دمائم	1.13
دماثة	1.98
دماج	2.96
دمار	3.90
دماع	0.00
دماغ	3.91
دماغي	3.79
دمال	0.00
دمالج	0.00
دمام	2.01
دمامل	1.94
دماميس	0.00
دماميل	0.00
دمان	1.88
دمتم	3.03
دمتن	0.00
دمث	2.30
دمج	4.21
دمجانة	0.00
دمجة	1.28
دمخ	1.39
دمدم	2.10
دمدمة	1.40
دمر	4.17
دمري	1.41
دمس	1.69
دمش	1.05
دمشق	5.07
دمشقي	2.70
دمص	0.00
دمع	2.75
دمعاء	0.00
دمعة	3.55
دمغ	2.10
دمغة	2.19
دمق	1.40
دمقرطة	2.03
دمقس	0.00
دمك	3.79
دمل	2.17
دملة	1.11
دملج	1.16
دملوج	0.00
دمم	1.29
دممي	0.00
دمن	1.96
دمنا	3.33
دمنة	2.09
دمه	3.92
دموثة	0.00
دموع	4.07
دموي	3.68
دمى	3.65
دمي	3.75
دمياط	3.73
دمية	3.97
دميث	0.00
دميع	0.00
دميم	2.29
دنؤ	0.00
دنئ	1.85
دنا	3.41
دناة	0.00
دنان	1.55
دنانير	3.05
دنايا	0.00
دنب	1.74
دنت	3.01
دنح	0.00
دنخ	0.00
دند	1.28
دندرمة	0.00
دندروب	0.00
دندن	3.04
دندنة	2.31
دندني	1.40
دنر	0.00
دنس	3.17
دنع	0.00
دنف	1.47
دنق	1.68
دنن	0.00
دنو	2.42
دنوتم	0.00
دنوتن	0.00
دنون	1.95
دنونا	1.36
دنى	2.25
دني	2.39
دنيء	2.65
دنيئة	2.97
دنيا	4.15
دنياوي	0.00
دنيوي	2.81
دها	1.62
دهاء	2.94
دهاة	2.16
دهاشى	0.00
دهاق	1.24
دهاقنة	1.32
دهاقين	1.20
دهاليز	2.73
دهان	3.32
دهث	0.00
دهر	3.11
دهري	2.11
دهرية	1.34
دهس	3.40
دهسة	0.00
دهش	2.36
دهشان	2.24
دهشة	3.42
دهشى	0.00
دهف	0.00
دهق	0.00
دهقان	2.41
دهقن	0.00
دهقنة	0.00
دهك	1.04
دهلي	1.87
دهليز	2.46
دهم	2.53
دهماء	1.81
دهماوات	0.00
دهمة	0.00
دهمست	0.00
دهن	3.53
دهناء	0.00
دهنة	1.38
دهنج	0.00
دهني	3.02
دهو	1.29
دهواء	0.00
دهور	2.49
دهوك	3.11
دهوم	0.00
دهون	3.53
دهى	1.78
دهي	1.32
دهيا	1.35
دهياء	0.00
دهين	1.14
دوئ	0.00
دواء	4.39
دوائب	0.00
دوائر	4.14
دوائم	0.00
دوائن	0.00
دواب	2.34
دوابر	0.00
دواة	1.66
دواثر	0.00
دواج	0.00
دواجن	2.86
دواجي	0.00
دواحس	0.00
دواخل	2.19
دواخن	0.00
دوار	4.13
دوارة	3.16
دوارج	0.00
دوارس	0.00
دوارع	0.00
دوارق	1.16
دواسة	2.92
دواع	2.21
دواعب	0.00
دواعر	0.00
دواعي	3.69
دواغر	0.00
دواغص	0.00
دوافع	3.83
دوافق	0.00
دواكن	0.00
دوال	2.51
دوالف	0.00
دوالي	2.82
دواليب	2.76
دوام	3.85
دوامة	3.62
دوامج	0.00
دوامس	0.00
دوامغ	0.00
دوامي	2.54
دواني	2.03
دواه	1.65
دواهي	1.72
دواوير	2.38
دواوين	3.19
دواية	0.00
دوبلاج	1.75
دوبنيوم	0.00
دوبيت	1.15
دوت	3.94
دوح	1.84
دوحة	2.81
دوخ	2.09
دوخة	2.78
دوخل	0.00
دوخلتم	0.00
دوخلتن	0.00
دوخلن	0.00
دوخلنا	0.00
دوخلوا	0.00
دود	3.31
دودة	3.67
دودي	3.03
دور	5.34
دوران	3.87
دورة	4.88
دورق	2.26
دوري	5.03
دورية	4.25
دوزان	1.73
دوزن	1.77
دوس	3.71
دوسر	1.78
دوش	2.61
دوغ	3.60
دوفع	0.00
دوفعتم	0.00
دوفعتن	0.00
دوفعن	0.00
دوفعنا	0.00
دوفعوا	0.00
دوفين	2.22
دوفينة	0.00
دوق	3.58
دوقة	3.06
دوقي	1.57
دوقية	2.59
دوكمة	0.00
دول	5.32
دولاب	3.36
دولار	5.57
دولة	5.41
دولج	0.00
دولي	4.46
دوليا	4.25
دوم	4.04
دوما	4.80
دومان	2.31
دومة	3.11
دوموا	0.00
دومي	2.17
دومينيك	3.77
دون	5.79
دونات	2.75
دونك	3.71
دونم	3.18
دونما	3.77
دونمة	0.00
دوني	3.71
دووا	1.24
دوور	1.93
دوورتم	0.00
دوورتن	0.00
دوورن	0.00
دوورنا	0.00
دووروا	0.00
دوى	3.03
دوي	3.60
دويبة	1.66
دويتم	0.00
دويتن	0.00
دويدة	1.16
دويرة	1.62
دويلة	3.18
دوين	2.99
دوينا	1.07
دياب	3.86
ديابيج	0.00
دياثة	1.74
دياجي	1.41
دياجير	1.47
ديار	3.81
ديارة	1.24
دياقود	0.00
ديالى	3.54
دياميس	0.00
ديان	3.68
ديانة	3.61
ديباج	2.23
ديباجة	2.85
ديبوذ	0.00
دية	3.17
ديث	2.82
ديجور	1.48
ديخ	0.00
ديدان	3.19
ديدبان	0.00
ديدحان	0.00
ديدن	2.94
دير	4.52
ديراني	1.70
ديرة	3.08
ديزة	0.00
ديزل	3.39
ديس	3.30
ديسق	0.00
ديسم	1.59
ديسمبر	5.15
ديفيد	4.81
ديك	4.11
ديكة	1.61
ديكور	3.71
ديلاوير	2.87
ديلم	1.51
ديم	3.24
ديماس	2.37
ديمة	2.93
ديمومة	2.72
دين	4.93
دينار	4.45
ديناصور	3.26
دينامي	1.90
ديناميت	2.72
ديناميك	2.20
دينة	2.53
دينت	2.63
دينوا	1.25
دينونة	1.64
ديني	4.44
ديو	3.37
ديوان	4.44
ديوث	2.62
ديوك	3.37
ديوم	1.81
ديون	4.00
ذؤابة	1.93
ذؤاف	0.00
ذؤب	0.00
ذؤبان	0.00
ذئاب	3.29
ذئب	3.55
ذئبة	2.44
ذئج	0.00
ذئر	0.00
ذائب	2.36
ذائد	0.00
ذائع	2.76
ذائقة	2.80
ذائل	0.00
ذاب	3.09
ذابح	2.46
ذابر	0.00
ذابل	2.23
ذات	5.56
ذاتي	4.07
ذاتيا	3.69
ذاج	0.00
ذاح	0.00
ذاخر	1.97
ذاد	2.09
ذار	1.66
ذارب	0.00
ذارح	0.00
ذارع	1.21
ذارف	0.00
ذارية	0.00
ذاط	0.00
ذاع	3.33
ذاعر	0.00
ذاعف	0.00
ذاف	0.00
ذاق	3.32
ذاقت	2.64
ذاقن	0.00
ذاقنة	0.00
ذاقوا	2.56
ذاك	4.83
ذاكر	3.04
ذاكرة	4.44
ذاكرتم	0.00
ذاكرتن	0.00
ذاكرنا	1.23
ذاكري	2.03
ذال	2.23
ذالق	0.00
ذام	1.52
ذامر	0.00
ذان	2.19
ذانب	0.00
ذاهب	3.65
ذاهل	1.55
ذاهن	0.00
ذاوي	0.00
ذاى	0.00
ذبائح	2.50
ذباب	3.38
ذبابة	3.48
ذباح	2.34
ذبار	0.00
ذبال	0.00
ذبالة	1.04
ذبان	0.00
ذبب	0.00
ذبح	3.96
ذبحة	2.72
ذبحى	0.00
ذبحي	1.84
ذبذب	0.00
ذبذبة	2.49
ذبر	0.00
ذبل	2.33
ذبول	2.41
ذبيح	2.23
ذبيحة	2.79
ذجل	0.00
ذحا	0.00
ذحج	0.00
ذحق	0.00
ذحى	0.00
ذخائر	3.10
ذخار	0.00
ذخر	2.42
ذخرة	0.00
ذخيرة	3.50
ذرئ	0.00
ذرا	2.39
ذرائع	2.31
ذراجيات	0.00
ذراح	0.00
ذرارة	0.00
ذراري	1.96
ذراريح	0.00
ذراع	3.98
ذراني	0.00
ذراوة	0.00
ذرب	2.45
ذرة	4.22
ذرت	1.56
ذرح	1.12
ذرذر	0.00
ذرز	0.00
ذرع	1.91
ذرعان	1.07
ذرف	2.51
ذرق	2.10
ذرم	0.00
ذروة	3.92
ذروتم	0.00
ذروتن	0.00
ذرور	1.26
ذرون	0.00
ذرونا	0.00
ذرى	2.55
ذري	2.59
ذرية	3.93
ذريرة	0.00
ذريع	2.82
ذريعة	3.72
ذريف	0.00
ذريفة	0.00
ذعار	2.13
ذعاف	0.00
ذعت	0.00
ذعج	0.00
ذعذع	0.00
ذعر	3.45
ذعرة	1.16
ذعط	0.00
ذعف	0.00
ذعق	0.00
ذعن	0.00
ذعور	0.00
ذفارى	0.00
ذفاف	0.00
ذفر	0.00
ذفرى	0.00
ذفريات	0.00
ذفط	0.00
ذفف	0.00
ذفيف	0.00
ذفيفة	0.00
ذقط	0.00
ذقن	2.63
ذقناء	0.00
ذقناوات	0.00
ذكا	1.44
ذكاء	4.12
ذكاة	1.38
ذكار	1.16
ذكاوة	0.00
ذكر	5.40
ذكران	2.27
ذكرة	2.63
ذكرى	4.71
ذكري	3.63
ذكريات	4.36
ذكو	0.00
ذكوة	0.00
ذكور	3.74
ذكورة	2.20
ذكى	2.92
ذكي	4.09
ذكيا	3.38
ذكير	1.57
ذلاذل	0.00
ذلالة	0.00
ذلة	2.70
ذلج	0.00
ذلذل	0.00
ذلغ	0.00
ذلف	1.45
ذلفاء	0.00
ذلفاوات	0.00
ذلق	1.43
ذلقي	0.00
ذلل	2.09
ذلول	2.04
ذلى	0.00
ذليق	0.00
ذليل	2.84
ذما	0.00
ذماء	0.00
ذمار	3.53
ذمام	1.48
ذمامة	0.00
ذمة	4.16
ذمت	1.48
ذمر	1.35
ذمط	0.00
ذمل	0.00
ذمم	2.56
ذمه	2.63
ذموم	0.00
ذمى	0.00
ذمي	1.88
ذميم	2.12
ذنائب	1.01
ذنابة	1.35
ذنابى	0.00
ذنابيات	0.00
ذنب	4.15
ذنبة	1.64
ذنوب	3.27
ذها	1.61
ذهاب	4.03
ذهان	2.10
ذهب	4.89
ذهبة	1.78
ذهبتم	2.33
ذهبتن	0.00
ذهبن	2.19
ذهبنا	3.94
ذهبوا	4.03
ذهبي	3.85
ذهر	0.00
ذهل	3.04
ذهن	3.44
ذهني	3.88
ذهنية	3.33
ذهوب	0.00
ذهول	3.32
ذهيب	1.09
ذوائب	1.31
ذوائد	0.00
ذوائع	0.00
ذوائل	0.00
ذوابل	0.00
ذواة	0.00
ذواخر	0.00
ذواد	0.00
ذواعر	0.00
ذواق	2.34
ذواكر	2.18
ذوب	2.82
ذوبان	3.26
ذود	1.95
ذوط	0.00
ذوق	3.89
ذوقوا	2.18
ذوقي	2.91
ذوكر	0.00
ذوكرتم	0.00
ذوكرتن	0.00
ذوكرن	0.00
ذوكرنا	0.00
ذوكروا	0.00
ذولق	0.00
ذوى	3.46
ذوي	4.73
ذيق	0.00
ذيقت	0.00
ذيقوا	0.00
ذيل	3.87
ذيول	3.05
رؤال	0.00
رؤام	0.00
رؤد	0.00
رؤس	2.68
رؤساء	4.40
رؤف	1.61
رؤفاء	0.00
رؤوا	2.21
رؤوس	4.23
رؤوف	3.72
رؤى	3.75
رؤيا	3.64
رؤية	5.11
رئاسة	4.65
رئاسي	3.60
رئة	3.17
رئس	2.43
رئستم	0.00
رئستن	0.00
رئسن	0.00
رئسنا	0.00
رئسوا	0.00
رئف	0.00
رئم	1.04
رئوي	3.36
رئي	2.45
رئيتم	0.00
رئيتن	0.00
رئيس	5.69
رئيسي	4.56
رئين	0.00
رئينا	1.65
راء	2.87
راءى	0.00
راؤول	3.63
رائب	1.93
رائج	2.45
رائح	2.06
رائحة	4.48
رائد	4.38
رائز	0.00
رائس	1.64
رائع	4.97
رائعة	4.95
رائق	2.73
راب	3.75
رابث	0.00
رابح	3.64
رابد	2.07
رابص	0.00
رابض	2.03
رابط	4.57
رابطة	4.40
رابع	4.06
رابق	0.00
رابلة	0.00
رابى	0.00
رابية	2.41
رات	4.24
راتب	4.10
راتع	0.00
راتينج	1.80
راث	2.57
راثم	0.00
راج	3.78
راجب	1.41
راجبة	0.00
راجح	3.30
راجز	1.49
راجشاهي	0.00
راجع	4.20
راجعتم	1.38
راجعتن	0.00
راجعنا	2.56
راجعي	2.64
راجف	1.37
راجل	3.59
راجم	1.41
راجمة	2.39
راجن	0.00
راجي	2.93
راح	4.57
راحة	4.42
راحت	3.86
راحل	3.82
راحلة	3.08
راحم	2.14
راحوا	3.04
راحيل	3.14
راخ	1.36
راخف	0.00
راخم	0.00
راخى	0.00
راخي	1.97
راد	3.27
رادار	3.57
رادت	1.85
رادح	0.00
راددتم	0.00
راددتن	0.00
راددنا	0.00
راددي	0.00
رادع	3.33
رادف	0.00
رادفة	0.00
رادم	1.13
رادوا	1.21
رادود	1.65
رادون	1.41
رادي	2.19
راديو	4.39
راديوم	1.41
راذل	0.00
راز	2.52
رازة	0.00
رازح	2.48
رازق	2.33
رازم	1.29
رازن	1.53
رازيانج	0.00
راس	5.08
راسب	2.96
راستم	0.00
راستن	0.00
راسخ	3.29
راسخت	0.00
راسف	0.00
راسل	3.94
راسم	2.79
راسمالي	2.72
راسن	1.81
راسنا	2.60
راسوا	0.00
راسي	4.26
راسيات	1.75
راش	3.20
راشح	1.42
راشد	4.43
راشف	0.00
راشق	1.43
راشم	0.00
راشى	0.00
راشي	2.02
راص	1.20
راصد	2.67
راصع	1.23
راصف	0.00
راصن	0.00
راض	3.87
راضخ	1.04
راضع	1.26
راضعة	0.00
راضف	0.00
راضى	2.88
راضي	3.75
راط	1.24
راطب	0.00
راطل	0.00
راطم	0.00
راطن	0.00
راع	3.47
راعب	0.00
راعدة	0.00
راعش	0.00
راعف	0.00
راعى	3.03
راعي	4.05
راغ	1.95
راغب	3.64
راغد	1.59
راغف	0.00
راغم	1.52
راغن	0.00
راف	3.33
رافة	2.81
رافت	2.46
رافد	2.99
رافس	0.00
رافض	2.99
رافضة	3.06
رافضي	2.76
رافع	3.69
رافعة	3.66
رافعتم	0.00
رافعتن	0.00
رافعنا	0.00
رافعي	2.25
رافق	3.62
رافقتم	0.00
رافقتن	0.00
رافقنا	2.09
رافقي	0.00
رافه	0.00
رافية	0.00
راق	3.42
راقب	3.80
راقبتم	0.00
راقبتن	0.00
راقبنا	1.74
راقبي	2.13
راقد	2.78
راقص	3.29
راقط	0.00
راقع	1.08
راقن	0.00
راقنة	0.00
راقود	1.14
راقول	0.00
راقي	3.69
راكب	3.88
راكد	2.39
راكز	1.65
راكض	1.97
راكع	2.57
راكل	1.17
راكم	2.43
راكن	1.93
راكون	2.54
رال	2.18
رالف	3.93
رام	4.43
رامح	1.42
رامد	0.00
رامز	3.78
رامس	1.83
رامسات	0.00
رامش	1.29
رامق	0.00
رامك	0.00
رامل	1.64
رامى	3.05
رامي	4.11
ران	3.39
رانت	1.75
رانوا	0.00
رانيا	3.82
راه	3.23
راهب	3.50
راهبة	3.45
راهص	0.00
راهف	0.00
راهق	0.00
راهن	3.16
راو	3.16
راوا	3.98
راوح	2.04
راود	2.28
راوغ	2.48
راوند	2.51
راووق	0.00
راوي	3.04
راوية	2.94
راى	4.68
راي	4.66
راية	4.05
رايتم	3.87
رايتن	1.45
رايخ	2.30
راين	2.13
راينا	4.29
ربا	3.78
رباء	0.00
ربائب	1.22
ربائد	0.00
ربائك	0.00
رباب	2.95
ربابة	1.99
ربابنة	1.98
ربابين	0.00
رباح	3.44
ربارب	0.00
رباض	0.00
رباط	3.77
رباطات	2.01
رباطة	2.55
رباع	2.46
رباعي	3.77
رباعيات	2.58
رباق	0.00
ربان	3.15
رباني	3.46
ربايا	0.00
ربب	1.69
رببي	0.00
ربة	3.83
ربت	2.91
ربث	0.00
ربج	1.46
ربح	4.11
ربحة	1.11
ربحلة	0.00
ربخ	0.00
ربد	1.38
ربدة	1.13
ربذ	0.00
ربذة	0.00
ربرب	0.00
ربز	0.00
ربس	1.05
ربش	0.00
ربص	0.00
ربض	2.46
ربضة	0.00
ربط	4.54
ربطة	3.46
ربع	4.56
ربعة	2.29
ربغ	0.00
ربق	1.40
ربك	4.15
ربل	1.78
ربلة	2.25
ربما	5.40
ربو	3.07
ربوب	0.00
ربوبي	1.43
ربوبية	2.12
ربوة	2.98
ربوتم	0.00
ربوتن	0.00
ربوض	0.00
ربوع	3.58
ربول	0.00
ربون	1.04
ربونا	1.73
ربى	3.85
ربي	4.38
ربيئة	0.00
ربيب	2.46
ربيبة	2.02
ربيثاء	0.00
ربيد	1.63
ربيدة	0.00
ربيز	1.34
ربيض	0.00
ربيط	0.00
ربيع	4.63
ربيعة	3.80
ربيعي	2.93
ربيق	1.01
ربيك	0.00
ربيكة	0.00
ربيلة	0.00
رتا	0.00
رتائج	0.00
رتاج	2.17
رتاجة	0.00
رتب	3.79
رتبة	3.94
رتبي	2.44
رتة	1.09
رتتة	0.00
رتج	1.64
رتخ	0.00
رتع	1.09
رتق	2.46
رتك	1.09
رتل	2.95
رتم	2.23
رتن	1.24
رتوت	0.00
رتيب	2.34
رتيل	1.60
رتيلاء	1.50
رتيلات	0.00
رثا	2.36
رثاء	3.37
رثاث	0.00
رثاثة	0.00
رثة	2.87
رثد	0.00
رثط	0.00
رثع	0.00
رثم	1.36
رثمة	0.00
رثن	0.00
رثوا	1.34
رثى	2.46
رثي	1.48
رثية	0.00
رثيم	0.00
رجا	3.33
رجاء	4.48
رجائع	0.00
رجائي	3.17
رجاة	0.00
رجاح	1.21
رجاحة	2.59
رجاز	0.00
رجاسة	0.00
رجاع	1.42
رجاف	1.29
رجال	5.34
رجالات	3.48
رجالة	3.22
رجام	0.00
رجب	4.55
رجة	1.94
رجت	2.38
رجح	2.84
رجحان	2.17
رجحة	0.00
رجحى	0.00
رجد	0.00
رجراج	0.00
رجرج	1.03
رجز	2.33
رجزة	0.00
رجس	2.89
رجع	4.20
رجعة	3.70
رجعى	1.95
رجعي	3.48
رجعية	2.92
رجف	2.57
رجفة	2.58
رجل	5.46
رجلة	2.27
رجلتم	0.00
رجلتن	0.00
رجلن	1.35
رجلنا	1.96
رجلوا	0.00
رجلي	3.81
رجليات	0.00
رجم	3.24
رجمة	1.63
رجن	0.00
رجوان	1.41
رجوب	1.38
رجوتم	0.00
رجوتن	0.00
رجوع	3.77
رجولة	2.98
رجولي	2.89
رجوم	1.86
رجون	0.00
رجونا	1.69
رجى	1.64
رجي	2.32
رجيتم	0.00
رجيتن	0.00
رجيع	2.02
رجيعة	0.00
رجيل	1.27
رجيم	3.67
رجين	0.00
رجينا	2.05
رحا	1.87
رحاب	3.65
رحابة	2.82
رحاق	0.00
رحال	3.36
رحالة	3.02
رحام	0.00
رحاية	0.00
رحب	4.01
رحبة	2.93
رحبتم	1.01
رحبتن	0.00
رحبنا	2.05
رحبي	1.61
رحتم	0.00
رحتن	0.00
رحض	0.00
رحل	4.49
رحلات	4.33
رحلة	5.00
رحم	4.14
رحماء	2.71
رحمان	3.07
رحمة	4.70
رحمن	3.75
رحموت	0.00
رحمى	1.93
رحمي	2.93
رحن	0.00
رحنا	2.65
رحوان	0.00
رحوم	2.12
رحى	2.85
رحيب	1.97
رحيق	3.22
رحيل	4.28
رحيم	4.06
رخا	2.72
رخاء	2.97
رخائص	0.00
رخاخ	1.22
رخاف	0.00
رخافة	0.00
رخام	3.07
رخامى	1.26
رخاوة	1.92
رخت	1.23
رخص	3.65
رخصة	4.38
رخف	0.00
رخفة	0.00
رخم	2.18
رخمة	2.18
رخو	2.72
رخويات	2.07
رخى	1.32
رخي	2.01
رخيص	3.85
رخيم	2.29
ردؤ	0.00
ردا	1.17
رداء	3.74
رداءة	2.73
رداع	2.59
رداف	0.00
رداه	1.50
رداى	0.00
ردب	0.00
ردة	4.44
ردج	1.79
ردح	2.50
ردخ	0.00
ردد	3.23
رددي	2.26
ردس	0.00
ردع	3.42
ردعة	0.00
ردغ	0.00
ردف	2.46
ردفاء	0.00
ردفان	2.52
ردم	2.76
ردن	1.92
رده	3.91
ردهة	3.06
ردود	4.41
ردى	2.59
ردي	3.43
رديء	3.06
رديغة	0.00
رديف	2.81
رذائل	2.42
رذاذ	3.55
رذال	0.00
رذالة	0.00
رذل	1.40
رذلاء	0.00
رذلى	0.00
رذم	0.00
رذي	0.00
رذيل	1.57
رذيلة	2.71
رزء	1.51
رزئ	0.00
رزا	0.00
رزاز	2.05
رزاق	2.89
رزان	3.43
رزانة	2.24
رزايا	0.00
رزب	0.00
رزة	1.92
رزح	1.32
رزخ	0.00
رزز	0.00
رززي	0.00
رزغ	0.00
رزف	0.00
رزق	4.19
رزم	2.74
رزمة	3.21
رزن	1.72
رزى	0.00
رزي	1.63
رزيئة	0.00
رزية	2.14
رزين	3.11
رسا	2.56
رسائل	4.70
رساب	0.00
رساخ	0.00
رساطون	0.00
رساغ	0.00
رسالة	5.24
رسام	4.28
رسامة	3.31
رسب	2.68
رسبة	0.00
رستاق	1.59
رسح	0.00
رسخ	2.66
رسخة	0.00
رسع	0.00
رسغ	2.51
رسف	0.00
رسل	3.46
رسم	4.72
رسمة	3.42
رسمل	0.00
رسملة	2.18
رسمي	4.67
رسميات	2.28
رسن	2.40
رسو	2.69
رسوب	2.49
رسوبي	1.69
رسوبيات	1.48
رسول	5.31
رسولي	2.51
رسوم	4.65
رسومات	3.91
رسي	1.87
رشا	3.60
رشاء	1.21
رشاة	0.00
رشاد	3.77
رشاش	3.55
رشاق	0.00
رشاقة	3.11
رشح	3.77
رشد	3.61
رشدة	1.58
رشدي	3.87
رشف	2.24
رشفة	2.91
رشق	2.52
رشقة	1.79
رشم	1.74
رشن	0.00
رشوة	3.75
رشى	2.16
رشي	2.72
رشيح	0.00
رشيد	4.34
رشيش	0.00
رشيق	3.26
رصا	1.28
رصائف	0.00
رصاد	0.00
رصاص	3.91
رصاصة	4.05
رصاف	0.00
رصافة	1.37
رصانة	2.11
رصد	4.46
رصدة	1.26
رصص	0.00
رصع	1.89
رصف	2.87
رصفة	1.12
رصن	0.00
رصيد	3.95
رصيف	3.69
رصين	2.77
رضا	4.65
رضاء	3.06
رضائع	0.00
رضائي	2.86
رضاب	1.72
رضاة	1.01
رضاض	0.00
رضاع	1.90
رضاعة	2.91
رضب	0.00
رضة	2.17
رضح	1.88
رضخ	2.48
رضد	0.00
رضرض	0.00
رضع	2.93
رضعاء	0.00
رضعة	1.72
رضف	0.00
رضفة	1.77
رضم	0.00
رضن	0.00
رضوان	3.89
رضوخ	2.24
رضوفة	0.00
رضوي	2.34
رضى	4.01
رضي	4.76
رضيع	3.46
رضيف	0.00
رطئ	0.00
رطا	0.00
رطاب	0.00
رطام	0.00
رطانة	2.04
رطب	3.64
رطبة	3.58
رطريط	0.00
رطس	0.00
رطل	3.74
رطم	0.00
رطمة	0.00
رطن	1.62
رطوبة	3.34
رطي	0.00
رطيب	1.44
رعا	1.69
رعاب	0.00
رعابل	0.00
رعاة	3.86
رعاد	1.40
رعاديد	0.00
رعاش	1.89
رعاع	2.60
رعاعة	0.00
رعاف	2.02
رعامة	0.00
رعايا	3.14
رعاية	4.62
رعب	4.11
رعبة	1.06
رعبل	0.00
رعت	2.69
رعتا	0.00
رعث	0.00
رعج	0.00
رعد	3.63
رعدة	1.40
رعدتم	0.00
رعدتن	0.00
رعدن	0.00
رعدنا	0.00
رعدوا	0.00
رعديد	1.70
رعراع	0.00
رعرع	0.00
رعز	0.00
رعس	0.00
رعش	1.70
رعشة	3.09
رعص	0.00
رعض	0.00
رعظ	0.00
رعف	1.25
رعفة	0.00
رعق	0.00
رعل	1.13
رعم	1.36
رعن	1.62
رعناء	1.97
رعناوات	0.00
رعوتم	0.00
رعوتما	0.00
رعوتن	0.00
رعود	1.94
رعون	0.00
رعونا	0.00
رعونة	2.29
رعى	3.01
رعي	2.95
رعية	3.18
رعيش	0.00
رعيل	1.71
رغا	0.00
رغاء	1.36
رغاءة	0.00
رغائب	1.38
رغائد	0.00
رغاب	1.18
رغاد	0.00
رغام	0.00
رغامة	0.00
رغامى	0.00
رغاوى	0.00
رغب	3.57
رغبة	4.56
رغث	0.00
رغد	3.26
رغدة	2.73
رغرغ	0.00
رغس	0.00
رغش	0.00
رغف	0.00
رغل	0.00
رغم	5.34
رغن	1.05
رغوة	3.22
رغى	1.20
رغيب	1.88
رغيبة	1.09
رغيد	2.34
رغيدة	2.19
رغيف	3.62
رفا	2.22
رفاء	1.67
رفائد	0.00
رفائس	0.00
رفائق	0.00
رفائيل	3.19
رفات	3.51
رفاجة	0.00
رفاد	1.04
رفادة	1.48
رفارف	1.53
رفاض	0.00
رفاع	1.88
رفاعة	3.22
رفاق	3.67
رفاه	2.57
رفاهة	1.68
رفاهية	3.57
رفت	2.17
رفث	2.25
رفد	2.61
رفدة	0.00
رفراف	1.58
رفرف	2.82
رفرفة	2.35
رفز	0.00
رفس	2.18
رفسة	1.96
رفش	1.56
رفض	4.94
رفضة	2.08
رفع	5.04
رفعة	3.43
رفعي	2.12
رفغ	0.00
رففتم	0.00
رففتن	0.00
رففن	0.00
رففنا	0.00
رفق	2.76
رفقاء	3.40
رفقة	4.10
رفل	1.27
رفه	2.16
رفهة	0.00
رفود	0.00
رفوش	0.00
رفوف	3.40
رفيدة	2.79
رفيس	1.07
رفيع	4.08
رفيف	2.60
رفيفة	0.00
رفيق	4.30
رفيه	0.00
رقا	1.91
رقاب	3.25
رقابة	3.94
رقاة	1.36
رقاد	2.53
رقاص	2.24
رقاع	1.68
رقاق	2.15
رقان	2.08
رقب	1.78
رقباء	2.50
رقباني	0.00
رقبة	3.74
رقة	3.40
رقح	0.00
رقد	2.76
رقدة	1.62
رقدتم	0.00
رقدتن	0.00
رقدن	0.00
رقدنا	1.26
رقدوا	2.06
رقدي	1.23
رقراق	2.39
رقرق	0.00
رقز	0.00
رقش	1.25
رقشاء	0.00
رقشاوات	0.00
رقشة	0.00
رقص	4.22
رقصة	4.06
رقصتم	1.24
رقصتن	0.00
رقصن	1.22
رقصنا	1.83
رقصوا	2.27
رقصي	2.06
رقط	1.17
رقطاء	1.66
رقطاوات	0.00
رقطة	0.00
رقع	2.70
رقعة	3.87
رقف	0.00
رقق	1.75
رقم	5.40
رقمنة	2.66
رقمي	4.11
رقن	1.32
رقنة	0.00
رقود	2.26
رقوش	1.56
رقوق	1.04
رقى	2.83
رقي	3.65
رقيب	3.87
رقية	3.60
رقيع	1.48
رقيق	3.83
رقيم	2.07
ركا	1.48
ركاء	1.80
ركائب	1.41
ركائز	3.43
ركاب	4.01
ركاز	2.08
ركاع	0.00
ركاكة	1.75
ركام	3.38
ركب	3.78
ركبة	3.08
ركح	1.49
ركد	1.96
ركز	4.23
ركزي	3.00
ركس	2.65
ركض	3.50
ركضتم	0.00
ركضتن	0.00
ركضن	0.00
ركضنا	2.74
ركضوا	2.48
ركع	2.94
ركعة	3.53
ركك	0.00
ركل	2.81
ركلة	3.98
ركم	1.52
ركمج	0.00
ركن	4.11
ركنية	2.79
ركوب	4.31
ركوة	2.23
ركود	3.31
ركوض	0.00
ركوع	2.48
ركون	2.10
ركيب	1.11
ركيزة	3.14
ركيك	2.34
ركين	2.14
رما	0.00
رماة	3.02
رماح	3.25
رماحة	1.19
رماد	3.61
رمادي	3.65
رماق	0.00
رمال	3.66
رمان	2.99
رمانة	2.87
رماني	2.73
رمانية	0.00
رمايا	0.00
رماية	3.18
رمة	2.09
رمت	3.25
رمث	1.65
رمج	1.09
رمح	3.40
رمحة	0.00
رمد	2.42
رمداء	0.00
رمداوات	0.00
رمدى	0.00
رمرام	1.04
رمرم	0.00
رمز	4.62
رمزي	4.03
رمزية	4.02
رمس	1.82
رمش	2.75
رمشة	2.57
رمص	0.00
رمض	2.00
رمضاء	1.71
رمضان	5.05
رمضاني	2.75
رمط	0.00
رمع	1.18
رمغ	0.00
رمق	2.85
رمقة	0.00
رمك	0.00
رمل	3.46
رملة	2.76
رملي	2.80
رملية	3.53
رمم	2.66
رمه	1.48
رموز	4.41
رموس	1.19
رموش	2.96
رمى	3.64
رمي	4.10
رمية	3.19
رميز	1.20
رميس	1.16
رميض	1.19
رميم	2.35
رنا	3.89
رنان	2.43
رنة	3.05
رنتم	0.00
رنتن	0.00
رنح	1.86
رنخ	0.00
رند	2.45
رنع	0.00
رنف	0.00
رنق	1.13
رنم	0.00
رنن	0.00
رننتيرة	0.00
رنى	0.00
رنيم	2.64
رنين	3.49
رها	2.27
رهائن	3.78
رهاب	3.66
رهابين	0.00
رهان	3.40
رهب	1.67
رهبان	3.08
رهباني	1.36
رهبانية	2.32
رهبة	3.19
رهبل	0.00
رهبنة	2.05
رهبوت	0.00
رهبي	0.00
رهج	1.67
رهد	0.00
رهز	0.00
رهس	0.00
رهش	0.00
رهص	0.00
رهصة	0.00
رهط	3.57
رهف	3.23
رهق	1.53
رهك	0.00
رهل	0.00
رهن	4.07
رهنة	0.00
رهو	1.58
رهون	1.75
رهيب	4.07
رهيف	2.20
رهين	2.98
رهينة	3.68
روا	3.13
رواء	2.34
روائب	0.00
روائج	0.00
روائح	3.25
روائد	0.00
روائز	0.00
روائس	0.00
روائع	3.72
روائق	0.00
روائي	3.67
رواب	1.73
روابح	1.44
روابض	0.00
روابط	4.66
روابع	0.00
روابل	0.00
روابي	2.62
رواة	3.17
رواتب	4.09
رواج	3.05
رواجب	0.00
رواجح	0.00
رواجز	0.00
رواجع	0.00
رواجف	0.00
رواجل	0.00
رواجي	0.00
رواح	1.73
رواحل	1.28
رواحم	0.00
رواخي	0.00
رواد	4.45
روادع	1.15
روادف	0.00
رواسب	3.24
رواسخ	0.00
رواسم	0.00
رواسي	2.62
رواشد	0.00
رواشم	0.00
رواشي	0.00
رواصد	0.00
رواضع	0.00
رواضي	0.00
رواع	0.00
رواعب	0.00
رواعد	0.00
رواعف	0.00
رواعي	0.00
رواغ	1.28
رواغد	0.00
روافد	3.13
روافض	2.08
روافع	2.28
روافق	0.00
روافه	0.00
رواق	3.30
رواقص	0.00
رواقن	0.00
رواقي	1.72
رواقية	0.00
رواقيد	0.00
رواقيل	0.00
رواكب	0.00
رواكد	1.52
رواكع	0.00
روامح	0.00
روامس	0.00
روامق	0.00
روامي	0.00
رواندا	3.51
رواهب	0.00
رواهن	0.00
رواويق	0.00
روايا	1.78
روايات	4.20
رواية	4.84
روب	3.81
روبة	1.54
روبوت	3.60
روبيان	2.53
روت	3.72
روث	3.93
روثة	1.46
روج	3.84
روجع	1.35
روجعتم	0.00
روجعتن	0.00
روجعن	0.00
روجعنا	0.00
روجعوا	0.00
روح	4.87
روحا	3.58
روحاني	4.13
روحانية	3.50
روحة	2.59
روحوا	2.43
روحي	4.24
روحية	3.74
رود	3.96
رودد	0.00
روددتم	0.00
روددتن	0.00
روددن	0.00
روددنا	0.00
روددوا	0.00
روديوم	1.28
رور	2.33
روزنامة	2.62
روس	4.42
روسختج	0.00
روسم	1.34
روسو	3.60
روسي	4.33
روسيا	5.25
روسية	4.32
روش	3.25
روشم	0.00
روض	3.12
روضة	4.19
روع	2.80
روعاء	0.00
روعة	4.09
روفع	0.00
روفعتم	0.00
روفعتن	0.00
روفعن	0.00
روفعنا	0.00
روفعوا	0.00
روفق	0.00
روفقتم	0.00
روفقتن	0.00
روفقن	0.00
روفقنا	0.00
روفقوا	0.00
روق	2.50
روقاء	0.00
روقاوات	0.00
روقب	1.29
روقبتم	0.00
روقبتن	0.00
روقبن	0.00
روقبنا	0.00
روقبوا	0.00
روقة	1.64
روك	4.16
رول	3.52
روم	3.62
روما	4.64
روماجي	0.00
رومان	3.93
رومانسي	3.95
روماني	3.51
رومانيا	3.83
رومولوس	1.97
رومي	3.32
رومية	3.00
روند	2.05
رونق	3.28
روى	4.14
روي	4.34
روية	2.74
رويدا	3.52
رياح	4.03
رياحين	2.12
رياش	1.83
رياض	4.42
رياضة	4.47
رياضي	4.21
رياضيات	3.89
رياع	0.00
رياق	2.41
ريال	5.11
ريان	4.13
ريب	4.02
ريباس	1.60
ريبة	2.87
ريتشارد	4.62
ريث	2.68
ريثما	3.50
ريح	3.79
ريحان	3.37
ريحانة	2.96
رير	1.88
ريش	3.54
ريشة	3.48
ريصال	0.00
ريع	2.84
ريعان	3.12
ريف	4.24
ريفي	3.54
ريق	2.71
ريم	4.14
ريمة	2.70
رين	3.70
رينة	0.00
رينت	1.64
رينغيت	1.97
رينوا	0.00
ريني	3.15
رينيوم	0.00
ريوع	0.00
زؤام	0.00
زؤان	0.00
زئبق	2.84
زئر	1.41
زئم	0.00
زئير	2.97
زاء	1.35
زاؤوق	0.00
زائد	3.90
زائدة	3.94
زائدي	1.87
زائر	4.14
زائغ	1.80
زائف	3.51
زائل	2.81
زاب	2.61
زابد	0.00
زابر	0.00
زابق	0.00
زابل	2.04
زابوق	0.00
زات	2.40
زاج	1.99
زاجر	1.81
زاجرب	0.00
زاجل	2.55
زاح	1.53
زاحر	0.00
زاحف	3.03
زاحفة	2.84
زاحم	2.17
زاخ	1.46
زاخر	2.74
زاد	4.69
زادت	4.57
زادوا	2.92
زار	4.48
زارة	0.00
زارت	3.57
زارد	0.00
زارع	2.80
زارف	0.00
زاروا	3.33
زاط	0.00
زاع	1.46
زاعم	1.37
زاغ	2.55
زاغت	2.12
زاغرب	1.29
زاغوا	1.87
زاف	1.57
زافت	0.00
زافر	1.68
زافرة	0.00
زاك	3.51
زاكم	0.00
زاكي	2.53
زال	4.92
زالت	4.77
زالج	0.00
زالف	0.00
زالم	0.00
زالوا	4.07
زام	1.99
زامبيا	3.82
زامة	0.00
زامت	0.00
زامج	0.00
زامر	1.96
زامع	0.00
زامل	2.97
زامن	1.56
زان	3.22
زاني	2.35
زاهد	3.00
زاهر	3.30
زاهق	1.82
زاهي	3.05
زاوج	2.09
زاول	2.28
زاوية	4.48
زاى	0.00
زاي	2.84
زايد	4.48
زايل	2.00
زايلم	0.00
زباب	1.84
زباد	1.40
زبادي	3.11
زباديات	0.00
زبارج	0.00
زبال	2.17
زبالة	3.04
زبانى	0.00
زبانيات	0.00
زبانية	2.50
زبب	0.00
زبد	3.29
زبدة	3.73
زبدي	2.34
زبدية	2.30
زبر	2.80
زبرة	1.79
زبرج	0.00
زبرجة	0.00
زبرجد	1.94
زبط	1.63
زبق	0.00
زبل	2.03
زبن	2.35
زبور	1.61
زبون	3.67
زبى	1.86
زبيب	2.86
زبيبة	2.21
زبية	0.00
زبيل	1.34
زجا	0.00
زجاء	0.00
زجاج	3.98
زجاجة	3.97
زجاجي	3.40
زجار	0.00
زجال	0.00
زجج	0.00
زجر	2.11
زجرب	0.00
زجرة	1.59
زجل	2.32
زجلة	0.00
زجم	0.00
زجور	0.00
زجى	0.00
زحار	1.13
زحاف	1.80
زحافات	1.82
زحافة	1.93
زحاليق	2.44
زحام	3.53
زحب	0.00
زحر	1.77
زحزح	2.20
زحف	3.56
زحفة	0.00
زحك	0.00
زحل	3.46
زحلتم	0.00
زحلتن	0.00
زحلف	0.00
زحلفة	0.00
زحلق	1.59
زحلن	0.00
زحلنا	0.00
زحلوا	0.00
زحلوقة	0.00
زحلي	0.00
زحم	1.21
زحمة	3.59
زحن	0.00
زخار	0.00
زخارف	3.32
زخة	2.37
زخر	1.62
زخرة	0.00
زخرف	2.70
زخرفة	3.29
زخرفي	2.02
زخف	0.00
زخم	3.10
زدا	0.00
زدع	0.00
زرائب	1.66
زرائع	0.00
زرابي	1.74
زرادشت	2.58
زرادشتي	1.43
زرار	2.57
زرارة	2.71
زرازير	1.27
زراع	2.31
زراعة	4.45
زراعي	3.63
زرافة	2.77
زرافى	0.00
زرافين	0.00
زراوند	0.00
زرب	1.74
زربية	1.74
زرج	0.00
زرجون	0.00
زرح	0.00
زرد	2.19
زردخان	0.00
زردخانة	0.00
زردية	1.58
زرر	1.63
زرزر	1.28
زرزور	2.36
زرشك	0.00
زرط	0.00
زرع	4.26
زرعة	3.11
زرف	1.46
زرفن	0.00
زرفين	0.00
زرق	2.81
زرقاء	3.99
زرقاوات	0.00
زرقة	2.96
زرقطة	0.00
زرقون	1.86
زرك	1.55
زركش	0.00
زركشة	1.66
زركشي	0.00
زرم	0.00
زرنب	0.00
زرنباد	0.00
زرنوك	0.00
زرنيخ	2.18
زروب	0.00
زرود	1.53
زروع	1.65
زرى	0.00
زري	2.19
زرياب	2.46
زريبة	2.72
زرير	1.39
زريع	2.34
زريعة	1.78
زريق	3.20
زعا	0.00
زعارير	0.00
زعازع	1.04
زعافر	0.00
زعاق	1.42
زعامة	3.46
زعانف	2.71
زعب	2.23
زعتر	3.10
زعج	0.00
زعر	1.79
زعراء	0.00
زعران	1.92
زعراوات	0.00
زعرور	2.25
زعرى	0.00
زعزع	2.44
زعزعة	3.61
زعط	0.00
زعف	0.00
زعفر	0.00
زعفران	2.93
زعق	1.75
زعقة	0.00
زعل	3.13
زعلان	3.36
زعم	4.12
زعماء	4.20
زعنف	1.08
زعنفة	2.55
زعيق	2.00
زعيم	4.68
زغاريد	1.95
زغاليل	1.30
زغاية	0.00
زغب	2.74
زغبة	2.07
زغتم	0.00
زغتن	0.00
زغد	0.00
زغر	1.40
زغرب	2.84
زغرد	1.12
زغردة	1.30
زغزغ	0.00
زغف	0.00
زغل	1.62
زغلول	3.46
زغن	0.00
زغنا	0.00
زفاف	4.18
زفة	2.94
زفت	2.74
زفد	0.00
زفر	2.62
زفرة	2.45
زفزافة	0.00
زفزف	0.00
زفزفة	0.00
زفن	1.61
زفوف	0.00
زفى	0.00
زفير	2.97
زفيف	0.00
زقا	1.84
زقاق	3.31
زقب	0.00
زقة	2.08
زقح	0.00
زقزق	1.67
زقزقة	2.42
زقع	0.00
زقف	0.00
زقق	0.00
زقم	1.53
زقن	0.00
زقورة	1.88
زقوم	1.72
زقى	0.00
زكا	2.42
زكاة	3.46
زكام	2.47
زكب	0.00
زكت	1.87
زكر	1.75
زكرة	0.00
زكريا	4.24
زكم	1.39
زكن	1.28
زكوات	1.18
زكى	3.14
زكي	3.95
زلابية	2.30
زلاج	0.00
زلاجة	2.36
زلازل	2.92
زلاقة	1.77
زلال	2.62
زلالي	1.30
زلاليات	0.00
زلب	0.00
زلة	3.31
زلج	1.20
زلح	0.00
زلخ	0.00
زلز	0.00
زلزال	4.09
زلزل	2.57
زلزلة	2.76
زلزلي	1.87
زلط	2.41
زلع	0.00
زلعة	0.00
زلغ	0.00
زلغوطة	0.00
زلف	1.67
زلفة	2.74
زلفى	2.11
زلق	2.60
زلقة	2.30
زلل	2.17
زلم	2.12
زلمة	2.69
زله	1.90
زلوج	0.00
زليج	0.00
زليجة	0.00
زليخة	2.69
زليفة	0.00
زليل	1.79
زماجر	0.00
زمار	2.51
زمارة	2.01
زماع	0.00
زمال	1.68
زمالة	3.50
زمام	3.96
زمامج	0.00
زمامير	1.18
زمان	4.35
زمانئذ	0.00
زمانة	1.70
زمانذاك	0.00
زمت	1.51
زمج	0.00
زمجة	0.00
زمجر	1.74
زمجرة	2.03
زمخ	0.00
زمخر	1.09
زمخرة	0.00
زمر	2.61
زمرة	3.59
زمرد	2.59
زمردي	1.80
زمزريق	0.00
زمزم	3.49
زمزمة	1.42
زمع	1.49
زمعاء	0.00
زمعة	2.52
زمق	0.00
زمك	0.00
زمكان	1.76
زمل	2.02
زملاء	4.02
زملة	1.35
زمم	0.00
زمن	4.90
زمنئذ	0.00
زمنذاك	0.00
زمني	3.90
زمنية	4.17
زمه	0.00
زمهر	0.00
زمهرير	2.13
زمور	2.55
زموع	1.20
زمير	1.92
زميع	1.49
زميل	4.14
زمين	1.59
زنا	0.00
زناء	1.08
زناءة	0.00
زنابق	2.32
زنابير	1.69
زنابيل	0.00
زناة	1.95
زناد	2.77
زنادقة	2.30
زناديق	1.04
زنار	1.93
زنانير	0.00
زنب	1.58
زنبار	0.00
زنباع	1.85
زنبرك	2.31
زنبق	2.87
زنبقيات	0.00
زنبوج	0.00
زنبور	2.22
زنبوع	0.00
زنبيل	1.93
زنة	2.88
زنت	2.21
زنج	1.94
زنجار	0.00
زنجاري	0.00
زنجبار	3.15
زنجبيل	2.84
زنجفر	1.01
زنجي	2.99
زنح	0.00
زنخ	1.83
زند	2.36
زندقة	2.01
زندي	1.86
زنديق	2.62
زنر	0.00
زنزانة	3.76
زنف	0.00
زنفيلجة	0.00
زنق	1.49
زنك	2.53
زنكي	2.85
زنم	0.00
زنمة	1.09
زنوا	1.45
زنوبة	2.09
زنوج	3.22
زنى	3.06
زني	1.66
زنيتم	0.00
زنيتن	0.00
زنين	1.39
زنينا	0.00
زها	2.59
زهاء	3.36
زهاة	0.00
زهاد	1.95
زهادة	0.00
زهار	1.79
زهد	2.71
زهدة	0.00
زهر	3.52
زهراء	3.08
زهراوات	0.00
زهرة	4.39
زهرتم	0.00
زهرتن	0.00
زهرن	0.00
زهرنا	0.00
زهروا	0.00
زهرية	2.95
زهف	0.00
زهق	2.29
زهك	0.00
زهل	0.00
زهم	1.36
زهو	2.76
زهور	3.90
زهوق	0.00
زهى	1.58
زهيد	3.20
زوائد	2.94
زوائر	0.00
زوائغ	0.00
زوائف	0.00
زوائل	0.00
زوابع	2.04
زواج	4.69
زواجر	1.06
زواجل	0.00
زواحف	2.73
زواخر	0.00
زوار	4.04
زوارع	0.00
زوارق	3.12
زوافر	0.00
زواق	1.25
زواكي	0.00
زوال	3.89
زوامر	0.00
زوامل	1.61
زوان	2.21
زواني	1.96
زواهد	0.00
زواهر	0.00
زواهق	0.00
زواهي	0.00
زوايا	3.86
زوبعة	3.09
زوت	1.39
زوج	4.66
زوجان	3.45
زوجة	4.78
زوجي	4.44
زوحيفان	0.00
زود	3.67
زور	3.48
زورق	3.35
زوروا	3.20
زوري	2.61
زوفا	1.04
زوفرا	0.00
زوق	2.54
زوقال	0.00
زول	3.47
زولوا	0.00
زولي	2.61
زولية	1.04
زوم	2.90
زون	3.06
زوى	2.34
زوي	3.41
زويتم	0.00
زويتن	1.72
زوينا	0.00
زيا	3.52
زيات	1.77
زياد	4.24
زيادة	5.32
زيار	1.87
زيارة	4.97
زيت	4.52
زيتون	3.69
زيتونة	3.03
زيتوني	2.59
زيتي	2.82
زيج	2.51
زيجات	2.98
زيجة	2.37
زيد	4.48
زيدان	4.23
زيدت	2.22
زيدوا	2.21
زيدي	2.94
زير	3.23
زيرباج	0.00
زيرة	1.30
زيرت	0.00
زيروا	1.26
زيرون	1.34
زيز	2.04
زيزان	0.00
زيزفون	1.78
زيزيات	0.00
زيغ	2.72
زيغان	1.23
زيغوا	0.00
زيغي	1.97
زيف	3.64
زيق	1.46
زيل	2.59
زيم	2.29
زيمة	1.66
زين	4.66
زينات	2.60
زينب	4.29
زينة	4.15
زينون	3.17
زيني	3.01
زيوت	3.31
زيوغ	0.00
زيوف	1.14
سؤال	5.00
سؤتم	0.00
سؤتما	0.00
سؤتن	0.00
سؤدد	1.60
سؤر	1.21
سؤرة	0.00
سؤف	0.00
سؤن	0.00
سؤنا	0.00
سؤول	1.68
سؤوم	0.00
سئب	0.00
سئتم	0.00
سئتما	0.00
سئتن	0.00
سئد	0.00
سئر	0.00
سئس	0.00
سئف	0.00
سئل	4.12
سئلتم	1.31
سئلتن	0.00
سئلن	0.00
سئلنا	1.94
سئلوا	2.53
سئم	3.03
سئن	0.00
سئنا	0.00
ساء	3.43
ساءا	0.00
ساءت	3.58
ساءتا	0.00
ساءل	1.28
ساءلتم	0.00
ساءلتن	0.00
ساءلن	0.00
ساءلنا	0.00
ساءلوا	0.00
ساؤوا	0.00
سائب	2.42
سائبة	2.52
سائح	3.56
سائد	3.34
سائر	3.95
سائس	1.99
سائغ	1.94
سائق	4.47
سائل	4.05
سائلن	0.00
سائلوا	0.00
سائلي	2.08
سائمة	1.77
سائوا	0.00
ساب	3.52
سابت	1.78
سابح	2.12
سابحات	0.00
سابخ	0.00
سابر	2.54
سابع	3.48
سابغ	2.03
سابق	5.03
سابقا	5.07
سابقة	4.74
سابك	3.48
سابل	1.84
سابورة	0.00
سابياء	0.00
سابيائي	0.00
سات	1.20
ساتر	3.17
ساج	2.39
ساجد	3.39
ساجع	1.46
ساجل	1.29
ساجن	1.47
ساجور	1.72
ساجي	2.16
ساح	2.53
ساحب	2.63
ساحة	4.71
ساحت	1.78
ساحر	3.86
ساحرة	3.87
ساحق	3.12
ساحل	4.34
ساحلي	2.72
ساحوا	0.00
ساخ	1.74
ساخر	3.60
ساخط	2.50
ساخف	0.00
ساخن	4.30
ساد	3.78
سادات	2.99
سادة	3.71
سادج	1.14
سادر	1.48
سادس	3.57
سادل	1.93
سادن	1.99
سادوران	0.00
ساذج	3.16
سار	4.31
سارب	1.79
سارة	4.71
سارت	3.75
سارج	2.01
سارح	2.17
سارد	2.32
ساررتم	0.00
ساررتن	0.00
ساررنا	0.00
سارري	0.00
سارع	3.92
سارق	3.51
سارقة	2.49
سارقتم	0.00
سارقتن	0.00
سارقنا	0.00
سارقي	2.76
ساروا	2.97
سارى	2.86
ساري	3.82
سارية	3.69
ساس	3.09
ساساني	1.39
ساسة	3.16
ساسم	0.00
ساط	0.00
ساطح	0.00
ساطر	0.00
ساطع	3.34
ساطور	2.51
ساع	2.68
ساعاتي	2.74
ساعة	5.40
ساعتئذ	1.10
ساعتذاك	0.00
ساعد	4.43
ساعدتم	1.38
ساعدتن	0.00
ساعدنا	3.82
ساعدي	2.60
ساعر	2.10
ساعف	1.11
ساعفة	0.00
ساعل	0.00
ساعى	1.81
ساعي	3.31
ساغ	2.40
ساف	2.24
سافانا	3.47
سافح	0.00
سافر	4.23
سافرتم	1.85
سافرتن	0.00
سافرنا	2.78
سافري	2.12
سافط	0.00
سافك	1.85
سافل	2.91
سافن	1.10
سافه	1.09
ساق	3.94
ساقة	2.27
ساقت	2.63
ساقر	0.00
ساقط	3.14
ساقطة	3.11
ساقف	1.56
ساقوا	1.90
ساقور	0.00
ساقى	1.61
ساقي	3.34
ساقية	3.17
ساك	2.64
ساكب	2.08
ساكت	3.34
ساكر	1.99
ساكسفون	2.21
ساكع	0.00
ساكف	0.00
ساكن	3.83
ساكنتم	0.00
ساكنتن	0.00
ساكني	3.01
سال	4.33
سالب	3.57
سالت	3.50
سالتم	2.65
سالتن	0.00
سالخ	1.31
سالف	3.05
سالق	0.00
سالك	3.06
سالم	4.75
سالمتم	0.00
سالمتن	0.00
سالمنا	0.00
سالمي	1.97
سالن	1.19
سالنا	3.30
سالوا	3.19
سالوس	0.00
سالونيك	3.08
سام	4.35
سامة	0.00
سامح	3.99
سامد	0.00
سامر	3.69
سامرة	1.41
سامط	0.00
سامع	2.85
سامق	1.18
سامن	1.42
ساموا	2.95
سامور	1.52
سامى	3.05
سامي	4.51
سامية	3.91
سامير	2.00
سانح	0.00
ساند	3.54
ساندتم	0.00
ساندتن	0.00
ساندنا	2.02
ساندي	3.65
سانسوسي	0.00
سانغوية	0.00
سانية	2.14
ساه	2.44
ساهب	1.51
ساهر	3.66
ساهل	2.49
ساهم	4.59
ساهور	0.00
ساهى	0.00
ساهي	2.02
ساو	4.23
ساوت	2.20
ساود	0.00
ساور	2.53
ساوط	0.00
ساوف	0.00
ساوق	0.00
ساوم	2.04
ساونا	2.51
ساوى	2.59
ساوي	2.31
ساويتم	0.00
ساويتن	0.00
ساوينا	0.00
ساى	0.00
سايبورغ	2.64
ساير	3.03
سايف	1.82
سايل	2.35
سبئي	0.00
سبا	3.88
سبائر	0.00
سبائك	3.24
سباب	2.75
سبابة	2.17
سبات	3.39
سباجية	0.00
سباح	3.26
سباحة	3.98
سباخ	1.55
سبار	2.10
سبارة	1.01
سباسب	0.00
سباع	2.58
سباعي	2.35
سباق	4.59
سباك	3.16
سباكة	2.82
سبال	2.18
سبالة	1.01
سبانخ	2.64
سبايا	2.87
سبب	5.29
سببي	2.50
سببية	2.56
سبة	2.68
سبت	3.76
سبتئذ	0.00
سبتذاك	0.00
سبتمبر	5.26
سبج	1.44
سبح	3.12
سبحاء	0.00
سبحات	1.80
سبحان	4.14
سبحة	2.74
سبحتم	0.00
سبحتن	0.00
سبحل	0.00
سبحلة	0.00
سبحن	1.53
سبحنا	2.05
سبحوا	2.57
سبخ	1.28
سبخة	2.18
سبد	1.91
سبر	2.89
سبسب	1.55
سبستان	0.00
سبط	3.11
سبطانة	1.69
سبع	4.76
سبعة	4.87
سبعمائة	3.09
سبعون	3.49
سبغ	1.19
سبق	4.97
سبقة	1.72
سبقى	1.97
سبك	2.90
سبل	4.17
سبلاء	0.00
سبلة	1.95
سبها	2.98
سبوت	3.36
سبورة	2.53
سبوع	1.97
سبوعة	0.00
سبولة	0.00
سبى	2.00
سبي	2.95
سبيب	1.67
سبيداج	0.00
سبيدج	0.00
سبيكة	3.20
سبيل	5.37
ستائر	3.56
ستار	4.46
ستارة	3.15
ستارية	0.00
ستة	5.10
ستر	3.60
سترة	3.91
سترجة	0.00
ستل	2.05
ستمائة	3.17
سته	3.60
ستور	3.49
ستون	4.27
ستيفن	4.39
سجا	1.94
سجائر	3.78
سجاة	0.00
سجاد	3.55
سجادة	3.62
سجاع	0.00
سجاف	1.04
سجال	2.60
سجان	2.44
سجايا	2.39
سجح	0.00
سجد	3.26
سجدة	2.95
سجر	1.40
سجزينا	0.00
سجس	0.00
سجستان	2.12
سجع	2.48
سجعة	0.00
سجف	1.11
سجق	2.58
سجل	5.10
سجلي	3.09
سجم	1.29
سجن	4.71
سجناء	4.01
سجنجل	0.00
سجود	3.18
سجون	4.15
سجى	2.48
سجية	2.49
سجيل	2.78
سجيلة	0.00
سجين	4.06
سجينات	2.17
سحا	1.98
سحاء	1.04
سحائب	2.23
سحائق	0.00
سحاب	3.89
سحابة	3.89
سحار	2.49
سحارة	1.79
سحاف	0.00
سحاق	3.29
سحاقي	2.00
سحاقية	2.80
سحايا	2.01
سحب	4.67
سحت	2.30
سحتم	0.00
سحتن	0.00
سحج	1.49
سحر	4.40
سحرة	3.11
سحري	3.31
سحرية	3.69
سحط	0.00
سحف	0.00
سحق	3.75
سحقة	0.00
سحل	2.50
سحلب	2.05
سحلبيات	1.13
سحلية	3.12
سحم	2.21
سحمة	1.08
سحن	1.68
سحنا	1.10
سحناء	0.00
سحنة	2.11
سحور	2.38
سحوق	0.00
سحى	0.00
سحيف	0.00
سحيق	2.73
سخا	2.11
سخاء	2.95
سخاب	0.00
سخار	0.00
سخاط	0.00
سخافة	3.55
سخام	2.08
سخان	2.84
سخانة	1.98
سخاوة	0.00
سخايا	0.00
سخبر	0.00
سخد	0.00
سخر	3.98
سخرة	2.28
سخري	1.45
سخرية	3.78
سخط	3.55
سخطة	1.36
سخف	2.80
سخل	0.00
سخن	2.88
سخنة	2.15
سخو	0.00
سخونة	3.41
سخى	1.73
سخي	2.92
سخيف	4.00
سخين	1.35
سدا	3.31
سداة	1.36
سداد	3.95
سدادة	2.66
سدار	0.00
سداس	0.00
سداسي	2.85
سدانة	1.85
سدة	3.59
سدج	0.00
سدح	1.97
سدد	3.64
سدر	3.11
سدرة	2.88
سدس	2.67
سدع	0.00
سدف	0.00
سدك	0.00
سدل	1.57
سدم	1.44
سدن	1.74
سدنة	2.13
سدود	3.28
سدوس	2.19
سدول	1.24
سدى	3.55
سدي	2.99
سديد	2.90
سدير	3.27
سديس	1.38
سديل	1.25
سديم	2.92
سذاب	1.16
سذابيات	0.00
سذاج	0.00
سذاجة	3.04
سذج	2.44
سذجة	0.00
سرا	4.41
سراء	2.54
سرائر	2.26
سراب	3.47
سرابيل	1.64
سراة	2.85
سراج	3.66
سراجة	0.00
سراح	4.40
سرادق	2.42
سراديب	2.96
سرار	2.73
سرارة	0.00
سراط	1.64
سراع	1.73
سرافيم	0.00
سراق	2.51
سراويل	3.02
سراي	3.30
سرايا	3.72
سراييفو	3.56
سرب	3.66
سربال	1.94
سربام	0.00
سربة	1.84
سربل	1.81
سرة	2.84
سرتم	1.90
سرتن	0.00
سرج	2.97
سرجين	1.01
سرح	3.17
سرحان	3.45
سرحة	1.86
سرخس	2.19
سرد	3.98
سرداب	3.21
سردة	1.36
سردق	1.11
سردية	2.89
سردين	2.55
سرر	2.57
سررة	0.00
سرري	0.00
سرس	2.01
سرط	1.23
سرطان	4.43
سرطن	0.00
سرع	2.78
سرعان	4.40
سرعة	4.76
سرعتم	0.00
سرعتن	0.00
سرعن	0.00
سرعنا	0.00
سرعوا	1.18
سرعوب	0.00
سرعوف	1.52
سرعى	0.00
سرعي	0.00
سرغ	0.00
سرف	2.38
سرق	4.11
سرقة	4.55
سرقسطة	2.72
سرك	3.67
سركيس	2.91
سرم	0.00
سرمد	2.35
سرمدي	2.37
سرمق	0.00
سرمقيات	0.00
سرن	1.87
سرنا	3.30
سرنديب	1.83
سرو	2.31
سروات	1.49
سروال	3.37
سروب	0.00
سروة	1.50
سروج	2.37
سرور	3.99
سرول	0.00
سرى	3.56
سري	4.57
سريالي	2.17
سريان	3.57
سرياني	2.51
سريانية	2.59
سرية	4.63
سريح	2.07
سريدة	0.00
سرير	4.13
سريرة	2.52
سريش	0.00
سريع	4.72
سريل	1.68
سطا	2.51
سطات	3.02
سطاع	0.00
سطام	2.98
سطح	4.68
سطحي	3.49
سطر	3.74
سطع	2.91
سطعة	0.00
سطل	2.83
سطم	1.21
سطو	3.56
سطوة	3.40
سطوح	2.84
سطور	3.56
سطوع	3.07
سطول	1.57
سطيحة	0.00
سطيع	0.00
سعاة	2.18
سعاد	3.98
سعادة	4.58
سعار	2.22
سعال	3.02
سعاية	0.00
سعة	4.29
سعت	3.74
سعتر	0.00
سعد	4.89
سعداء	4.19
سعدان	3.16
سعدية	2.69
سعديك	1.11
سعر	4.64
سعرة	3.14
سعط	0.00
سعف	2.69
سعفة	2.39
سعل	1.99
سعلتم	0.00
سعلتن	0.00
سعلن	0.00
سعلنا	0.00
سعلوا	0.00
سعم	0.00
سعوا	3.25
سعود	4.89
سعودي	4.80
سعودية	4.54
سعوف	1.10
سعى	4.10
سعي	3.76
سعيتم	1.77
سعيتن	0.00
سعيد	5.26
سعيدات	1.98
سعير	2.34
سعين	1.79
سعينا	2.92
سغاب	0.00
سغب	0.00
سغبان	0.00
سغبى	0.00
سغر	0.00
سغل	1.44
سغم	0.00
سفا	1.87
سفائر	0.00
سفائف	0.00
سفائه	0.00
سفاح	3.42
سفاد	0.00
سفار	2.02
سفارة	4.32
سفاسف	2.10
سفافيد	0.00
سفافير	0.00
سفاك	1.92
سفال	1.74
سفالة	2.88
سفان	1.45
سفانة	2.17
سفاه	0.00
سفاهة	2.30
سفة	1.51
سفت	1.79
سفح	3.26
سفحة	0.00
سفد	0.00
سفر	4.68
سفراء	3.76
سفرة	3.22
سفرجل	1.75
سفرجلة	0.00
سفري	3.43
سفساف	0.00
سفسط	0.00
سفسطائي	1.44
سفسطة	1.70
سفسف	0.00
سفسفة	0.00
سفط	1.78
سفع	1.71
سفعة	1.50
سفك	3.54
سفكة	0.00
سفل	2.34
سفلة	2.70
سفلى	2.34
سفلي	3.09
سفن	4.19
سفندر	0.00
سفه	2.51
سفهاء	2.58
سفهة	0.00
سفوح	3.24
سفود	1.36
سفور	2.15
سفوف	0.00
سفى	1.23
سفي	1.76
سفيان	4.05
سفير	4.24
سفيرة	3.49
سفيفة	0.00
سفيل	1.50
سفين	3.09
سفينة	4.58
سفيه	2.61
سقاء	2.34
سقاءة	0.00
سقائط	0.00
سقائف	1.39
سقائم	0.00
سقاة	2.14
سقاط	1.26
سقاطة	1.78
سقالة	2.30
سقام	2.12
سقاية	2.68
سقب	0.00
سقت	2.59
سقد	0.00
سقر	2.58
سقراط	3.60
سقط	4.38
سقطة	2.92
سقطتم	1.60
سقطتن	0.00
سقطرى	3.51
سقطن	1.63
سقطنا	2.39
سقطوا	3.59
سقع	1.02
سقف	4.27
سقل	0.00
سقلاط	0.00
سقم	2.64
سقمونيا	0.00
سقنقور	0.00
سقور	0.00
سقوط	4.81
سقوف	2.66
سقوم	1.16
سقى	2.70
سقي	2.88
سقيا	2.65
سقيط	1.11
سقيفة	2.97
سقيم	2.87
سكاب	1.94
سكات	2.43
سكار	2.87
سكارى	3.03
سكافة	0.00
سكاك	1.02
سكاكين	3.06
سكاكيني	1.98
سكان	5.13
سكب	3.28
سكباج	0.00
سكبة	0.00
سكة	3.88
سكت	3.83
سكتة	3.37
سكتت	2.67
سكتم	2.30
سكتنا	2.27
سكتوا	2.54
سكر	4.36
سكران	3.51
سكرة	2.95
سكرتير	3.75
سكرجة	0.00
سكرى	1.92
سكري	3.37
سكرية	2.76
سكسكة	0.00
سكسية	2.50
سكع	0.00
سكف	0.00
سكك	3.79
سكم	0.00
سكن	4.25
سكنة	2.63
سكنجبين	1.12
سكنى	2.72
سكني	3.86
سكوت	4.43
سكوتر	3.06
سكور	2.49
سكوك	0.00
سكوم	0.00
سكون	3.55
سكونة	0.00
سكي	2.89
سكيب	3.32
سكير	2.58
سكين	3.69
سكينة	3.64
سلا	3.45
سلائط	0.00
سلائق	0.00
سلاب	2.17
سلاح	4.79
سلاحف	3.20
سلاسة	3.05
سلاسل	3.81
سلاسيب	0.00
سلاطة	2.27
سلاطين	3.31
سلاف	2.77
سلافي	2.12
سلاق	0.00
سلاك	2.08
سلال	3.06
سلالة	3.95
سلالم	3.30
سلام	4.85
سلامة	4.62
سلامتك	3.66
سلامى	2.67
سلاميات	1.78
سلب	3.79
سلباح	0.00
سلبة	1.65
سلبوت	0.00
سلبي	4.16
سلبية	4.38
سلة	4.18
سلت	2.28
سلتة	0.00
سلتم	0.00
سلتن	0.00
سلج	1.30
سلجان	0.00
سلجوق	2.12
سلجوقي	1.26
سلح	2.50
سلحان	0.00
سلحفاة	3.34
سلخ	2.99
سلخة	0.00
سلس	3.46
سلسال	2.77
سلسبيل	2.65
سلسل	2.22
سلسلة	5.17
سلسى	0.00
سلط	3.61
سلطاء	0.00
سلطان	4.75
سلطانة	3.21
سلطانية	2.47
سلطة	4.72
سلطن	1.54
سلطنة	4.17
سلطوي	2.31
سلطوية	2.61
سلطي	1.80
سلع	3.58
سلعة	3.80
سلغ	0.00
سلف	3.89
سلفا	3.92
سلفادور	3.48
سلفان	1.60
سلفة	2.68
سلفي	3.51
سلق	2.75
سلقان	0.00
سلقة	1.68
سلك	4.07
سلكان	1.97
سلكة	1.36
سلكوت	0.00
سلكي	2.80
سلم	4.67
سلماء	0.00
سلماس	1.16
سلمان	4.87
سلمة	3.69
سلمتم	2.11
سلمتن	0.00
سلمن	1.35
سلمنا	3.46
سلموا	3.42
سلمون	2.92
سلمى	4.00
سلمي	3.74
سلن	1.18
سلنا	0.00
سلهت	0.00
سلو	2.94
سلوا	2.63
سلواة	0.00
سلوان	3.14
سلوة	2.39
سلوح	0.00
سلور	1.88
سلوف	0.00
سلوقي	2.26
سلوك	4.46
سلوى	3.73
سلى	2.08
سلي	2.63
سليب	2.70
سليخ	0.00
سليخة	1.14
سليط	2.76
سليق	1.63
سليقة	1.26
سليقي	0.00
سليكون	2.03
سليل	3.24
سليلة	2.71
سليلى	0.00
سليم	4.62
سليمان	4.99
سما	3.65
سماء	4.31
سمائم	0.00
سماة	1.33
سماج	1.21
سماجة	1.95
سماح	3.59
سماحة	3.82
سماد	3.06
سمار	2.57
سماسرة	2.77
سماط	1.56
سماع	4.49
سماعة	3.69
سماعي	2.79
سماق	2.16
سماك	3.53
سمام	1.05
سمامير	0.00
سمان	2.97
سمانى	1.04
سمانيات	0.00
سماوات	2.94
سماوة	1.43
سماوي	3.31
سمة	3.95
سمت	3.16
سمج	2.11
سمجاء	0.00
سمح	4.44
سمحاء	1.11
سمحاق	0.00
سمحي	1.04
سمخ	1.60
سمد	2.13
سمدة	0.00
سمر	3.90
سمراء	3.66
سمراوات	1.85
سمرة	3.28
سمرقند	3.23
سمرقندي	1.37
سمرمر	0.00
سمسار	3.11
سمسر	0.00
سمسم	3.29
سمسمية	1.80
سمط	1.75
سمع	4.43
سمعاء	0.00
سمعان	3.33
سمعة	4.22
سمعي	3.44
سمفونية	2.70
سمق	0.00
سمك	4.29
سمكي	2.02
سمل	1.78
سمم	2.33
سممي	0.00
سمن	2.87
سمنة	3.09
سمنت	2.59
سمني	2.21
سمه	3.13
سمو	4.28
سموات	2.63
سموال	1.28
سموت	2.32
سموتم	0.00
سموتن	0.00
سمور	2.55
سموريات	0.00
سموط	0.00
سموق	0.00
سموك	3.15
سموم	3.45
سمون	1.78
سمونا	1.34
سمى	3.60
سمي	4.20
سميا	2.61
سمية	3.74
سميث	4.32
سميج	1.29
سميح	3.11
سميحة	2.62
سميد	2.15
سميذ	0.00
سمير	4.44
سميرة	3.86
سميط	2.15
سميع	3.37
سميك	3.44
سمين	3.22
سنا	4.27
سناء	3.63
سنابك	2.12
سنابل	2.99
سناتور	2.39
سناح	1.80
سناد	1.87
سنادين	0.00
سنام	2.98
سنان	3.62
سنانير	1.47
سنباذج	0.00
سنبك	1.08
سنبل	2.61
سنبوسق	0.00
سنبوسك	0.00
سنبوق	0.00
سنة	5.68
سنت	3.96
سنتئذ	0.00
سنتذاك	0.00
سنتير	0.00
سنج	2.46
سنجاب	2.76
سنجابي	1.76
سنجار	3.54
سنجة	2.36
سنجق	1.90
سنح	2.21
سنحة	0.00
سنخ	1.70
سنخي	0.00
سند	3.94
سندان	2.44
سندباد	3.06
سندر	2.11
سندرة	1.32
سندروس	1.16
سندس	2.84
سندي	3.17
سنديان	2.26
سنسار	0.00
سنط	2.30
سنطور	1.72
سنع	1.98
سنف	1.16
سنفيتون	0.00
سنق	1.56
سنم	1.40
سنمة	0.00
سنن	3.88
سنني	1.02
سنه	4.41
سنو	3.53
سنوت	2.05
سنور	2.13
سنوريات	0.00
سنون	2.60
سنونو	2.05
سنونوة	0.00
سنونية	0.00
سنوي	4.04
سنى	2.54
سني	3.92
سنية	3.72
سها	2.58
سهاء	0.00
سهاة	0.00
سهاد	2.29
سهار	1.87
سهارى	1.73
سهام	3.76
سهب	1.59
سهج	0.00
سهد	1.41
سهر	3.22
سهران	2.51
سهرة	3.66
سهرى	0.00
سهريز	0.00
سهف	0.00
سهك	0.00
سهل	4.78
سهلة	4.51
سهلتم	0.00
سهلتن	0.00
سهلن	0.00
سهلنا	1.84
سهلوا	2.14
سهلي	2.33
سهم	4.16
سهمة	0.00
سهو	2.66
سهوا	3.03
سهوان	1.86
سهوب	2.49
سهوة	2.10
سهولة	4.28
سهى	3.09
سهيل	3.91
سوء	4.88
سوءا	4.13
سوءوا	0.00
سوئل	1.05
سوئلتم	0.00
سوئلتن	0.00
سوئلن	0.00
سوئلنا	0.00
سوئلوا	0.00
سوئوا	0.00
سوئي	1.52
سواء	5.18
سوائب	0.00
سوائح	0.00
سوائد	0.00
سوائر	0.00
سوائغ	0.00
سوائق	0.00
سوائل	3.44
سوائم	0.00
سوابح	0.00
سوابع	0.00
سوابق	3.48
سوابل	0.00
سواتر	3.37
سواجد	0.00
سواجع	0.00
سواجي	0.00
سواجير	0.00
سواحر	0.00
سواحق	0.00
سواحل	3.76
سواحلية	1.39
سواخر	0.00
سواخط	0.00
سواخن	0.00
سواد	3.57
سوادر	0.00
سوادس	0.00
سواذج	0.00
سوار	3.74
سوارب	0.00
سوارح	0.00
سوارق	0.00
سواري	2.57
سواس	1.62
سواسية	3.08
سواطع	0.00
سواطير	1.16
سواع	1.71
سواعد	2.82
سواعف	0.00
سواعي	0.00
سوافح	0.00
سوافر	0.00
سوافل	0.00
سوافه	0.00
سواق	2.98
سواقة	2.72
سواقط	1.09
سواقي	2.33
سواقير	0.00
سواك	3.67
سواكب	0.00
سواكت	0.00
سواكر	0.00
سواكف	0.00
سواكن	2.82
سوالب	1.93
سوالف	3.33
سوالك	1.71
سوالم	0.00
سوام	1.53
سوامد	0.00
سوامر	0.00
سوامع	0.00
سوامق	0.00
سوامن	0.00
سوامي	2.30
سوان	3.31
سوانح	1.66
سواني	2.33
سواهر	0.00
سواهم	2.96
سواهي	1.01
سواى	0.00
سوايا	1.17
سوبيا	1.57
سوت	2.90
سوح	2.13
سود	3.98
سوداء	4.52
سودان	2.89
سوداني	3.88
سوداوات	1.56
سوداوي	2.22
سوداوية	2.53
سور	4.18
سوراني	1.13
سورة	4.75
سورر	0.00
سوررتم	0.00
سوررتن	0.00
سوررن	0.00
سوررنا	0.00
سورروا	0.00
سورق	0.00
سورقتم	0.00
سورقتن	0.00
سورقن	0.00
سورقنا	0.00
سورقوا	0.00
سورنجان	0.00
سوري	4.53
سوريا	5.45
سوريالي	1.90
سورية	4.96
سورينام	2.69
سوزان	4.28
سوس	3.66
سوسان	2.48
سوسة	3.71
سوسن	3.35
سوسنيات	0.00
سوسيات	0.00
سوط	3.14
سوعد	1.04
سوعدتم	0.00
سوعدتن	0.00
سوعدن	0.00
سوعدنا	0.00
سوعدوا	0.00
سوغ	2.40
سوف	5.49
سوفت	3.65
سوفي	2.30
سوفيات	1.29
سوفياتي	2.22
سوق	4.99
سوقم	0.00
سوقي	2.60
سوك	3.31
سوكنتم	0.00
سوكنتن	0.00
سوكنوا	0.00
سول	4.23
سولم	1.74
سولمتم	0.00
سولمتن	0.00
سولمن	0.00
سولمنا	0.00
سولموا	0.00
سولي	3.23
سوم	3.20
سومة	1.96
سومو	2.46
سوند	1.79
سوندتم	0.00
سوندتن	0.00
سوندن	0.00
سوندنا	0.00
سوندوا	0.00
سونكي	0.00
سوهاج	3.65
سوووا	0.00
سووي	1.61
سوويتم	0.00
سوويتن	0.00
سووين	0.00
سووينا	0.00
سوى	5.23
سوي	3.94
سوية	3.90
سويداء	2.39
سويدي	3.33
سويدية	3.38
سويسرا	4.40
سويسري	3.49
سويعة	1.47
سويق	1.51
سويقة	2.40
سيء	4.54
سيؤوا	0.00
سيئ	4.17
سيئا	4.02
سيئة	4.68
سيئت	1.61
سيئتا	0.00
سيئوا	1.07
سيئول	3.08
سياتل	3.96
سياج	3.59
سياح	3.24
سياحة	3.81
سياحي	3.83
سيادة	4.32
سيار	3.01
سيارات	4.88
سيارة	5.13
سياسة	4.98
سياسي	4.93
سياط	2.64
سياع	0.00
سياف	2.99
سياق	4.49
سياقة	2.80
سيال	2.47
سيب	3.42
سيبويه	3.02
سيج	2.69
سيجارة	3.55
سيح	2.41
سيخ	2.69
سيخي	1.93
سيخية	1.50
سيد	4.85
سيدا	3.48
سيدات	4.25
سيدة	4.66
سيدني	4.07
سير	4.54
سيراء	0.00
سيران	1.86
سيرة	4.30
سيرت	2.72
سيرك	3.50
سيروا	3.09
سيرورة	2.43
سيري	3.52
سيرين	3.56
سيريوم	1.09
سيزيوم	1.56
سيس	2.82
سيسبان	0.00
سيستان	2.27
سيسر	1.76
سيطر	4.06
سيطرة	4.58
سيع	1.56
سيغ	1.90
سيف	4.71
سيفيات	1.16
سيق	2.87
سيقان	3.17
سيقت	2.33
سيقوا	1.66
سيكاس	0.00
سيل	3.86
سيلان	3.06
سيلوا	0.00
سيلوفون	0.00
سيلي	3.39
سيليكون	2.93
سيلينة	0.00
سيماء	1.96
سيمة	1.09
سيمياء	1.69
سين	3.82
سيناء	4.59
سيناريو	4.25
سينثيا	3.03
سينما	4.28
سينمائي	3.96
سيوان	1.85
سيوح	1.14
سيوف	3.38
سيول	3.82
سيولة	3.09
شؤبوب	0.00
شؤم	3.19
شؤون	4.42
شئتم	3.31
شئتن	0.00
شئز	0.00
شئس	0.00
شئف	0.00
شئن	1.76
شئنا	3.20
شاء	4.75
شاءت	3.03
شاءم	0.00
شاءى	0.00
شاؤوا	2.31
شائب	1.88
شائط	0.00
شائع	4.14
شائعة	4.23
شائق	2.20
شائك	2.99
شائم	1.05
شائن	2.19
شائوا	1.58
شائي	0.00
شاب	4.95
شابانك	0.00
شابح	0.00
شابك	2.28
شابكة	1.39
شابل	2.60
شابه	3.98
شابيب	1.93
شاة	2.77
شاتم	1.98
شاتي	1.50
شاج	0.00
شاجب	0.00
شاجر	1.01
شاجرتم	0.00
شاجرتن	0.00
شاجرنا	0.00
شاجري	0.00
شاجع	1.65
شاجن	0.00
شاجي	1.49
شاح	1.62
شاحب	3.24
شاحذ	1.05
شاحط	0.00
شاحم	0.00
شاحن	3.53
شاحنة	4.16
شاخ	2.60
شاخب	0.00
شاخر	0.00
شاخص	2.00
شاد	3.10
شادن	2.58
شاده	1.81
شادوف	1.56
شادي	3.72
شاذ	3.43
شاذب	0.00
شاذنج	0.00
شار	3.01
شارب	3.96
شارة	3.82
شارح	2.72
شارحة	2.41
شارخ	1.40
شارد	3.11
شارس	0.00
شارط	1.54
شارع	4.99
شارف	3.26
شارق	1.69
شارك	5.12
شاركتم	1.92
شاركتن	0.00
شاركنا	3.67
شاركي	2.72
شاروف	1.41
شارون	3.91
شارى	1.69
شاري	3.06
شاز	0.00
شاس	2.83
شاسع	3.39
شاش	2.88
شاشة	4.51
شاشية	1.16
شاص	2.19
شاط	1.85
شاطئ	4.27
شاطب	0.00
شاطر	3.27
شاطف	0.00
شاظ	0.00
شاع	3.32
شاعب	0.00
شاعت	2.81
شاعر	4.43
شاعري	2.74
شاعف	0.00
شاعل	1.37
شاعوا	0.00
شاغب	1.23
شاغر	3.02
شاغف	0.00
شاغل	2.98
شاغلتم	0.00
شاغلتن	0.00
شاغلنا	1.47
شاغلي	2.57
شاف	3.54
شافة	1.70
شافر	2.10
شافع	2.72
شافعة	1.26
شافعي	2.70
شافه	2.18
شافي	3.56
شاق	3.54
شاقت	0.00
شاقوا	1.42
شاقوف	0.00
شاقول	1.39
شاقولي	1.44
شاقى	0.00
شاك	3.10
شاكر	4.02
شاكرة	2.96
شاكس	1.74
شاكل	2.05
شاكم	0.00
شاكوش	2.31
شاكى	1.78
شاكي	2.61
شال	3.20
شالخ	1.96
شاليه	3.03
شام	3.54
شامبو	3.32
شامبور	0.00
شامة	3.06
شامت	1.80
شامخ	2.90
شامر	1.65
شامس	1.79
شامل	4.36
شامونة	0.00
شامي	3.29
شان	4.42
شانع	0.00
شانغهاي	3.04
شانق	1.48
شاه	4.17
شاهب	0.00
شاهبلوط	0.00
شاهة	1.34
شاهترج	0.00
شاهد	4.91
شاهدانج	0.00
شاهدة	3.72
شاهدتم	3.15
شاهدتن	0.00
شاهدنا	3.62
شاهدي	3.00
شاهر	2.85
شاهرتم	0.00
شاهرتن	0.00
شاهرخ	1.36
شاهرنا	0.00
شاهري	0.00
شاهسفرم	0.00
شاهق	3.06
شاهل	0.00
شاهلوج	0.00
شاهم	0.00
شاهنشاه	1.79
شاهية	1.13
شاهين	4.30
شاور	3.06
شاورما	3.20
شاورمة	1.44
شاويش	2.52
شاي	4.30
شايء	0.00
شايع	2.76
شبا	2.21
شبائك	0.00
شباب	5.02
شبابة	2.17
شبابيط	0.00
شبابيك	3.24
شباط	4.56
شباع	1.56
شباعى	0.00
شباك	4.14
شبام	3.11
شبان	3.76
شباه	0.00
شبب	1.86
شبة	3.31
شبث	1.95
شبح	4.08
شبر	3.51
شبرق	1.24
شبرم	0.00
شبرية	0.00
شبشب	2.55
شبط	1.48
شبطباط	0.00
شبع	2.88
شبعان	2.66
شبعى	1.01
شبق	2.57
شبقي	1.60
شبك	3.13
شبكة	5.13
شبكية	3.26
شبل	3.27
شبم	0.00
شبن	0.00
شبه	4.84
شبهة	3.26
شبهى	1.36
شبوة	3.47
شبور	1.44
شبوط	1.61
شبوطة	0.00
شبيبة	3.27
شبيكة	1.98
شبين	3.09
شبينة	0.00
شبيه	4.08
شتا	2.82
شتاء	3.95
شتائم	2.72
شتات	3.77
شتان	2.79
شتت	2.87
شتر	2.20
شتع	0.00
شتغ	0.00
شتل	1.55
شتلة	2.45
شتم	3.37
شتن	0.00
شتنبر	2.87
شتوة	1.13
شتوي	3.01
شتى	4.22
شتيت	1.50
شتيمة	2.68
شتينواي	0.00
شثر	0.00
شثل	0.00
شثن	1.73
شجا	1.58
شجائع	0.00
شجاب	1.11
شجاة	0.00
شجار	3.66
شجاع	3.84
شجاعة	4.23
شجان	0.00
شجب	2.99
شجة	1.42
شجر	3.87
شجرة	4.63
شجري	2.20
شجع	3.65
شجعاء	0.00
شجعان	3.25
شجعى	1.19
شجعيات	0.00
شجن	2.50
شجنة	1.35
شجو	1.38
شجوب	0.00
شجون	2.91
شجوي	0.00
شجي	2.39
شجير	0.00
شجيرة	2.84
شجيع	1.87
شجيعة	0.00
شحا	1.88
شحائح	0.00
شحاح	1.10
شحاذ	2.50
شحاذة	1.97
شحارير	0.00
شحاطة	1.42
شحام	0.00
شحان	0.00
شحب	2.03
شحتفة	0.00
شحج	0.00
شحذ	2.79
شحر	1.58
شحرور	2.70
شحرويات	0.00
شحط	1.46
شحطة	1.42
شحف	0.00
شحك	0.00
شحل	0.00
شحم	3.02
شحمة	2.83
شحن	4.26
شحناء	1.88
شحنة	4.01
شحوب	2.65
شحور	1.32
شحوم	2.68
شحومات	0.00
شحى	0.00
شحيح	2.76
شحيرة	0.00
شخاص	1.72
شخب	1.17
شخبط	1.76
شخبطة	1.98
شخت	2.02
شخر	1.69
شخز	0.00
شخس	1.07
شخشخ	0.00
شخشيخة	1.62
شخص	5.78
شخصا	5.05
شخصة	1.85
شخصتم	0.00
شخصتن	0.00
شخصن	1.48
شخصنا	1.91
شخصنة	2.24
شخصوا	2.15
شخصي	4.45
شخصيا	4.68
شخصية	5.14
شخل	1.04
شخم	0.00
شخوص	2.40
شخير	2.50
شدا	2.76
شدائد	2.04
شداة	0.00
شداد	3.58
شدايقة	0.00
شدة	4.42
شدح	0.00
شدخ	1.50
شدد	3.66
شدف	0.00
شدق	1.38
شدقم	1.75
شدما	0.00
شدن	1.56
شده	3.11
شدو	2.57
شدود	1.65
شدوق	0.00
شدى	2.11
شدياق	2.15
شديد	4.91
شديدة	4.69
شذا	2.66
شذاذ	2.16
شذب	1.82
شذذ	0.00
شذر	1.82
شذرة	1.74
شذو	0.00
شذوذ	3.45
شذور	1.88
شراء	4.83
شرائح	4.15
شرائد	0.00
شرائط	3.63
شرائع	3.00
شرائف	0.00
شرائك	2.84
شراب	3.95
شرابة	1.99
شراة	1.37
شراح	2.49
شراد	1.81
شراذم	2.06
شرار	2.96
شرارة	3.74
شراسف	0.00
شراشر	0.00
شراع	3.04
شراعة	1.61
شراعي	2.75
شراف	1.77
شراك	2.71
شراكسة	1.70
شرانق	1.82
شراهة	2.12
شرايين	3.53
شرب	4.44
شربات	2.80
شربة	3.16
شربوش	0.00
شرت	2.31
شرث	0.00
شرج	2.77
شرجي	2.71
شرح	4.79
شرحة	2.08
شرحي	2.37
شرخ	2.94
شرخة	0.00
شرد	2.79
شردة	1.26
شرذمة	2.69
شرر	2.31
شررة	1.04
شرز	0.00
شرس	3.51
شرساء	0.00
شرساوات	0.00
شرسوف	0.00
شرش	2.00
شرشر	1.99
شرشرة	1.18
شرشف	2.23
شرشور	1.38
شرشير	1.04
شرشيري	0.00
شرط	4.41
شرطة	5.00
شرطي	4.10
شرطية	3.40
شرع	3.97
شرعا	3.37
شرعة	2.74
شرعن	1.88
شرعي	4.23
شرعية	4.52
شرغ	0.00
شرغوف	1.52
شرف	4.66
شرفاء	3.41
شرفة	3.73
شرفتم	1.46
شرفتن	0.00
شرفن	0.00
شرفنا	2.93
شرفوا	2.20
شرفى	1.98
شرفي	3.33
شرفية	3.07
شرق	5.06
شرقراق	0.00
شرقرق	0.00
شرقي	4.25
شرك	3.62
شركاء	4.23
شركة	5.58
شركس	2.87
شركسي	1.90
شرم	3.89
شرموطة	2.92
شرن	1.04
شرنق	0.00
شرنقة	2.67
شره	3.36
شرو	2.14
شروان	2.17
شرواني	0.00
شروب	1.64
شروح	2.92
شروخ	2.48
شرود	2.65
شرور	3.17
شروط	4.61
شروع	2.51
شروق	3.97
شروى	1.95
شرى	2.70
شري	3.07
شريان	3.65
شريح	2.77
شريحة	4.23
شريد	2.33
شرير	3.59
شريش	1.92
شريط	4.53
شريطة	3.60
شريعة	3.63
شريف	4.53
شريفة	3.51
شريق	1.77
شريك	4.83
شريكات	2.05
شزا	0.00
شزب	0.00
شزر	0.00
شزراء	0.00
شزن	0.00
شسب	0.00
شسع	1.88
شسف	0.00
ششبرك	0.00
ششقاقل	0.00
شصا	0.00
شصب	0.00
شصر	0.00
شصي	1.04
شطا	0.00
شطائب	0.00
شطائر	2.64
شطار	1.83
شطافة	0.00
شطان	1.26
شطب	3.16
شطة	2.53
شطت	1.50
شطح	2.37
شطر	3.45
شطرة	1.48
شطرنج	3.44
شطس	0.00
شطط	1.83
شططتم	0.00
شططتن	0.00
شططن	0.00
شططنا	0.00
شطع	0.00
شطف	2.47
شطفة	0.00
شطم	0.00
شطن	1.34
شطوب	0.00
شطوبر	0.00
شطور	2.03
شطوط	1.54
شطوف	0.00
شطي	1.78
شطيبة	0.00
شطيرة	2.87
شظايا	3.38
شظف	2.05
شظى	0.00
شظي	0.00
شظية	3.16
شعا	1.38
شعائر	3.57
شعاب	2.69
شعابين	0.00
شعار	4.74
شعارير	0.00
شعاع	3.74
شعاف	1.23
شعب	4.87
شعبان	4.15
شعبة	4.22
شعبوي	2.09
شعبوية	2.48
شعبي	4.24
شعبية	4.71
شعتم	0.00
شعتن	0.00
شعث	2.71
شعثاء	1.73
شعثاوات	0.00
شعر	4.96
شعراء	4.02
شعراني	1.68
شعرة	3.50
شعرور	0.00
شعرى	2.46
شعري	4.19
شعرية	3.91
شعشاع	1.15
شعشع	1.68
شعف	2.25
شعفة	1.14
شعل	2.37
شعلة	3.67
شعلوب	0.00
شعن	0.00
شعنا	0.00
شعواء	2.50
شعواءات	0.00
شعواوات	0.00
شعوب	4.28
شعوذ	0.00
شعوذة	2.41
شعور	4.81
شعوري	4.09
شعي	1.23
شعيب	3.82
شعير	3.16
شعيرة	3.15
شعيرية	2.35
شعيلة	1.05
شغا	1.29
شغاب	0.00
شغار	0.00
شغاف	2.66
شغال	3.57
شغب	3.88
شغبة	0.00
شغر	2.29
شغز	0.00
شغف	3.66
شغل	4.57
شغلة	3.24
شغلي	3.22
شغي	0.00
شفا	3.37
شفاء	4.04
شفاة	2.52
شفار	1.57
شفاط	2.10
شفاطة	1.72
شفاع	0.00
شفاعة	3.16
شفاف	3.53
شفافة	3.67
شفافية	3.54
شفاه	3.61
شفاها	2.52
شفاهي	2.93
شفايف	2.59
شفة	3.32
شفر	2.42
شفرة	3.84
شفز	0.00
شفط	3.33
شفع	2.48
شفعاء	2.35
شفعة	1.49
شفعية	1.09
شفف	0.00
شفق	2.98
شفقة	3.38
شفقتم	0.00
شفقتن	0.00
شفقن	0.00
شفقنا	1.58
شفقوا	0.00
شفلح	0.00
شفن	0.00
شفنين	0.00
شفه	2.23
شفهي	3.19
شفوف	0.00
شفوق	1.72
شفوي	2.76
شفويات	0.00
شفى	2.83
شفي	3.25
شفير	2.91
شفيع	3.24
شفيق	4.00
شقا	2.96
شقاء	3.28
شقاشق	0.00
شقاق	2.77
شقالبة	0.00
شقاوة	2.96
شقة	4.42
شقح	1.20
شقذ	0.00
شقر	2.53
شقراء	3.98
شقراق	0.00
شقراوات	2.56
شقرة	2.65
شقشق	1.45
شقشقة	1.48
شقع	0.00
شقف	1.99
شقفة	2.27
شقق	4.06
شققة	0.00
شقل	1.57
شقلبان	0.00
شقن	0.00
شقوبية	0.00
شقوة	1.35
شقوق	3.15
شقي	3.33
شقيا	2.97
شقيف	1.39
شقيق	4.25
شقيقة	3.95
شكئ	0.00
شكا	3.11
شكائم	0.00
شكاة	1.06
شكارة	1.79
شكاك	2.31
شكال	1.60
شكاوى	3.80
شكاية	2.07
شكة	2.04
شكت	2.84
شكد	2.14
شكر	4.39
شكرا	5.26
شكري	4.14
شكرية	1.61
شكز	0.00
شكس	1.68
شكشوكة	2.13
شكع	1.08
شكك	3.50
شكل	5.18
شكلا	4.07
شكلة	2.80
شكلي	3.54
شكم	1.99
شكو	2.36
شكوة	1.74
شكوتم	0.00
شكوتن	0.00
شكور	2.86
شكوس	0.00
شكوك	3.83
شكوكي	2.17
شكولاطة	1.28
شكون	2.83
شكونا	1.90
شكوهج	0.00
شكوى	4.21
شكي	2.61
شكيتم	0.00
شكيتن	0.00
شكيمة	1.58
شكين	0.00
شكينا	1.43
شلا	1.83
شلاء	1.22
شلاق	0.00
شلال	3.48
شلاوات	0.00
شلاويب	0.00
شلبة	0.00
شلة	3.14
شلجم	0.00
شلح	2.23
شلخ	1.53
شلشل	0.00
شلغ	0.00
شلفة	0.00
شلق	2.03
شلكاية	0.00
شلل	3.95
شلنبر	0.00
شلنج	0.00
شلو	1.55
شلواب	0.00
شلوب	1.18
شلوبة	0.00
شلوق	0.00
شلى	0.00
شليف	1.01
شليل	1.86
شماء	1.63
شمائل	2.31
شمات	1.56
شماتة	2.72
شماخ	1.99
شمار	1.72
شماس	3.23
شماسية	0.00
شماع	1.73
شماعة	3.14
شماعد	0.00
شمال	5.21
شمالي	4.37
شمام	3.05
شمامة	1.73
شماوات	0.00
شمبانزي	2.25
شمبانيا	2.49
شمت	2.58
شمتة	0.00
شمج	1.23
شمخ	1.97
شمخة	1.06
شمذ	0.00
شمر	3.76
شمروخ	2.00
شمز	0.00
شمس	4.63
شمسي	3.44
شمسية	3.82
شمشاد	0.00
شمشم	1.27
شمص	2.10
شمط	1.33
شمظ	0.00
شمع	3.45
شمعة	3.86
شمعدان	2.41
شمعل	0.00
شمعون	3.72
شمعي	2.27
شمق	0.00
شمقمق	0.00
شمل	4.19
شملة	1.86
شمم	1.83
شمندر	2.16
شمندورة	1.22
شموخ	3.04
شموس	2.79
شموع	3.60
شمول	2.69
شموم	0.00
شميلة	1.71
شنئ	0.00
شنا	0.00
شنائع	1.37
شنار	1.90
شناعة	2.42
شناق	1.21
شنان	2.40
شنب	3.32
شنبر	1.45
شنث	0.00
شنج	1.87
شنجار	0.00
شنداب	0.00
شندقورة	0.00
شنص	0.00
شنع	1.43
شنعاء	2.22
شنعاوات	0.00
شنعى	0.00
شنف	1.60
شنق	3.47
شنك	1.82
شنكل	1.72
شنم	0.00
شنيع	3.02
شها	1.79
شهاب	3.93
شهاد	1.94
شهادة	4.85
شهار	2.48
شهاق	0.00
شهام	0.00
شهامة	2.79
شهاوى	0.00
شهب	2.78
شهباء	1.89
شهباوات	0.00
شهبة	2.09
شهد	4.66
شهداء	4.44
شهدة	1.95
شهر	5.43
شهرئذ	0.00
شهرة	4.34
شهرذاك	0.00
شهرزاد	3.36
شهرى	2.33
شهري	4.23
شهرية	3.83
شهق	1.96
شهقة	2.47
شهل	1.98
شهلاء	1.50
شهلائي	0.00
شهلاوات	0.00
شهلة	1.31
شهم	2.93
شهو	1.53
شهوات	2.93
شهوان	2.31
شهواني	2.61
شهوانية	2.89
شهوب	0.00
شهوة	3.55
شهود	4.25
شهور	4.66
شهوم	0.00
شهوى	0.00
شهى	2.23
شهي	3.19
شهية	3.77
شهيد	4.39
شهير	3.85
شهيق	2.76
شوا	2.60
شواء	3.00
شوائب	3.13
شوائط	0.00
شوائق	0.00
شوائك	0.00
شوائم	0.00
شوائن	0.00
شوابك	0.00
شواة	0.00
شواتي	0.00
شواجن	0.00
شواجي	0.00
شواحب	0.00
شواحم	0.00
شواحن	2.54
شواخص	1.01
شوادن	0.00
شوادي	0.00
شواذ	3.43
شوار	1.81
شوارب	2.90
شوارح	0.00
شوارخ	0.00
شوارد	2.20
شوارع	4.47
شوارف	0.00
شوارق	1.12
شوارك	0.00
شواري	0.00
شواريف	0.00
شواسع	0.00
شواطئ	3.85
شواطر	0.00
شواظ	1.80
شواعر	1.40
شواغب	0.00
شواغر	2.54
شواغل	2.14
شواف	1.46
شوافع	1.42
شوافي	0.00
شواق	1.57
شواقيف	0.00
شواقيل	0.00
شواكل	0.00
شواكي	0.00
شوال	3.90
شوالة	0.00
شوامت	0.00
شوامخ	1.83
شوامس	0.00
شوامل	0.00
شوانع	0.00
شواهد	3.38
شواهر	0.00
شواهق	1.39
شواهين	1.56
شوب	3.45
شوبك	1.72
شوة	0.00
شوجر	2.31
شوجرتم	0.00
شوجرتن	0.00
شوجرن	0.00
شوجرنا	0.00
شوجروا	0.00
شوح	1.42
شور	3.41
شورت	3.27
شورك	1.99
شوركتم	0.00
شوركتن	0.00
شوركن	0.00
شوركنا	0.00
شوركوا	0.00
شورى	3.64
شورية	1.77
شوس	1.55
شوساء	0.00
شوساوات	0.00
شوش	2.72
شوص	0.00
شوط	3.54
شوع	1.13
شوغل	0.00
شوغلتم	0.00
شوغلتن	0.00
شوغلن	0.00
شوغلنا	0.00
شوغلوا	0.00
شوفان	2.70
شوق	3.62
شوقي	4.20
شوقية	1.66
شوك	3.48
شوكة	3.71
شوكران	1.57
شوكي	2.73
شولة	1.30
شونة	1.75
شونيز	1.18
شوه	2.99
شوهاء	1.28
شوهاوات	0.00
شوهة	1.46
شوهد	3.72
شوهدتم	0.00
شوهدتن	0.00
شوهدن	0.00
شوهدنا	0.00
شوهدوا	2.20
شوهر	1.06
شوهرتم	0.00
شوهرتن	0.00
شوهرن	0.00
شوهرنا	0.00
شوهروا	0.00
شوهى	0.00
شوى	2.58
شوي	4.08
شوية	4.17
شيء	6.03
شيؤوا	0.00
شيئت	1.29
شيئوا	0.00
شيا	2.30
شيار	1.75
شياط	1.54
شياطين	3.70
شياف	0.00
شيال	2.13
شيالة	1.43
شياه	1.57
شياهين	1.13
شيب	3.56
شيباء	1.04
شيباوات	0.00
شيبة	3.30
شية	2.05
شيت	3.34
شيتة	1.36
شيح	2.33
شيخ	4.79
شيخة	3.37
شيخوخة	2.99
شيد	3.36
شير	3.60
شيراز	3.58
شيربام	0.00
شيرة	2.01
شيرج	1.04
شيردال	0.00
شيزى	0.00
شيش	2.76
شيشة	2.32
شيص	0.00
شيط	1.43
شيطان	4.17
شيطاني	3.38
شيطانية	3.27
شيطرج	0.00
شيطن	0.00
شيطنة	2.41
شيطي	0.00
شيع	2.66
شيعة	4.18
شيعوا	1.64
شيعي	4.05
شيفا	3.43
شيفرة	3.22
شيق	3.20
شيقت	0.00
شيقل	2.16
شيقوا	0.00
شيك	3.87
شيكاغو	4.32
شيلثا	0.00
شيلم	1.17
شيم	3.39
شيماء	3.64
شيمة	2.65
شين	4.44
شيهم	1.65
شيوخ	4.16
شيوعي	3.23
شيوعية	3.05
صؤاب	0.00
صؤابة	0.00
صؤل	0.00
صؤول	0.00
صئب	0.00
صئك	0.00
صئم	0.00
صاء	0.00
صاءك	0.00
صائب	3.47
صائت	1.29
صائح	1.54
صائد	3.21
صائر	2.24
صائغ	2.52
صائفة	1.95
صائم	3.44
صاب	2.62
صابئ	0.00
صابئة	1.62
صابئي	1.34
صابح	1.75
صابحتم	0.00
صابحتن	0.00
صابحنا	0.00
صابحي	0.00
صابر	4.04
صابرتم	0.00
صابرتن	0.00
صابرنا	0.00
صابري	2.08
صابع	1.64
صابغ	1.10
صابورة	0.00
صابوغة	0.00
صابون	3.54
صابونة	2.59
صابي	1.27
صابية	0.00
صات	1.18
صاج	2.63
صاح	3.64
صاحب	5.16
صاحبة	4.37
صاحت	3.02
صاحن	0.00
صاحوا	2.27
صاحي	3.21
صاخ	0.00
صاخب	3.20
صاخة	0.00
صاخر	0.00
صاخرة	0.00
صاد	2.70
صادت	1.56
صادح	1.55
صادر	4.10
صادرات	3.68
صادرتم	0.00
صادرتن	0.00
صادرنا	1.17
صادري	0.00
صادع	1.30
صادغ	0.00
صادف	3.50
صادق	4.44
صادم	3.41
صادوا	0.00
صادى	0.00
صادي	1.72
صار	4.70
صارت	4.37
صارح	2.23
صارخ	3.47
صارع	2.62
صارعتم	0.00
صارعتن	0.00
صارعنا	0.00
صارعي	0.00
صارف	2.23
صارم	3.70
صاروا	3.61
صاروج	1.19
صاروخ	4.37
صاري	2.44
صاص	1.09
صاصا	0.00
صاع	2.40
صاعب	0.00
صاعد	3.45
صاعق	2.97
صاعقة	3.38
صاغ	3.11
صاغة	1.83
صاغر	2.00
صاغي	0.00
صاف	3.18
صافات	1.96
صافح	3.18
صافحتا	0.00
صافحتم	0.00
صافحتما	0.00
صافحتن	0.00
صافحنا	1.23
صافحي	1.31
صافد	0.00
صافع	0.00
صافق	0.00
صافقة	0.00
صافن	1.45
صافى	2.70
صافي	4.17
صاق	0.00
صاقر	0.00
صاقع	0.00
صاقل	1.22
صاقور	0.00
صاك	1.30
صاكة	0.00
صال	2.57
صالب	0.00
صالة	4.18
صالت	1.64
صالح	5.21
صالحات	2.43
صالون	3.85
صام	3.49
صامت	3.76
صامد	3.03
صامغ	0.00
صاموا	2.26
صان	2.88
صانت	1.83
صانج	0.00
صانع	4.20
صانوا	1.66
صانونة	0.00
صاهد	0.00
صاهر	1.59
صاهل	0.00
صاول	0.00
صاوي	1.61
صاى	0.00
صايح	1.32
صايف	0.00
صبؤ	0.00
صبا	3.28
صبابة	2.28
صباة	0.00
صباح	5.35
صباحا	4.87
صباحة	1.67
صباحي	3.42
صبار	3.09
صبارة	1.91
صباريات	0.00
صباغ	3.03
صباغة	2.60
صبان	1.80
صبانة	0.00
صبايا	3.09
صبب	2.08
صبة	2.34
صبث	0.00
صبح	3.66
صبحان	2.19
صبحة	2.04
صبحي	3.72
صبحية	2.05
صبر	3.91
صبرة	2.62
صبري	4.30
صبرية	1.49
صبصاب	0.00
صبصب	0.00
صبع	1.59
صبغ	3.22
صبغة	3.78
صبن	0.00
صبوات	0.00
صبوة	1.55
صبوح	2.03
صبور	3.30
صبى	2.51
صبي	3.99
صبيان	3.20
صبياني	2.27
صبيب	1.85
صبيبة	0.00
صبية	3.34
صبيح	3.01
صبيحة	3.70
صبيحتئذ	0.00
صبير	1.74
صبيغ	1.15
صتا	0.00
صتع	1.09
صتم	0.00
صته	0.00
صتيت	0.00
صحا	2.42
صحائف	2.83
صحاب	2.66
صحابة	3.23
صحابي	3.74
صحاة	0.00
صحاح	2.34
صحار	3.34
صحارى	2.86
صحاري	2.87
صحاف	1.67
صحافة	4.05
صحافي	3.81
صحب	2.90
صحبة	3.88
صحة	4.80
صحتم	0.00
صحتن	0.00
صحح	3.19
صححي	1.63
صحر	1.09
صحراء	4.21
صحراوات	1.08
صحراوي	3.51
صحرة	1.16
صحصح	1.82
صحصحة	0.00
صحف	4.26
صحفة	2.19
صحفي	4.72
صحل	1.06
صحمة	0.00
صحن	3.79
صحنا	2.37
صحناة	0.00
صحو	2.57
صحوة	3.38
صحون	3.16
صحى	3.27
صحي	4.22
صحيح	5.41
صحيفة	5.16
صحينة	0.00
صخاب	1.94
صخب	3.19
صخبة	1.14
صخة	0.00
صخد	0.00
صخدان	0.00
صخر	3.54
صخرة	3.91
صخري	3.40
صخريات	0.00
صخف	0.00
صخور	3.65
صخي	1.04
صخيد	0.00
صدئ	2.34
صدا	3.04
صدائر	0.00
صداة	0.00
صداح	1.63
صداد	0.00
صدار	1.96
صدارة	3.83
صداع	3.82
صداق	2.23
صداقة	4.03
صدام	4.44
صدتم	0.00
صدتن	0.00
صدح	2.17
صدد	2.98
صددة	0.00
صدر	5.04
صدراني	0.00
صدرة	2.40
صدري	3.95
صدرية	3.12
صدع	3.23
صدغ	1.63
صدغان	0.00
صدف	3.23
صدفة	4.10
صدفيات	1.04
صدق	4.42
صدقة	3.93
صدقى	2.55
صدقي	3.56
صدم	3.62
صدمة	4.28
صدن	0.00
صدنا	1.74
صدود	1.68
صدور	4.49
صدوق	3.20
صدى	4.22
صدي	2.94
صديان	1.17
صديد	2.36
صديرة	0.00
صديق	4.90
صرا	1.86
صرائم	0.00
صراح	2.72
صراحة	4.31
صراخ	3.83
صراخة	1.22
صرار	2.06
صرارة	1.16
صراصير	3.08
صراط	3.36
صراع	4.51
صراف	3.13
صرافة	2.75
صرام	1.30
صرامة	3.57
صرب	2.47
صربي	2.58
صربيا	4.18
صرة	2.51
صرج	0.00
صرح	4.59
صرحاء	2.23
صرحي	1.34
صرخ	3.53
صرخة	3.76
صرختم	1.23
صرختن	0.00
صرخن	0.00
صرخنا	1.89
صرخوا	2.46
صرد	2.40
صردان	0.00
صرر	1.50
صرصار	2.50
صرصر	2.21
صرصور	3.11
صرط	0.00
صرع	3.13
صرعة	2.35
صرعى	2.52
صرف	4.29
صرفي	2.23
صرق	0.00
صرم	2.00
صرمة	1.83
صروح	2.78
صرود	0.00
صروع	0.00
صروف	2.55
صرى	0.00
صري	1.82
صريح	4.16
صرير	2.97
صريع	2.33
صريف	1.91
صريقة	0.00
صريم	1.84
صريمة	1.61
صعا	0.00
صعاب	2.64
صعاد	0.00
صعاليك	2.59
صعب	4.77
صعبى	0.00
صعبي	1.86
صعتر	1.60
صعد	3.90
صعداء	0.00
صعدة	4.02
صعدي	0.00
صعر	1.43
صعصع	1.13
صعصعة	2.90
صعق	2.84
صعل	0.00
صعلك	0.00
صعلكة	0.00
صعلوك	2.66
صعوبة	4.67
صعود	4.19
صعيد	4.30
صعيدي	2.80
صغا	1.04
صغائر	2.58
صغاة	0.00
صغار	4.41
صغت	2.37
صغر	3.98
صغراء	0.00
صغرة	1.99
صغرى	3.05
صغريات	0.00
صغوتم	0.00
صغوتن	0.00
صغون	0.00
صغونا	0.00
صغي	1.50
صغير	4.97
صغيرة	5.34
صفا	3.75
صفاء	3.85
صفائح	3.24
صفاح	1.01
صفاد	0.00
صفار	2.99
صفارة	2.88
صفارية	0.00
صفافير	0.00
صفاق	1.63
صفاقة	2.05
صفاقس	3.20
صفايا	1.09
صفة	4.27
صفت	2.59
صفح	2.66
صفحة	4.95
صفحتان	2.06
صفد	3.52
صفر	4.40
صفراء	3.82
صفراوات	0.00
صفرة	2.79
صفري	2.58
صفرية	2.38
صفصاف	2.08
صفصف	1.30
صفع	2.79
صفعة	3.66
صفغ	0.00
صفف	1.96
صفق	2.94
صفقة	4.58
صفن	2.17
صفو	3.48
صفوان	3.22
صفوة	3.26
صفوتم	0.00
صفوتن	0.00
صفوح	1.71
صفوف	4.56
صفون	1.11
صفونا	1.83
صفوي	2.72
صفى	2.81
صفي	3.54
صفية	3.40
صفيتم	0.00
صفيتن	0.00
صفيح	2.77
صفيحة	3.40
صفير	3.21
صفيراء	2.03
صفيف	1.85
صفيق	2.05
صفين	3.28
صفينا	1.78
صقار	2.15
صقاع	0.00
صقال	1.39
صقب	0.00
صقر	4.14
صقريات	0.00
صقع	2.22
صقعان	0.00
صقعة	0.00
صقل	3.16
صقلبي	0.00
صقلي	2.23
صقلية	3.54
صقور	3.39
صقيع	2.89
صقيل	2.08
صكا	2.42
صكم	0.00
صكوك	3.08
صلا	2.13
صلائف	0.00
صلابة	3.50
صلاة	4.87
صلاح	4.67
صلاحي	2.06
صلاحية	3.88
صلاد	1.81
صلاف	0.00
صلافى	0.00
صلب	4.24
صلبان	2.57
صلبة	3.92
صلة	4.65
صلت	2.99
صلج	0.00
صلجة	0.00
صلح	3.79
صلحاء	1.74
صلحة	1.59
صلحى	0.00
صلحي	2.33
صلخ	1.42
صلد	2.34
صلداء	0.00
صلداوات	0.00
صلدة	2.14
صلصال	2.58
صلصة	3.69
صلصل	1.35
صلصلة	2.51
صلطة	1.05
صلع	2.49
صلعاء	2.10
صلعاوات	0.00
صلعة	2.06
صلعم	1.74
صلعمي	0.00
صلعى	0.00
صلف	2.58
صلفاء	0.00
صلق	0.00
صلم	1.47
صلن	0.00
صلوات	3.71
صلوح	1.78
صلود	0.00
صلى	5.52
صلي	4.01
صليان	0.00
صليب	3.70
صليبي	3.03
صليقة	0.00
صليل	2.36
صما	0.00
صماء	3.23
صمائم	0.00
صمات	1.31
صماخ	1.58
صماد	1.88
صماغ	0.00
صماغة	0.00
صمام	3.77
صمامة	1.04
صماوات	0.00
صمة	2.17
صمت	4.36
صمتة	0.00
صمتت	2.63
صمتم	1.91
صمتنا	3.08
صمتوا	2.18
صمتي	2.82
صمح	0.00
صمخ	1.60
صمد	3.53
صمدة	0.00
صمدتم	1.34
صمدتن	0.00
صمدن	0.00
صمدنا	1.95
صمدوا	2.29
صمر	1.14
صمصم	0.00
صمع	1.15
صمغ	3.04
صمل	1.51
صملاخ	0.00
صمم	4.10
صموت	1.80
صمود	3.61
صمولة	1.20
صمى	0.00
صميم	3.63
صميمي	1.93
صنائع	2.48
صناب	0.00
صنابير	2.25
صناج	0.00
صنادل	2.30
صناديد	2.51
صناديق	4.28
صنار	0.00
صنارة	2.37
صناع	4.03
صناعة	4.93
صناعي	3.91
صنان	1.17
صنانير	0.00
صنبور	2.84
صنة	1.42
صنج	1.34
صنخ	0.00
صندل	2.72
صندلية	0.00
صندوق	4.83
صندوقة	1.44
صنديد	2.28
صنع	4.93
صنعاء	4.80
صنعاني	1.81
صنعة	3.06
صنعي	2.34
صنف	3.97
صنفي	2.17
صنق	0.00
صنم	3.29
صنو	1.96
صنوان	2.18
صنوبر	2.87
صنوبري	1.41
صنوج	1.04
صنوف	3.17
صنيع	2.80
صنيعة	3.10
صها	0.00
صهارة	1.55
صهاريج	2.90
صهال	0.00
صهاينة	3.13
صهب	1.33
صهباء	2.11
صهباوات	0.00
صهبة	0.00
صهد	1.51
صهر	3.47
صهرة	1.19
صهريج	3.05
صهل	1.21
صهوات	1.81
صهوة	3.06
صهور	0.00
صهى	0.00
صهي	1.02
صهيب	3.02
صهيل	2.58
صهين	0.00
صهيون	3.65
صهيوني	3.46
صهيونية	3.24
صوائب	0.00
صوائح	0.00
صوائد	0.00
صوائر	0.00
صوائغ	0.00
صوائم	0.00
صواب	3.64
صوابئ	0.00
صوابر	0.00
صوابي	2.68
صواحب	1.36
صواحي	0.00
صواخب	0.00
صواد	0.00
صوادح	0.00
صوادر	0.00
صوادق	0.00
صوادي	0.00
صوار	2.06
صوارة	0.00
صوارخ	1.46
صوارم	1.19
صواري	1.81
صواريخ	4.36
صواع	1.76
صواعد	1.04
صواعق	2.65
صواغ	0.00
صواغر	0.00
صواغي	0.00
صواف	1.88
صوافق	0.00
صوافي	0.00
صواقير	0.00
صوالح	1.42
صوامت	1.48
صوامد	0.00
صوامع	2.83
صوان	2.85
صوانة	0.00
صوانع	0.00
صواهل	0.00
صواوين	0.00
صوب	4.13
صوبح	0.00
صوبحتم	0.00
صوبحتن	0.00
صوبحن	0.00
صوبحنا	0.00
صوبحوا	0.00
صوبر	1.51
صوبرتم	0.00
صوبرتن	0.00
صوبرن	0.00
صوبرنا	0.00
صوبروا	0.00
صوبن	0.00
صوبي	2.87
صوة	2.01
صوت	5.19
صوتت	3.37
صوتم	1.28
صوتنا	3.51
صوتي	4.55
صوتيات	3.40
صودا	3.12
صودر	2.08
صودرتم	0.00
صودرتن	0.00
صودرن	0.00
صودرنا	0.00
صودروا	0.00
صوديوم	2.72
صور	5.52
صورة	5.43
صورع	0.00
صورعتم	0.00
صورعتن	0.00
صورعن	0.00
صورعنا	0.00
صورعوا	0.00
صوري	3.40
صوص	2.87
صوغ	2.39
صوغة	1.33
صوف	3.40
صوفة	1.85
صوفح	0.00
صوفحا	0.00
صوفحتا	0.00
صوفحتم	0.00
صوفحتما	0.00
صوفحتن	0.00
صوفحن	0.00
صوفحوا	0.00
صوفي	3.95
صوفيا	4.19
صوفية	3.28
صول	3.38
صولات	2.63
صولة	2.67
صولجان	2.78
صوم	3.66
صومال	2.02
صومالي	3.22
صومرة	0.00
صومع	0.00
صومعة	2.80
صوموا	2.55
صومي	2.12
صون	2.96
صونوا	1.30
صوني	2.35
صوى	1.42
صوي	1.74
صياح	3.42
صياد	3.74
صيادلة	2.75
صيارفة	0.00
صياص	0.00
صياصي	0.00
صياغة	4.35
صيام	4.01
صيانة	4.01
صياهب	0.00
صياهد	0.00
صياهير	0.00
صيت	3.33
صيح	2.27
صيحان	0.00
صيحة	3.50
صيحوا	1.69
صيحي	1.87
صيخد	0.00
صيخود	0.00
صيد	4.31
صيدا	3.91
صيدت	0.00
صيدل	0.00
صيدلاني	2.44
صيدلة	2.94
صيدلي	3.12
صيدلية	3.47
صيدوا	0.00
صيدون	2.18
صيدي	2.05
صير	3.07
صيران	0.00
صيرفي	1.65
صيروا	1.60
صيرورة	2.17
صيري	1.55
صيصان	1.70
صيصة	0.00
صيصية	0.00
صيعان	0.00
صيغ	3.82
صيغة	4.23
صيف	4.26
صيفة	1.36
صيفي	3.53
صيقل	1.32
صيم	1.04
صين	2.49
صينت	0.00
صينوا	0.00
صيني	4.23
صينية	4.28
صيهب	0.00
صيهد	1.07
صيهور	0.00
صيوان	2.04
ضؤتم	0.00
ضؤتن	0.00
ضؤل	0.00
ضؤن	0.00
ضؤنا	0.00
ضئط	0.00
ضئيل	3.80
ضاء	1.67
ضاءت	1.14
ضاءل	0.00
ضاؤوا	0.00
ضائع	3.63
ضائق	1.53
ضائم	0.00
ضائن	0.00
ضائنة	0.00
ضائوا	0.00
ضاب	0.00
ضابح	1.23
ضابر	0.00
ضابط	4.67
ضابن	0.00
ضاج	1.51
ضاجع	1.71
ضاجعتم	0.00
ضاجعتن	0.00
ضاجعنا	0.00
ضاجعي	0.00
ضاح	1.26
ضاحك	2.62
ضاحكة	3.18
ضاحل	0.00
ضاحي	3.00
ضاحية	3.73
ضاد	2.08
ضادت	0.00
ضاددتم	0.00
ضاددتن	0.00
ضاددنا	0.00
ضاددي	0.00
ضادوا	0.00
ضادي	0.00
ضار	3.53
ضارب	3.21
ضارح	0.00
ضارس	0.00
ضارع	1.50
ضاري	2.88
ضاز	0.00
ضاس	0.00
ضاضا	0.00
ضاط	0.00
ضاع	3.88
ضاعف	3.33
ضاغث	0.00
ضاغط	3.13
ضاغم	0.00
ضاغن	0.00
ضاغوط	0.00
ضاف	1.95
ضافر	1.30
ضافي	1.92
ضاق	3.53
ضاقة	0.00
ضاك	0.00
ضال	3.24
ضالة	3.12
ضالع	2.30
ضام	2.14
ضامخ	0.00
ضامد	0.00
ضامر	2.50
ضامن	3.04
ضان	2.60
ضاهى	1.26
ضاوي	2.27
ضاى	0.00
ضايق	2.48
ضايقتم	0.00
ضايقتن	0.00
ضايقنا	1.26
ضايقي	0.00
ضبا	2.39
ضبائر	0.00
ضباب	3.38
ضبابي	2.59
ضباح	1.08
ضبارة	0.00
ضباط	4.56
ضباع	2.54
ضبان	2.04
ضبب	0.00
ضبة	2.44
ضبث	0.00
ضبج	0.00
ضبح	1.19
ضبد	0.00
ضبر	1.08
ضبس	0.00
ضبط	4.39
ضبطة	1.48
ضبطية	1.94
ضبع	2.45
ضبعيات	0.00
ضبن	0.00
ضبور	0.00
ضبى	0.00
ضجاع	0.00
ضجة	3.96
ضجر	2.87
ضجع	0.00
ضجعة	1.28
ضجم	0.00
ضجيج	3.73
ضحا	1.78
ضحاة	0.00
ضحاك	2.08
ضحايا	4.58
ضحك	4.09
ضحكة	3.86
ضحكتم	1.41
ضحكتن	0.00
ضحكن	1.09
ضحكنا	2.88
ضحكوا	2.81
ضحكي	1.97
ضحل	2.73
ضحو	1.65
ضحوة	2.04
ضحوك	1.59
ضحى	3.79
ضحي	2.68
ضحية	4.37
ضخام	2.00
ضخامة	3.51
ضخز	0.00
ضخم	4.39
ضخمى	0.00
ضدئ	0.00
ضدن	0.00
ضدي	3.67
ضدية	1.24
ضديد	0.00
ضرا	2.76
ضراء	2.59
ضرائب	3.94
ضرائح	1.53
ضرائر	1.41
ضراب	1.97
ضرابة	0.00
ضراة	0.00
ضرار	3.04
ضراط	2.28
ضراع	0.00
ضراعة	1.24
ضرام	1.64
ضراوة	3.11
ضرب	4.74
ضربان	2.01
ضربة	4.56
ضربي	2.33
ضرة	1.81
ضرج	0.00
ضرح	0.00
ضرر	4.20
ضررة	0.00
ضرس	3.09
ضرط	1.73
ضرع	2.23
ضرعاء	0.00
ضرعة	0.00
ضرغام	2.67
ضرك	1.91
ضرم	1.62
ضرمة	0.00
ضرو	1.43
ضروب	3.22
ضرورة	4.52
ضروري	4.42
ضروريات	3.06
ضروس	2.82
ضروط	0.00
ضروع	1.38
ضرى	1.30
ضري	1.92
ضريب	1.54
ضريبة	4.05
ضريبي	2.93
ضريج	0.00
ضريح	3.91
ضرير	2.68
ضريس	1.57
ضريع	1.04
ضريم	0.00
ضزن	0.00
ضعا	1.36
ضعاف	3.37
ضعة	2.05
ضعز	0.00
ضعضع	0.00
ضعط	1.96
ضعف	4.83
ضعفاء	3.63
ضعفتم	1.10
ضعفتن	0.00
ضعفن	0.00
ضعفنا	2.99
ضعفوا	2.09
ضعن	1.31
ضعوا	2.94
ضعي	3.90
ضعيف	4.44
ضغا	0.00
ضغاء	0.00
ضغائن	2.30
ضغاط	1.14
ضغان	0.00
ضغب	0.00
ضغبوس	0.00
ضغث	0.00
ضغط	4.78
ضغطة	3.10
ضغل	0.00
ضغم	0.00
ضغمة	0.00
ضغن	0.00
ضغنة	0.00
ضغوط	3.98
ضغينة	2.75
ضفا	0.00
ضفائر	2.59
ضفادع	2.95
ضفاف	3.83
ضفة	3.53
ضفد	0.00
ضفدع	3.44
ضفدعة	2.15
ضفدعيات	0.00
ضفر	2.08
ضفز	0.00
ضفس	0.00
ضفط	1.49
ضفع	0.00
ضفف	0.00
ضفق	0.00
ضفن	0.00
ضفور	0.00
ضفير	0.00
ضفيرة	2.55
ضكز	0.00
ضلائع	0.00
ضلال	3.31
ضلالة	3.31
ضلة	1.18
ضلع	3.48
ضلعج	0.00
ضلعي	2.50
ضلل	2.19
ضللة	0.00
ضلوع	3.17
ضلي	1.79
ضليع	2.51
ضليل	1.32
ضمائد	0.00
ضمائر	2.98
ضماد	2.47
ضمادة	2.73
ضمار	1.40
ضمان	4.65
ضمانة	3.29
ضمة	2.82
ضمج	0.00
ضمخ	0.00
ضمد	2.89
ضمر	1.88
ضمران	0.00
ضمرة	2.61
ضمز	0.00
ضمس	0.00
ضمضم	1.84
ضمضمة	0.00
ضمن	5.49
ضمناء	0.00
ضمنة	0.00
ضمنى	1.89
ضمني	3.56
ضمور	3.05
ضمى	1.66
ضمي	2.37
ضمير	3.97
ضميم	0.00
ضميمة	1.59
ضمين	0.00
ضنئ	0.00
ضنا	2.37
ضنائن	0.00
ضنانة	0.00
ضنب	0.00
ضنط	0.00
ضنك	2.92
ضنى	1.83
ضني	1.94
ضنين	1.63
ضهب	0.00
ضهت	0.00
ضهد	0.00
ضهر	3.21
ضهز	0.00
ضهس	0.00
ضهل	0.00
ضهي	0.00
ضهياء	0.00
ضوء	4.74
ضوءوا	0.00
ضوؤوا	0.00
ضوئتم	0.00
ضوئتن	0.00
ضوئنا	0.00
ضوئي	3.41
ضوا	0.00
ضوائع	0.00
ضوائق	0.00
ضوائم	0.00
ضوائن	0.00
ضوابط	3.66
ضواة	0.00
ضواتم	0.00
ضواتن	0.00
ضواجع	0.00
ضواح	1.67
ضواحك	0.00
ضواحي	4.08
ضوار	1.53
ضوارب	0.00
ضوارع	0.00
ضواري	1.72
ضواغط	1.95
ضواغن	0.00
ضواغيط	0.00
ضوافي	0.00
ضوال	0.00
ضوامر	0.00
ضوامن	0.00
ضوان	0.00
ضوانا	0.00
ضواية	0.00
ضوجع	0.00
ضودد	0.00
ضوددتم	0.00
ضوددتن	0.00
ضوددن	0.00
ضوددنا	0.00
ضوددوا	0.00
ضور	1.48
ضوضاء	3.36
ضوط	0.00
ضوقى	0.00
ضوى	1.80
ضوي	1.86
ضويق	0.00
ضويقتم	0.00
ضويقتن	0.00
ضويقن	0.00
ضويقنا	0.00
ضويقوا	0.00
ضيء	0.00
ضياء	4.07
ضياع	3.99
ضياغم	0.00
ضيافة	3.48
ضير	3.22
ضيع	3.08
ضيعة	3.03
ضيعي	0.00
ضيغم	1.79
ضيف	4.37
ضيق	4.38
ضيقة	4.20
ضيقى	0.00
ضيكلة	0.00
ضيم	2.39
ضيوف	4.04
ضيوم	0.00
ضيون	0.00
طؤوا	0.00
طئي	0.00
طاء	2.10
طائر	4.25
طائرة	4.82
طائش	2.77
طائع	1.86
طائف	2.64
طائفة	4.18
طائفي	3.60
طائفية	3.88
طائل	3.25
طاب	4.02
طابخ	1.62
طابع	4.23
طابعة	3.16
طابق	3.67
طابور	3.64
طابوق	2.12
طابون	1.12
طاجن	2.43
طاجيكي	2.20
طاح	3.17
طاحل	0.00
طاحن	1.99
طاحون	2.29
طاحونة	3.26
طاخ	2.67
طاد	0.00
طار	3.66
طارئ	3.73
طارئة	3.99
طارة	2.35
طارت	3.42
طارح	1.88
طارحتم	0.00
طارحتن	0.00
طارحنا	0.00
طارحي	0.00
طارد	3.35
طارف	1.74
طارفة	0.00
طارق	4.67
طارمة	0.00
طاروا	2.50
طازة	2.13
طازج	3.27
طاس	1.70
طاش	3.02
طاط	1.70
طاطا	1.93
طاع	2.14
طاعة	4.03
طاعت	1.23
طاعم	1.45
طاعن	2.72
طاعوا	0.00
طاعون	3.01
طاغ	2.34
طاغوت	2.56
طاغي	2.16
طاغية	3.52
طاف	3.24
طافئ	0.00
طافة	1.47
طافح	2.07
طافر	1.73
طافي	1.90
طاق	2.65
طاقة	4.56
طاقم	4.42
طاقية	3.04
طال	4.30
طالب	5.05
طالبان	4.09
طالت	4.12
طالح	2.44
طالس	0.00
طالع	4.15
طالق	2.53
طالم	1.42
طالما	4.73
طالوا	0.00
طالوت	2.33
طام	1.62
طامة	2.02
طامث	1.18
طامح	2.16
طامر	1.34
طامس	1.36
طامع	2.48
طامن	0.00
طان	2.02
طاه	2.70
طاهر	4.11
طاهي	2.67
طاوح	0.00
طاوع	1.57
طاوعتم	0.00
طاوعتن	0.00
طاوعنا	0.00
طاوعي	0.00
طاول	2.23
طاولة	4.30
طاولتم	0.00
طاولتن	0.00
طاولنا	0.00
طاولي	0.00
طاووس	3.03
طاوي	2.04
طايب	1.27
طاير	2.62
طبا	2.09
طبائع	2.66
طبابة	1.75
طباخ	3.15
طباخة	2.60
طباشير	2.37
طباع	3.10
طباعة	4.04
طباق	2.05
طبال	2.64
طبالة	1.42
طباهج	0.00
طبب	2.10
طبج	0.00
طبخ	3.78
طبخة	2.75
طبر	2.18
طبرق	3.23
طبرية	2.66
طبز	1.04
طبشورة	1.01
طبطب	2.13
طبطبة	1.61
طبع	4.17
طبعا	4.98
طبعة	3.76
طبق	4.45
طبقة	4.30
طبقي	3.27
طبل	3.14
طبلة	3.07
طبلتم	0.00
طبلتن	0.00
طبلن	0.00
طبلنا	0.00
طبلوا	1.65
طبلي	1.72
طبلية	1.98
طبن	1.84
طبول	3.40
طبولوجي	0.00
طبى	2.65
طبي	4.20
طبيات	1.15
طبيب	4.70
طبيخ	2.47
طبيعة	4.71
طبيعي	4.82
طبيعيات	1.88
طبيعية	4.70
طبيق	1.73
طبيقة	0.00
طثا	0.00
طثر	0.00
طثرة	0.00
طجن	0.00
طحا	2.01
طحال	2.21
طحالب	3.09
طحان	2.33
طحث	0.00
طحر	0.00
طحرور	0.00
طحز	0.00
طحس	0.00
طحل	1.20
طحلاء	0.00
طحلاوات	0.00
طحلب	2.64
طحلبيات	0.00
طحماء	0.00
طحن	3.42
طحون	0.00
طحى	0.00
طحين	3.12
طحينة	2.21
طخا	0.00
طخار	0.00
طخاري	0.00
طخش	0.00
طخم	0.00
طرؤ	0.00
طرا	3.69
طراء	1.33
طرائد	2.09
طرائف	2.86
طرائق	3.41
طرابزون	3.37
طرابلس	4.47
طرابلسي	2.41
طرابيش	1.72
طراة	0.00
طراد	3.00
طراز	4.29
طرازة	0.00
طراف	2.17
طرافة	2.32
طراق	1.58
طراوة	2.28
طرب	3.37
طربتم	0.00
طربتن	0.00
طربن	0.00
طربنا	1.31
طربوا	0.00
طربوش	2.28
طربوق	0.00
طربي	2.06
طربيل	0.00
طرة	3.15
طرتم	0.00
طرتن	0.00
طرثوث	0.00
طرح	4.51
طرحة	2.54
طرحى	1.19
طرحي	2.31
طرخشقون	0.00
طرخون	1.48
طرد	4.48
طردي	2.58
طرر	1.32
طرز	3.10
طرس	1.48
طرش	2.14
طرشاء	1.30
طرشاوات	0.00
طرشة	1.26
طرشى	0.00
طرشي	1.62
طرط	0.00
طرطور	2.25
طرطوس	3.59
طرطوشة	1.38
طرف	4.91
طرفاء	0.00
طرفة	3.57
طرق	4.98
طرقات	3.45
طرقة	2.43
طرم	0.00
طرمبة	1.64
طرن	1.01
طرنا	2.36
طرو	1.39
طروب	1.96
طرود	2.90
طروس	0.00
طروق	1.40
طري	3.08
طريح	2.93
طريخ	0.00
طريد	2.24
طريدة	2.39
طريف	3.79
طريفة	3.46
طريق	5.66
طريقة	5.35
طسئ	0.00
طسا	0.00
طسع	0.00
طسل	0.00
طسم	2.12
طسوت	0.00
طسوج	0.00
طسى	0.00
طسي	0.00
طشقند	2.98
طعام	4.53
طعان	2.23
طعج	0.00
طعر	0.00
طعز	0.00
طعس	1.58
طعل	0.00
طعم	4.29
طعمة	3.28
طعمية	2.08
طعن	3.92
طعنة	3.37
طعوم	2.09
طغا	1.79
طغاة	2.97
طغر	0.00
طغراء	1.26
طغراءات	0.00
طغم	0.00
طغمة	2.16
طغى	3.43
طغي	1.66
طغيان	3.29
طغية	0.00
طفئ	1.33
طفئتم	0.00
طفئتن	0.00
طفئن	0.00
طفئنا	0.00
طفئوا	0.00
طفا	2.45
طفاة	0.00
طفاح	1.10
طفاحة	0.00
طفاطف	0.00
طفاطيف	0.00
طفال	1.93
طفاوة	1.08
طفاية	2.63
طفت	2.98
طفح	3.54
طفحان	0.00
طفحة	0.00
طفذ	0.00
طفر	1.85
طفرة	3.68
طفس	2.26
طفش	1.95
طفطاف	0.00
طفطافة	0.00
طفطف	1.24
طفطفة	0.00
طفف	1.29
طفق	1.91
طفل	5.00
طفن	0.00
طفو	2.50
طفوتم	0.00
طفوتن	0.00
طفوح	1.49
طفول	1.28
طفولة	3.61
طفولي	2.87
طفولية	2.88
طفون	0.00
طفونا	0.00
طفي	1.99
طفيف	3.78
طفيل	3.20
طفيلي	3.01
طقس	3.86
طقسي	2.01
طقطق	2.10
طقطقة	2.91
طقم	3.55
طقوس	4.03
طقوم	1.23
طلا	2.22
طلاء	3.89
طلائع	3.54
طلاب	4.71
طلاح	1.05
طلاسة	0.00
طلاسم	2.81
طلاع	2.07
طلاق	3.71
طلاقة	2.59
طلال	4.43
طلالة	1.04
طلاوة	1.74
طلب	5.24
طلبات	4.38
طلبة	4.26
طلبية	2.99
طلة	3.22
طلث	0.00
طلح	2.31
طلحة	3.50
طلس	1.70
طلسم	2.21
طلع	3.89
طلعة	3.49
طلغ	0.00
طلق	3.74
طلقاء	2.39
طلقة	3.73
طلقتم	1.56
طلقتن	0.00
طلقن	0.00
طلقنا	1.05
طلقوا	2.00
طلقي	1.10
طلل	1.63
طلم	0.00
طلمبة	1.83
طلمة	0.00
طلمس	0.00
طله	2.18
طلوب	1.50
طلوس	0.00
طلوع	3.70
طلول	0.00
طلى	1.75
طلي	2.79
طليس	1.56
طليطلة	2.59
طليعة	3.64
طليق	3.46
طليل	1.23
طما	2.47
طماح	1.59
طماس	0.00
طماطم	3.50
طماع	2.85
طماعة	2.08
طمان	2.27
طمانينة	2.97
طمث	2.01
طمح	2.20
طمحة	0.00
طمر	2.41
طمرة	2.21
طمس	3.13
طمسة	0.00
طمع	3.23
طمعاء	0.00
طمعة	0.00
طمغ	0.00
طمل	1.38
طمن	1.76
طموح	3.95
طمى	1.51
طمي	2.29
طنئ	0.00
طنا	0.00
طنابير	0.00
طناجير	0.00
طناز	0.00
طنافس	0.00
طنان	2.29
طنانة	2.19
طنب	2.65
طنبور	1.39
طنجة	3.92
طنجرة	2.43
طنجير	0.00
طنح	0.00
طنخ	0.00
طنز	0.00
طنطن	0.00
طنطور	1.01
طنف	1.66
طنفسة	0.00
طنن	0.00
طنوس	2.31
طنوف	0.00
طني	1.88
طنين	3.22
طها	1.06
طهاة	2.67
طهار	1.27
طهارة	3.28
طهاوة	0.00
طهاية	0.00
طهر	3.29
طهران	4.68
طهرة	1.89
طهري	1.55
طهس	0.00
طهش	0.00
طهق	0.00
طهل	0.00
طهو	2.53
طهور	2.70
طهى	2.29
طهي	3.49
طهير	1.51
طوائش	0.00
طوائع	0.00
طوائف	3.64
طوائل	0.00
طوابع	3.01
طوابق	3.72
طوابير	3.42
طوابين	0.00
طواة	0.00
طواجن	1.31
طواحن	1.34
طواحين	3.14
طوار	1.64
طوارئ	4.00
طوارف	0.00
طوارق	2.54
طواعم	0.00
طواعن	0.00
طواعية	3.29
طواعين	0.00
طواغي	0.00
طواغيت	2.36
طواف	3.26
طوافة	2.46
طوافح	0.00
طوافي	1.40
طوال	4.99
طوالب	0.00
طوالح	0.00
طوالع	1.97
طوالق	0.00
طوام	1.34
طوامح	0.00
طوامس	0.00
طوامع	0.00
طواهر	0.00
طواهي	0.00
طواويس	1.41
طوايا	0.00
طواية	0.00
طوب	3.39
طوبائي	0.00
طوبائية	0.00
طوباوي	1.71
طوباوية	2.04
طوبة	2.80
طوبى	3.43
طوح	1.81
طود	1.98
طور	4.15
طورح	0.00
طورحتم	0.00
طورحتن	0.00
طورحن	0.00
طورحنا	0.00
طورحوا	0.00
طوس	2.65
طوع	2.90
طوعا	3.58
طوعي	2.88
طوغ	0.00
طوف	2.67
طوفان	3.19
طوفة	1.33
طوق	3.73
طوقان	3.28
طوكيو	4.33
طول	5.08
طولق	0.00
طولى	2.25
طولي	3.34
طومار	1.42
طوهي	0.00
طووع	0.00
طووعتم	0.00
طووعتن	0.00
طووعن	0.00
طووعنا	0.00
طووعوا	0.00
طوول	1.90
طوولتم	0.00
طوولتن	0.00
طوولن	0.00
طوولنا	0.00
طوولوا	0.00
طوى	2.87
طوي	2.83
طويئفة	0.00
طوية	2.11
طوير	1.95
طويل	4.99
طويلة	5.27
طيار	4.39
طيارة	3.37
طياف	0.00
طيالس	0.00
طيالسة	0.00
طيان	0.00
طيانة	0.00
طيب	4.86
طيبات	2.85
طيبة	4.57
طيبى	0.00
طيبي	2.52
طيبيت	0.00
طية	2.59
طيح	1.86
طير	3.83
طيران	4.46
طيرة	2.76
طيروا	2.00
طيري	3.16
طيش	2.84
طيط	1.99
طيع	2.13
طيعت	0.00
طيعوا	1.01
طيف	3.77
طيفور	2.35
طيفورية	0.00
طيفي	2.66
طيقان	0.00
طيل	1.79
طيلة	4.52
طيلت	1.78
طيلسان	1.09
طيلوا	0.00
طين	3.58
طينة	2.99
طيهوج	0.00
طيور	4.14
طيون	1.29
ظئر	1.18
ظاء	1.45
ظاب	0.00
ظات	0.00
ظار	0.00
ظارف	0.00
ظاعن	1.57
ظاف	0.00
ظافر	3.24
ظالع	0.00
ظالف	0.00
ظالم	3.79
ظامئ	1.07
ظانة	0.00
ظاهر	3.84
ظاهرة	4.66
ظاهرتم	0.00
ظاهرتن	0.00
ظاهرنا	1.38
ظاهري	2.90
ظباء	2.41
ظباة	0.00
ظبي	4.14
ظبيات	1.02
ظبية	2.62
ظرائف	0.00
ظراب	0.00
ظرابي	0.00
ظرابين	0.00
ظرار	0.00
ظراف	1.42
ظرافة	2.02
ظران	0.00
ظرب	1.99
ظربان	2.14
ظرف	3.97
ظرفاء	2.45
ظرفى	0.00
ظرفية	2.80
ظروف	4.75
ظرى	0.00
ظري	0.00
ظريف	3.99
ظعائن	0.00
ظعن	1.21
ظعينة	1.39
ظفار	3.57
ظفر	3.38
ظفرة	1.65
ظلائم	0.00
ظلاع	0.00
ظلال	3.78
ظلالة	1.29
ظلام	3.85
ظلة	2.43
ظلت	4.35
ظلع	1.71
ظلعة	0.00
ظلف	1.11
ظلفة	0.00
ظلل	2.38
ظللتم	1.58
ظللتن	0.00
ظللن	1.30
ظللنا	2.74
ظللي	0.00
ظلم	4.14
ظلماء	2.35
ظلمان	1.08
ظلمة	3.60
ظلوا	3.57
ظلي	2.94
ظليف	0.00
ظليل	2.48
ظليم	1.58
ظليمة	1.74
ظمئ	1.46
ظما	2.76
ظماء	1.64
ظماءى	0.00
ظماة	0.00
ظمان	2.14
ظماى	1.92
ظمى	0.00
ظمي	0.00
ظمياء	0.00
ظنائن	0.00
ظنان	1.05
ظنانة	0.00
ظنة	1.63
ظنن	1.72
ظنون	2.48
ظني	3.61
ظنين	1.62
ظهائر	1.54
ظهار	1.74
ظهارة	1.31
ظهر	5.09
ظهرئذ	0.00
ظهران	2.73
ظهرة	2.72
ظهرذاك	0.00
ظهرى	2.10
ظهري	3.80
ظهور	4.81
ظهير	3.58
ظهيرة	3.41
ظوافر	0.00
ظوالع	0.00
ظوالم	0.00
ظوامئ	0.00
ظواهر	3.51
ظوهر	0.00
ظوهرتم	0.00
ظوهرتن	0.00
ظوهرن	0.00
ظوهرنا	0.00
ظوهروا	0.00
ظيان	0.00
عائب	1.16
عائد	4.05
عائدة	3.67
عائز	0.00
عائش	2.31
عائشة	4.44
عائق	3.53
عائقة	1.55
عائل	2.63
عائلة	5.15
عائم	3.00
عاب	2.75
عابئ	1.73
عابث	2.66
عابد	3.75
عابر	3.74
عابس	2.88
عابط	0.00
عاتب	2.51
عاتق	3.79
عاتل	0.00
عاتم	1.52
عاتي	2.08
عاث	2.46
عاثر	2.64
عاج	2.66
عاجز	3.84
عاجف	0.00
عاجل	4.48
عاجم	0.00
عاجن	0.00
عاجي	2.48
عاد	5.05
عادة	5.20
عادت	4.60
عادس	0.00
عادل	4.71
عادم	2.81
عادن	1.35
عادوا	3.92
عادى	3.70
عادي	4.72
عاذ	1.82
عاذب	0.00
عاذر	1.64
عاذق	0.00
عاذل	1.57
عار	4.33
عارب	1.13
عارة	2.69
عارج	0.00
عارش	0.00
عارض	3.95
عارضة	3.92
عارضي	2.53
عارف	4.31
عارق	0.00
عارك	1.94
عارم	3.11
عاري	3.55
عارية	4.17
عاز	1.85
عازب	3.19
عازر	2.55
عازف	3.87
عازل	3.29
عازم	3.28
عاس	1.11
عاسر	0.00
عاسف	2.01
عاسل	0.00
عاسوق	0.00
عاش	4.54
عاشب	1.25
عاشت	4.11
عاشر	3.30
عاشق	3.84
عاشوا	3.90
عاشوراء	3.94
عاص	2.65
عاصب	2.03
عاصد	0.00
عاصر	3.01
عاصف	3.16
عاصفة	4.54
عاصم	3.81
عاصمة	4.81
عاصى	1.80
عاصي	3.68
عاض	2.07
عاضد	1.35
عاضل	0.00
عاط	0.00
عاطر	2.09
عاطس	1.12
عاطش	1.19
عاطف	3.78
عاطفة	3.64
عاطفي	3.71
عاطل	3.78
عاطى	0.00
عاظل	0.00
عاف	1.98
عافر	1.38
عافس	0.00
عافن	0.00
عافى	1.30
عافي	1.77
عافية	3.20
عاق	2.65
عاقب	2.85
عاقبة	3.39
عاقبتئذ	0.00
عاقبتم	1.71
عاقبتن	0.00
عاقبنا	1.55
عاقبي	0.00
عاقة	1.79
عاقد	2.53
عاقر	2.75
عاقص	0.00
عاقف	0.00
عاقل	3.82
عاقم	0.00
عاقول	1.87
عاك	1.08
عاكر	0.00
عاكز	0.00
عاكس	2.95
عاكستم	0.00
عاكستن	0.00
عاكسنا	0.00
عاكسي	0.00
عاكف	3.00
عال	4.36
عالة	3.19
عالج	3.46
عالق	3.69
عالك	0.00
عالم	5.33
عالمي	4.50
عالمية	4.69
عالن	0.00
عالى	3.49
عالي	4.60
عام	6.09
عامئذ	1.09
عامة	5.02
عامد	1.74
عامذاك	0.00
عامر	4.61
عامش	0.00
عامل	4.83
عاملتم	0.00
عاملتن	0.00
عاملنا	2.42
عاملي	3.13
عامه	3.95
عامي	4.42
عان	2.58
عانة	2.59
عاند	2.27
عانز	0.00
عانس	2.69
عانق	2.85
عانى	4.15
عاه	1.60
عاهة	2.75
عاهد	2.86
عاهر	2.60
عاهرة	3.80
عاهل	3.21
عاهن	1.44
عاود	3.24
عاور	0.00
عاوص	0.00
عاوض	0.00
عاوق	0.00
عاوم	0.00
عاون	2.15
عاونتم	0.00
عاونتن	0.00
عاوني	1.57
عاوى	0.00
عاوي	0.00
عايد	3.32
عاير	1.54
عايش	3.53
عاين	2.56
عبء	3.94
عبا	2.52
عباء	1.34
عباءة	3.52
عباب	2.72
عباة	0.00
عباث	0.00
عباد	4.05
عبادة	4.23
عبار	2.47
عبارة	5.09
عباس	4.85
عباسي	2.87
عباط	0.00
عباية	2.61
عبب	0.00
عبت	2.07
عبث	3.79
عبثا	3.67
عبثة	0.00
عبثي	2.41
عبد	5.88
عبدة	3.63
عبدي	3.68
عبر	5.73
عبراني	1.85
عبرانية	1.74
عبرة	3.75
عبري	3.22
عبرية	3.15
عبس	3.61
عبسة	2.10
عبستم	0.00
عبستن	0.00
عبسن	0.00
عبسنا	0.00
عبسوا	0.00
عبش	0.00
عبشمي	0.00
عبط	1.76
عبعب	0.00
عبق	3.14
عبقر	2.09
عبقري	3.40
عبقرية	3.56
عبقسي	0.00
عبك	1.24
عبل	1.89
عبم	0.00
عبوة	3.69
عبودة	1.82
عبودية	3.54
عبور	4.26
عبوس	2.63
عبى	2.34
عبيثة	0.00
عبيثران	1.30
عبيد	4.54
عبير	3.96
عبيط	2.44
عتا	1.68
عتائد	0.00
عتاب	3.34
عتاة	2.65
عتاد	3.15
عتاق	1.48
عتال	1.69
عتام	1.24
عتاهة	0.00
عتب	2.82
عتبة	3.95
عتد	1.84
عتر	2.03
عترة	1.79
عترس	0.00
عتف	0.00
عتق	3.36
عتقة	0.00
عتك	0.00
عتل	2.11
عتلة	2.13
عتم	2.64
عتمة	3.23
عتمريس	0.00
عتن	0.00
عته	2.21
عتي	2.00
عتيد	2.99
عتيرة	0.00
عتيق	3.62
عثا	1.45
عثاكيل	0.00
عثة	2.43
عثج	0.00
عثر	4.32
عثرة	3.28
عثكول	0.00
عثل	1.14
عثم	1.09
عثمان	4.78
عثماني	2.81
عثن	0.00
عثنن	0.00
عثنون	0.00
عثي	0.00
عجا	1.35
عجائب	3.79
عجائز	2.56
عجاب	2.22
عجاج	2.98
عجار	0.00
عجاز	1.42
عجاف	2.74
عجال	1.79
عجالة	3.07
عجام	1.04
عجان	2.01
عجاوة	0.00
عجب	3.84
عجبتم	0.00
عجبتن	0.00
عجبن	0.00
عجبنا	2.11
عجبوا	1.76
عجبي	2.84
عجة	2.71
عجج	0.00
عجر	1.39
عجرفة	2.28
عجرم	3.45
عجز	4.23
عجزة	2.28
عجس	0.00
عجف	0.00
عجفاء	1.47
عجفاوات	0.00
عجفى	0.00
عجل	4.05
عجلان	3.23
عجلة	4.12
عجلتم	0.00
عجلتن	0.00
عجلن	0.00
عجلنا	2.24
عجلوا	2.78
عجلى	1.16
عجم	2.65
عجماء	1.12
عجمان	3.55
عجماوات	0.00
عجمة	1.82
عجمي	3.18
عجن	2.14
عجناء	0.00
عجوة	2.64
عجور	2.07
عجوز	4.05
عجول	2.85
عجي	1.46
عجيب	3.87
عجيبة	3.69
عجيج	0.00
عجيزة	1.01
عجيل	2.63
عجين	2.85
عجينة	3.30
عدا	4.70
عداء	3.74
عداءة	2.36
عدائد	0.00
عداة	1.19
عداد	4.11
عدال	1.89
عدالة	3.92
عدان	1.48
عداوة	3.51
عدة	5.56
عدد	5.96
عددي	2.59
عدر	1.18
عدس	3.03
عدسة	3.95
عدسية	1.45
عدف	1.19
عدق	0.00
عدك	2.26
عدل	4.20
عدلاء	0.00
عدلة	2.08
عدلي	3.48
عدلية	2.10
عدم	5.54
عدماء	1.13
عدمية	2.27
عدن	4.62
عدنان	4.34
عدني	2.79
عدو	4.29
عدوان	3.70
عدواني	3.13
عدوة	3.27
عدول	2.34
عدولة	1.29
عدوى	3.96
عدوي	3.46
عدى	3.59
عدي	3.93
عديد	4.05
عديل	2.88
عديم	4.00
عذا	2.48
عذاب	4.10
عذار	2.06
عذارى	2.64
عذال	1.30
عذب	3.80
عذبي	2.07
عذر	4.14
عذرا	4.11
عذراء	3.72
عذراوات	2.11
عذرة	2.41
عذري	2.83
عذف	0.00
عذق	1.90
عذل	1.66
عذلة	0.00
عذم	0.00
عذو	0.00
عذوبة	2.77
عذوق	1.69
عذول	0.00
عذي	0.00
عرا	1.79
عراء	2.12
عرائس	3.07
عرائش	1.71
عرائض	2.35
عرائك	0.00
عرائن	1.01
عراب	3.08
عرابين	1.59
عراة	3.17
عراجين	1.48
عرار	2.66
عراص	0.00
عراض	2.21
عراف	2.98
عرافة	2.80
عراق	3.63
عراقى	2.51
عراقي	4.34
عراقيب	1.33
عراقية	4.27
عراقيل	2.46
عراك	3.10
عرام	2.34
عران	1.40
عرانين	0.00
عرب	4.78
عربان	2.42
عرباني	1.23
عربة	4.16
عربد	1.79
عربدة	2.31
عربز	0.00
عربن	1.01
عربون	2.89
عربي	4.96
عربية	5.00
عربيد	2.36
عربيزي	0.00
عرة	2.06
عرت	2.05
عرج	3.05
عرجاء	2.69
عرجاوات	0.00
عرجون	1.74
عرجى	0.00
عرد	1.40
عرز	1.39
عرزال	1.72
عرس	3.85
عرسان	2.81
عرش	4.11
عرص	1.87
عرصة	1.68
عرض	5.33
عرضة	4.45
عرضحال	0.00
عرضي	3.59
عرط	0.00
عرطنيثا	0.00
عرعر	3.31
عرف	4.78
عرفاء	2.07
عرفات	4.23
عرفان	3.09
عرفاني	1.95
عرفانية	1.79
عرفاوات	0.00
عرفة	4.07
عرفج	1.77
عرفي	3.02
عرق	4.00
عرقاة	0.00
عرقان	1.99
عرقة	2.58
عرقسوس	2.08
عرقل	2.58
عرقلة	3.68
عرقوب	2.52
عرقون	0.00
عرقى	1.76
عرقي	3.52
عرقية	3.76
عرك	1.68
عرم	2.03
عرمة	1.34
عرمرم	2.18
عرمس	0.00
عرمض	0.00
عرن	1.51
عرناس	0.00
عرنسية	0.00
عرنين	0.00
عروب	2.05
عروبة	2.93
عروة	3.46
عروج	2.27
عروس	3.98
عروسة	3.26
عروش	2.95
عروض	4.74
عروق	3.36
عرى	3.16
عري	2.80
عريان	2.77
عريس	3.45
عريش	2.78
عريشة	1.84
عريض	3.80
عريضة	4.09
عريف	3.56
عريق	3.40
عريك	1.61
عريكة	1.86
عرين	3.11
عزا	3.21
عزاء	3.79
عزائم	2.49
عزاب	2.84
عزاز	2.54
عزاف	0.00
عزال	1.14
عزام	3.81
عزب	2.84
عزباء	3.07
عزباوات	0.00
عزبة	3.70
عزبتم	0.00
عزبتن	0.00
عزبن	0.00
عزبنا	0.00
عزبوا	0.00
عزة	3.87
عزج	0.00
عزد	0.00
عزر	2.10
عزرائيل	2.82
عزري	1.16
عزز	3.74
عزف	3.81
عزفة	1.28
عزق	1.62
عزل	4.48
عزلاء	2.09
عزلاوات	0.00
عزلة	3.76
عزم	3.97
عزما	2.76
عزمة	1.70
عزمي	3.45
عزو	2.82
عزوبة	1.45
عزوف	3.18
عزى	2.47
عزي	2.78
عزيب	0.00
عزير	2.72
عزيز	4.53
عزيف	1.41
عزيق	0.00
عزيم	1.51
عزيمة	3.57
عسا	2.16
عساس	2.27
عساف	3.59
عساقل	0.00
عساكر	3.63
عسال	2.29
عسالة	0.00
عسب	2.02
عسبق	0.00
عسج	0.00
عسجد	1.19
عسد	0.00
عسر	3.78
عسراء	1.58
عسراوات	0.00
عسرة	2.58
عسرى	0.00
عسس	1.48
عسعس	1.89
عسف	2.32
عسق	1.68
عسقل	0.00
عسقلان	3.01
عسك	1.23
عسكر	3.81
عسكري	4.71
عسل	4.03
عسلوج	1.14
عسلي	2.78
عسم	1.85
عسن	0.00
عسول	1.80
عسى	3.94
عسي	2.40
عسير	4.09
عشا	2.91
عشاء	4.08
عشائر	3.53
عشاب	1.42
عشار	1.69
عشارة	0.00
عشاري	2.09
عشاش	1.10
عشاق	4.04
عشاوة	0.00
عشايا	0.00
عشب	3.60
عشبة	3.50
عشة	2.54
عشتم	2.45
عشتن	0.00
عشد	0.00
عشر	5.63
عشراء	1.34
عشرات	4.68
عشرة	5.20
عشرون	4.01
عشز	0.00
عشش	2.33
عشط	0.00
عشق	3.94
عشقة	1.91
عشقي	2.93
عشم	2.61
عشن	2.34
عشنا	3.56
عشو	1.53
عشواء	2.02
عشواءات	0.00
عشوائي	3.99
عشوائية	4.06
عشواوات	0.00
عشور	1.77
عشوش	1.63
عشوى	0.00
عشى	1.96
عشي	2.43
عشيا	1.04
عشيب	0.00
عشية	4.11
عشيتئذ	0.00
عشيتذاك	0.00
عشير	2.28
عشيرة	3.89
عشيق	2.96
عصا	3.91
عصائب	2.58
عصائد	0.00
عصاب	2.10
عصابة	4.30
عصاة	2.80
عصار	1.53
عصارة	3.10
عصاعص	0.00
عصاعيص	0.00
عصافير	3.34
عصام	4.34
عصامي	2.65
عصب	3.60
عصبة	3.73
عصبي	3.88
عصبية	3.87
عصد	0.00
عصر	4.71
عصرة	2.36
عصرن	0.00
عصري	3.33
عصرية	3.45
عصعص	1.54
عصعوص	0.00
عصف	3.02
عصفر	1.68
عصفور	3.77
عصل	1.13
عصم	2.54
عصماء	2.30
عصماوات	0.00
عصمة	3.22
عصوف	0.00
عصى	3.35
عصي	3.29
عصيان	3.47
عصيب	3.29
عصية	3.22
عصيد	1.96
عصيدة	2.86
عصير	4.26
عصيفة	0.00
عضا	1.57
عضاة	0.00
عضادة	1.72
عضاض	1.76
عضب	1.97
عضد	2.85
عضر	1.09
عضل	2.70
عضلة	3.70
عضلي	3.30
عضه	2.66
عضو	5.14
عضوض	1.13
عضوي	3.65
عضوية	4.18
عضي	2.07
عطا	4.06
عطاء	3.98
عطار	2.76
عطارة	2.28
عطارد	3.31
عطاس	2.06
عطاش	2.20
عطاشى	2.01
عطاط	0.00
عطاف	2.55
عطال	1.58
عطالة	2.24
عطايا	2.92
عطب	2.81
عطر	4.04
عطرة	2.94
عطري	3.15
عطس	2.82
عطسة	2.33
عطستم	0.00
عطستن	0.00
عطسن	0.00
عطسنا	0.00
عطسوا	0.00
عطش	3.42
عطشان	3.15
عطشى	2.70
عطف	3.29
عطفة	1.91
عطل	3.88
عطلة	4.51
عطلتم	0.00
عطلتن	0.00
عطلن	0.00
عطلنا	1.97
عطلوا	2.33
عطلي	1.19
عطن	2.21
عطور	3.50
عطوف	2.66
عطى	2.01
عطية	3.97
عظا	0.00
عظاءة	1.69
عظائم	2.22
عظائيات	0.00
عظات	2.33
عظام	4.06
عظايا	0.00
عظب	0.00
عظة	2.80
عظر	0.00
عظل	0.00
عظم	4.13
عظماء	3.59
عظمة	4.04
عظمى	3.67
عظمي	3.33
عظميات	0.00
عظن	0.00
عظى	0.00
عظي	0.00
عظيم	5.01
عظيمة	4.52
عفا	3.63
عفاء	1.09
عفائف	0.00
عفاة	0.00
عفار	1.90
عفارم	1.66
عفاريت	2.97
عفاف	3.40
عفة	2.85
عفت	3.33
عفج	1.09
عفد	0.00
عفر	2.46
عفراء	2.52
عفراوات	0.00
عفرة	1.55
عفريت	3.27
عفس	1.65
عفش	3.77
عفص	1.53
عفصية	1.67
عفط	0.00
عفق	0.00
عفك	2.48
عفل	0.00
عفلقي	0.00
عفن	3.04
عفه	1.21
عفو	4.00
عفوا	4.24
عفوتم	0.00
عفوتن	0.00
عفون	1.23
عفونا	1.94
عفونة	2.05
عفوي	3.41
عفى	2.91
عفي	2.42
عفيتم	0.00
عفيتن	0.00
عفير	2.30
عفيف	3.68
عفين	0.00
عفينا	0.00
عقا	1.89
عقائد	3.23
عقائر	0.00
عقائف	0.00
عقائق	0.00
عقائل	1.01
عقائم	0.00
عقاب	4.10
عقابي	2.59
عقاد	2.21
عقادة	1.04
عقار	4.08
عقارب	3.67
عقاري	3.56
عقاعق	0.00
عقاف	1.07
عقافة	0.00
عقاق	0.00
عقاقير	3.34
عقال	2.94
عقام	0.00
عقب	4.85
عقبال	3.35
عقبان	2.00
عقبة	4.08
عقبى	2.41
عقد	5.13
عقداء	1.72
عقدة	4.13
عقدي	3.39
عقر	3.20
عقرب	3.35
عقربان	0.00
عقرة	1.66
عقرى	0.00
عقص	1.49
عقعق	1.21
عقف	0.00
عقفاء	0.00
عقفاوات	0.00
عقفى	0.00
عققة	0.00
عقل	4.42
عقلاء	2.96
عقلة	3.02
عقلن	0.00
عقلي	4.32
عقلية	4.05
عقم	2.83
عقماء	0.00
عقمي	1.26
عقوبة	4.40
عقود	4.59
عقور	1.62
عقوق	2.78
عقول	4.10
عقى	0.00
عقيان	0.00
عقيب	2.78
عقيد	3.62
عقيدة	4.07
عقير	1.59
عقيرة	0.00
عقيفة	0.00
عقيق	2.64
عقيقة	1.74
عقيلة	2.92
عقيم	3.50
عكا	3.94
عكار	3.30
عكارة	1.51
عكاز	2.81
عكاس	1.66
عكاف	0.00
عكاكيز	1.43
عكب	1.54
عكد	1.24
عكر	3.04
عكرش	1.51
عكروت	1.51
عكز	0.00
عكس	4.74
عكسة	1.33
عكسي	3.44
عكش	1.78
عكص	0.00
عكظ	0.00
عكف	2.77
عكفة	0.00
عكل	2.10
عكم	0.00
عكنن	0.00
عكوف	1.13
عكى	0.00
علا	4.04
علاء	4.41
علائق	2.18
علائل	0.00
علاب	0.00
علابي	0.00
علاة	1.85
علاج	4.90
علاجي	3.44
علاجيم	1.04
علاف	2.09
علاقة	5.19
علالي	1.61
علام	4.08
علامة	4.78
علانية	3.61
علاو	1.78
علاوة	4.49
علاوى	0.00
علاوي	3.46
علب	3.84
علباء	1.46
علبة	4.21
علة	3.70
علت	3.32
علث	0.00
علج	2.33
علجان	0.00
علجوم	1.85
علد	0.00
علز	0.00
علس	1.96
علض	0.00
علط	1.23
علف	2.92
علق	4.46
علقة	3.15
علقم	2.34
علقي	2.31
علك	2.89
علكة	2.69
علل	3.04
علم	5.36
علماء	4.81
علماني	3.38
علمانية	3.65
علمة	2.06
علمتم	3.09
علمتن	0.00
علمن	2.02
علمنا	4.24
علمنة	2.57
علموا	3.94
علمي	4.50
علمية	4.48
علن	2.47
علندى	0.00
علني	3.81
عله	3.16
علو	3.65
علوا	3.13
علوتم	0.00
علوتن	0.00
علوج	1.92
علوق	1.45
علوك	1.65
علوم	4.54
علون	1.52
علونا	1.50
علوي	3.81
على	7.18
علي	6.14
عليا	4.53
علياء	3.50
عليان	3.09
علية	4.28
عليتم	0.00
عليتن	0.00
عليق	2.32
عليل	2.99
عليم	3.82
علين	2.16
علينا	5.59
عليون	1.65
عما	5.05
عماء	1.58
عمائر	2.84
عمائم	2.36
عمات	2.39
عماد	4.40
عمادة	3.32
عماذا	1.56
عمار	4.32
عمارة	4.20
عمال	4.47
عمالة	4.16
عمالقة	3.58
عمالي	2.71
عمام	1.57
عمامة	2.94
عمان	5.14
عماني	3.59
عماية	1.76
عمة	3.70
عمت	3.81
عمج	1.23
عمد	4.01
عمدا	4.01
عمداء	2.75
عمدة	4.09
عمر	5.47
عمران	4.43
عمراني	2.74
عمرة	3.51
عمرو	4.87
عمروسة	0.00
عمري	4.54
عمس	1.73
عمش	1.63
عمشاء	1.49
عمشاوات	0.00
عمشى	0.00
عمط	0.00
عمق	4.32
عمقتم	0.00
عمقتن	0.00
عمقن	0.00
عمقنا	1.98
عمقوا	1.14
عمقي	1.56
عمل	5.74
عملاء	4.31
عملاق	4.06
عملاقي	1.63
عملة	4.17
عملي	4.52
عملية	5.53
عمم	2.64
عمن	4.23
عمه	4.35
عموا	1.78
عمود	4.11
عمودي	3.37
عمولة	3.48
عموم	3.95
عموما	4.66
عمومي	3.51
عموي	0.00
عمى	3.60
عمي	4.34
عمياء	3.64
عمياوات	0.00
عمية	1.95
عميتم	0.00
عميتن	0.00
عميد	4.08
عمير	3.47
عميرة	2.96
عميق	4.42
عميل	4.16
عميم	1.98
عمين	1.41
عمينا	1.26
عميى	0.00
عنا	4.66
عناء	4.04
عناب	2.39
عنابة	3.26
عنابر	2.62
عناجية	0.00
عناد	3.15
عنادل	1.29
عناس	0.00
عناصر	4.78
عنافق	0.00
عناق	3.59
عناقيد	2.99
عناكب	3.06
عنان	3.97
عنانة	1.08
عناوين	4.18
عناية	3.87
عنب	3.72
عنبة	2.44
عنبر	3.44
عنبروت	0.00
عنبس	1.09
عنة	3.24
عنت	2.89
عنتر	3.59
عنترة	3.08
عنج	1.97
عند	5.91
عندئذ	4.04
عندة	2.88
عندذاك	0.00
عندقت	1.49
عندل	1.25
عندليب	2.55
عندم	2.64
عندما	5.98
عنز	2.57
عنزة	3.49
عنزروت	1.50
عنس	2.13
عنسة	0.00
عنش	0.00
عنصر	4.41
عنصري	3.73
عنصرية	3.91
عنصل	0.00
عنعن	1.34
عنعنة	1.35
عنف	4.25
عنفقة	1.20
عنفوان	2.59
عنفى	0.00
عنق	4.07
عنقاء	2.46
عنقاوات	0.00
عنقود	2.85
عنك	5.11
عنكب	1.01
عنكبوت	3.15
عنكبيات	0.00
عنن	2.03
عننا	3.34
عننتم	0.00
عننتن	0.00
عنوان	4.94
عنوة	3.62
عنود	2.37
عنوز	1.26
عنوسة	1.41
عنوق	0.00
عنون	2.36
عنى	3.75
عني	5.10
عنية	1.82
عنيد	3.55
عنيف	4.18
عنين	2.18
عهاد	0.00
عهار	1.01
عهب	0.00
عهد	4.91
عهدة	3.03
عهر	2.18
عهل	0.00
عهن	0.00
عهود	3.51
عهيد	0.00
عواء	2.81
عواءة	0.00
عوائب	0.00
عوائد	3.35
عوائز	0.00
عوائش	0.00
عوائق	3.54
عوائل	3.65
عوائم	1.09
عوابئ	0.00
عوابث	0.00
عوابد	0.00
عوابر	0.00
عوابس	0.00
عواتب	0.00
عواتق	1.23
عواتم	0.00
عواتي	1.46
عواثر	0.00
عواجز	0.00
عواجل	0.00
عواد	3.48
عوادل	0.00
عوادي	1.62
عواذ	0.00
عواذل	0.00
عوار	2.48
عوارض	3.12
عوارف	1.74
عوارم	0.00
عواري	1.21
عوارية	0.00
عوازب	0.00
عوازف	0.00
عوازل	2.90
عوازم	1.09
عواشب	0.00
عواشر	0.00
عواشق	0.00
عواصب	0.00
عواصر	0.00
عواصف	3.35
عواصم	3.69
عواصي	0.00
عواطر	0.00
عواطف	3.46
عواطل	0.00
عوافي	2.02
عواق	0.00
عواقب	4.10
عواقد	0.00
عواقر	0.00
عواقل	0.00
عواكس	1.34
عواكف	0.00
عوال	1.72
عوالم	3.66
عوالن	0.00
عوالي	2.29
عوام	2.95
عوامة	2.67
عوامر	1.33
عوامل	4.38
عواند	0.00
عوانس	2.46
عواهر	1.71
عواهل	0.00
عواهن	0.00
عوج	2.70
عوجاء	2.04
عوجاوات	0.00
عوجى	0.00
عود	3.89
عودة	4.79
عودوا	3.32
عودي	3.14
عودية	2.09
عوذ	1.93
عوذة	1.09
عور	2.41
عوراء	1.86
عورات	2.81
عوراوات	0.00
عورة	3.54
عورتم	0.00
عورتن	0.00
عورن	0.00
عورنا	0.00
عوروا	0.00
عورى	0.00
عوري	0.00
عوز	3.52
عوزاء	0.00
عوزاوات	0.00
عوس	0.00
عوسج	1.80
عوسجة	1.92
عوص	1.80
عوصاء	0.00
عوصاوات	0.00
عوض	4.33
عوق	1.98
عوقب	3.01
عوقبتم	1.53
عوقبتن	0.00
عوقبن	0.00
عوقبنا	1.17
عوقبوا	1.93
عوكس	0.00
عوكستم	0.00
عوكستن	0.00
عوكسن	0.00
عوكسنا	0.00
عوكسوا	0.00
عول	2.21
عولم	1.72
عولمة	2.82
عوم	2.10
عومل	2.47
عوملتم	0.00
عوملتن	0.00
عوملن	1.04
عوملنا	1.04
عوملوا	1.89
عون	4.20
عوونتم	0.00
عوونتن	0.00
عوونوا	0.00
عوى	1.85
عويص	2.25
عويل	2.58
عوينات	2.02
عيا	2.08
عياء	1.90
عياب	1.29
عيادة	4.09
عياذ	1.26
عيار	4.07
عياش	3.68
عياط	2.45
عيال	3.69
عيان	3.97
عيانا	2.54
عياني	2.01
عيب	4.16
عيبة	1.63
عيد	5.27
عيدان	3.29
عيدت	1.20
عيدوا	1.23
عيدي	2.98
عيدية	2.47
عير	3.33
عيرات	0.00
عيسى	4.69
عيش	4.20
عيشة	3.42
عيشوا	2.54
عيشوم	0.00
عيشي	3.18
عيط	2.12
عيف	0.00
عيل	3.13
عيلام	2.59
عيلة	2.84
عيلولة	0.00
عيلى	0.00
عيم	1.59
عين	5.18
عينا	3.67
عينة	4.30
عيني	4.60
عينية	3.06
عيوب	4.05
عيون	4.51
عيي	1.85
غائب	3.65
غائر	2.79
غائص	1.41
غائط	2.39
غائلة	1.76
غائم	2.90
غائي	1.26
غاب	4.03
غابة	4.10
غابت	3.77
غابر	2.54
غابوا	2.61
غابورون	1.82
غابوي	1.52
غابي	3.14
غاث	1.62
غاج	1.01
غادة	4.03
غادر	4.45
غادق	0.00
غادي	3.15
غار	3.55
غارب	2.55
غارة	4.05
غارز	0.00
غارس	1.63
غارض	0.00
غارف	1.28
غارفيلد	2.79
غارق	3.38
غارم	2.15
غارى	1.35
غاريات	0.00
غاريقون	0.00
غاز	4.48
غازل	2.20
غازي	4.27
غاسق	2.14
غاسل	2.53
غاسول	1.41
غاش	2.33
غاشم	2.40
غاشية	1.75
غاص	2.57
غاصب	2.30
غاصة	1.57
غاصن	0.00
غاض	1.74
غاضب	3.94
غاط	1.57
غاطس	2.25
غاظ	0.00
غاف	2.12
غافث	0.00
غافر	3.17
غافق	1.08
غافل	3.02
غاق	1.62
غال	3.53
غالب	4.25
غالبية	4.42
غالط	1.89
غالظ	0.00
غالف	1.32
غالق	1.90
غالى	3.18
غالي	3.97
غاليا	3.47
غاليوم	1.53
غام	2.26
غامبيا	3.37
غامر	3.08
غامز	0.00
غامس	0.00
غامض	3.95
غامق	3.24
غان	3.42
غانا	4.14
غانم	4.11
غاني	3.12
غاوي	2.49
غاي	3.76
غايا	2.78
غايب	3.27
غاية	4.70
غاير	2.28
غايظ	0.00
غبا	0.00
غباء	4.01
غبار	3.93
غبان	1.39
غباوة	2.13
غبب	0.00
غبتم	1.59
غبتن	0.00
غبث	0.00
غبج	0.00
غبر	2.77
غبراء	1.89
غبراوات	0.00
غبرة	2.43
غبس	1.15
غبش	1.85
غبشة	1.55
غبشية	0.00
غبص	0.00
غبط	0.00
غبطة	2.32
غبغب	0.00
غبق	0.00
غبن	2.67
غبنا	2.41
غبوب	0.00
غبوة	0.00
غبي	4.17
غبيب	0.00
غبيراء	1.72
غبيرة	1.34
غبين	1.40
غبينة	1.18
غترة	1.80
غتل	0.00
غتم	0.00
غثا	1.83
غثاء	2.56
غثر	0.00
غثم	0.00
غثى	1.56
غثي	0.00
غثيان	3.26
غثيث	1.56
غجر	2.59
غدا	5.10
غداء	3.80
غدائد	0.00
غدائر	0.00
غداة	3.35
غداتئذ	0.00
غداتذاك	0.00
غدار	2.72
غدارة	2.24
غدامس	2.39
غدايا	0.00
غدة	3.14
غدد	2.90
غدر	3.42
غدران	1.87
غدرة	1.87
غدف	0.00
غدق	1.70
غدن	1.77
غدو	2.22
غدوات	0.00
غدوة	2.51
غدى	2.19
غدي	2.88
غدية	1.99
غدير	3.49
غديرة	1.56
غذا	2.62
غذاء	4.03
غذم	0.00
غذى	2.32
غرا	2.71
غراء	2.70
غرائب	3.44
غرائر	1.09
غرائز	2.71
غرائس	0.00
غراب	3.50
غرابة	3.68
غرابيات	0.00
غرابيب	1.79
غرابيل	2.30
غرار	4.35
غرارة	1.86
غراريف	0.00
غراز	1.30
غراس	2.94
غراسة	1.42
غراف	2.66
غرافيت	1.32
غراق	0.00
غرام	4.14
غرامة	4.02
غرامي	3.90
غراندوق	0.00
غرانيت	2.04
غرانيق	0.00
غراوات	0.00
غرب	4.87
غرباء	3.87
غربال	2.68
غربالي	1.78
غربان	2.68
غربة	3.46
غربل	1.72
غربلة	2.40
غربي	4.21
غربيب	1.09
غربية	4.15
غرة	3.69
غرث	0.00
غرد	4.04
غردق	0.00
غرديب	0.00
غرر	2.99
غرز	3.04
غرزة	2.85
غرس	3.57
غرض	3.86
غرطر	0.00
غرغر	1.40
غرغرة	2.15
غرغري	0.00
غرغريات	0.00
غرف	4.41
غرفة	5.02
غرق	4.07
غرقئ	0.00
غرقة	2.13
غرقل	0.00
غرقى	2.24
غرل	1.59
غرلة	0.00
غرم	2.95
غرماء	1.47
غرمول	1.37
غرن	1.70
غرناطة	3.86
غرنوق	1.24
غرو	3.35
غروب	3.91
غرور	3.36
غروى	0.00
غروي	1.94
غرى	0.00
غري	3.01
غريب	4.83
غريبة	4.55
غريد	2.13
غرير	3.37
غريزة	3.32
غريزي	2.68
غريس	3.51
غريسة	1.18
غريض	1.35
غريق	2.58
غريم	3.15
غرين	3.70
غزا	3.46
غزاة	2.95
غزار	1.51
غزارة	3.04
غزال	3.65
غزالة	3.20
غزاوة	0.00
غزاوي	2.72
غزة	5.12
غزر	1.88
غزرى	0.00
غزل	3.63
غزلان	3.07
غزلي	2.20
غزو	4.13
غزوات	2.96
غزوة	3.94
غزى	2.46
غزير	3.49
غسا	0.00
غسالة	3.22
غسالى	0.00
غسان	4.03
غساني	1.36
غسر	0.00
غسق	2.51
غسل	4.17
غسلة	2.21
غسلى	0.00
غسلي	1.91
غسم	1.26
غسن	0.00
غسول	3.04
غسي	0.00
غسيل	4.16
غشا	2.58
غشاء	3.88
غشائيات	1.26
غشاش	2.60
غشاوة	2.74
غشت	3.03
غشش	1.21
غششة	0.00
غشم	1.25
غشوم	1.51
غشى	2.08
غشي	2.14
غشية	1.68
غشيم	2.24
غصاب	1.98
غصب	3.03
غصبة	0.00
غصة	3.20
غصص	1.74
غصن	3.68
غصنة	0.00
غصون	2.79
غضا	2.33
غضائر	0.00
غضائض	0.00
غضاب	1.47
غضابى	0.00
غضار	0.00
غضارة	1.04
غضاريف	2.21
غضاض	0.00
غضاضة	2.33
غضب	4.54
غضبان	3.11
غضبة	2.54
غضبى	2.24
غضة	2.13
غضر	0.00
غضراء	0.00
غضروف	2.66
غضض	0.00
غضف	0.00
غضن	1.56
غضنفر	1.98
غضوب	1.98
غضون	4.61
غضي	1.82
غضير	0.00
غضيض	1.09
غطا	2.09
غطاء	4.40
غطارس	0.00
غطارفة	0.00
غطاريس	0.00
غطاريف	0.00
غطاس	3.23
غطاية	0.00
غطت	3.61
غطراف	0.00
غطرس	0.00
غطرسة	2.73
غطرف	0.00
غطرفة	0.00
غطروف	0.00
غطريس	0.00
غطريف	0.00
غطس	2.85
غطسة	1.92
غطش	0.00
غطف	0.00
غطل	0.00
غطى	3.59
غفا	2.15
غفائر	0.00
غفار	2.89
غفارة	0.00
غفال	0.00
غفر	3.69
غفران	3.15
غفرة	1.27
غفق	0.00
غفقة	0.00
غفل	3.28
غفلة	3.66
غفوة	3.20
غفور	3.31
غفول	0.00
غفى	1.85
غفي	1.69
غفير	3.00
غفيرة	2.85
غلا	3.16
غلاء	3.56
غلائل	0.00
غلاب	3.30
غلاة	2.73
غلاظ	2.01
غلاف	4.16
غلال	2.28
غلالة	2.18
غلام	3.77
غلامية	0.00
غلاية	2.85
غلايين	0.00
غلب	3.43
غلباء	0.00
غلبة	3.22
غلبي	2.00
غلة	2.66
غلت	1.94
غلث	0.00
غلثى	0.00
غلج	0.00
غلس	1.86
غلط	3.77
غلطارية	0.00
غلطة	3.99
غلطتم	0.00
غلطتن	0.00
غلطن	0.00
غلطنا	1.74
غلطوا	1.70
غلظ	2.30
غلظة	2.16
غلغل	0.00
غلف	3.02
غلفة	1.28
غلفي	1.98
غلق	3.88
غلقة	1.61
غلل	1.14
غلم	1.65
غلمان	2.59
غلمة	1.70
غلمتم	0.00
غلمتن	0.00
غلمن	0.00
غلمنا	0.00
غلموا	0.00
غلن	2.35
غلو	2.74
غلوا	2.25
غلواء	1.60
غلى	3.59
غلي	3.25
غليا	1.61
غليان	2.97
غليتم	0.00
غليتن	0.00
غليزان	2.64
غليظ	3.21
غليل	2.50
غليلة	1.36
غلين	3.67
غلينا	1.75
غليون	2.92
غما	2.42
غمائم	0.00
غمار	3.51
غمارة	2.17
غماز	1.16
غمازة	2.01
غماش	0.00
غماض	0.00
غمام	2.18
غمامة	2.62
غمة	2.15
غمت	1.04
غمج	0.00
غمد	2.53
غمدية	1.60
غمر	3.50
غمرة	3.13
غمز	2.50
غمزة	2.51
غمس	2.69
غمش	0.00
غمشة	0.00
غمص	1.04
غمض	2.57
غمضة	2.89
غمط	1.50
غمغم	1.23
غمغمة	1.83
غمق	1.51
غمل	1.26
غملول	0.00
غمم	0.00
غمن	0.00
غمود	0.00
غموض	3.73
غموم	1.31
غمى	1.09
غمي	1.96
غمير	0.00
غميز	0.00
غميضة	1.71
غناء	3.90
غنائم	3.27
غنائي	3.48
غناة	0.00
غنام	3.06
غنان	0.00
غناوات	0.00
غنة	2.00
غنت	3.52
غنث	0.00
غنج	2.24
غندر	1.91
غندور	3.23
غنص	0.00
غنض	0.00
غنظ	0.00
غنم	3.56
غنميات	0.00
غنوصي	1.12
غنوصية	1.46
غنوم	2.02
غنى	4.20
غني	4.34
غنيان	1.86
غنيمة	3.49
غهب	0.00
غوائب	0.00
غوائر	0.00
غوائص	0.00
غوائل	1.47
غوائم	0.00
غوابر	0.00
غواة	0.00
غوادر	0.00
غوادي	0.00
غوارب	0.00
غوارز	0.00
غوارق	0.00
غوازي	0.00
غواسق	0.00
غواش	1.61
غواشي	0.00
غواص	2.91
غواصب	0.00
غواصة	3.44
غواضب	0.00
غواطس	0.00
غوافر	0.00
غوافل	0.00
غوال	0.00
غوالب	0.00
غوالظ	0.00
غوالي	2.24
غوام	2.82
غوامر	0.00
غوامز	0.00
غوامش	0.00
غوامض	1.99
غوامق	0.00
غواني	1.22
غوبر	1.72
غوث	2.79
غودش	0.00
غور	3.66
غوريلا	3.22
غوشنة	0.00
غوص	3.05
غوغاء	2.41
غوغائي	1.95
غول	3.70
غوى	2.10
غوي	2.33
غويانا	3.23
غويط	1.01
غيا	2.68
غياب	4.79
غيابا	3.08
غيابة	2.34
غيابي	3.49
غياث	3.37
غيار	3.36
غيارى	1.08
غياض	2.02
غيانا	2.64
غياهب	2.91
غيب	3.40
غيبة	3.28
غيبوا	1.85
غيبوبة	3.68
غيبي	2.63
غيث	3.56
غيد	2.11
غير	6.18
غيران	2.74
غيرة	3.62
غيرى	2.96
غيري	4.10
غيرية	1.86
غيس	1.97
غيشا	1.86
غيض	3.06
غيضة	1.60
غيط	2.15
غيطة	0.00
غيطلة	0.00
غيظ	2.75
غيلان	3.02
غيلة	2.17
غيلم	1.30
غيليزان	1.32
غيم	3.49
غيمة	3.16
غين	2.46
غينيا	4.27
غيهب	2.08
غيوب	1.16
غيوث	0.00
غيور	3.47
غيوم	3.47
فؤاد	4.53
فؤوس	2.03
فؤول	0.00
فئة	4.69
فئد	0.00
فئران	3.46
فئرة	0.00
فئق	0.00
فاء	2.51
فائت	2.06
فائدة	4.53
فائر	1.47
فائز	3.76
فائزة	2.88
فائض	3.55
فائق	4.06
فات	4.15
فاتح	3.94
فاتحة	3.66
فاتر	2.72
فاتق	2.39
فاتك	3.43
فاتن	3.71
فاتورة	3.92
فاتية	0.00
فاثور	0.00
فاج	2.01
فاجؤوا	0.00
فاجئ	2.53
فاجئن	0.00
فاجئوا	1.38
فاجئي	1.25
فاجا	3.36
فاجاتم	0.00
فاجاتن	0.00
فاجان	0.00
فاجانا	2.09
فاجر	3.23
فاجع	2.07
فاجعة	3.35
فاح	2.26
فاحش	3.29
فاحشة	3.31
فاحص	2.43
فاحل	0.00
فاحم	1.84
فاخ	0.00
فاخذ	2.19
فاخر	3.84
فاد	2.60
فادح	3.46
فادع	2.71
فادن	2.12
فادى	1.93
فادي	3.76
فاذة	0.00
فار	3.57
فارة	2.81
فارز	1.48
فارس	4.71
فارسي	3.77
فارسية	3.62
فارش	1.62
فارض	2.35
فارط	0.00
فارع	2.79
فارغ	3.96
فارق	4.21
فارقتم	1.54
فارقتن	0.00
فارقنا	2.28
فارقي	1.08
فارك	2.56
فارندة	0.00
فاره	1.84
فاروق	4.18
فاريات	0.00
فاز	4.75
فازر	1.37
فازع	1.59
فازورة	0.00
فاس	4.11
فاسح	0.00
فاسخ	1.32
فاسد	3.92
فاسر	1.75
فاسق	3.22
فاسية	1.39
فاش	2.76
فاشرا	0.00
فاشستي	1.27
فاشستية	0.00
فاشل	3.97
فاشي	2.73
فاشية	3.18
فاص	1.27
فاصح	0.00
فاصد	0.00
فاصل	3.70
فاصلة	3.62
فاصم	0.00
فاصوليا	2.70
فاض	3.15
فاضة	0.00
فاضح	3.38
فاضل	4.09
فاضي	3.49
فاطح	0.00
فاطر	3.22
فاطس	0.00
فاطم	1.97
فاطمة	4.46
فاطمي	2.20
فاطن	1.08
فاظ	0.00
فاع	1.73
فاعل	3.99
فاعلية	3.93
فاغ	1.55
فاغر	1.94
فاغرة	1.97
فاف	1.90
فافيلا	2.40
فاق	3.72
فاقة	2.33
فاقد	3.82
فاقر	0.00
فاقس	0.00
فاقص	0.00
فاقع	2.55
فاقعة	2.10
فاقم	2.28
فاقه	1.88
فاكر	3.77
فاكه	1.59
فاكهاني	0.00
فاكهة	3.88
فاكهية	1.26
فال	3.92
فالت	2.28
فالج	2.29
فالجي	0.00
فالح	3.57
فالس	2.94
فالق	2.77
فالك	3.05
فالوذ	0.00
فالوذج	0.00
فالونيا	0.00
فام	1.86
فان	4.93
فانا	3.89
فانكوفر	3.37
فانواتو	2.68
فانوس	3.01
فاني	3.67
فانيد	0.00
فاه	2.98
فاهم	3.68
فاو	0.00
فاوانيا	0.00
فاوض	2.52
فاى	2.30
فايش	1.46
فبراير	5.34
فبرك	1.94
فبركة	2.64
فتئ	2.16
فتا	2.28
فتاء	1.30
فتائت	0.00
فتائل	1.95
فتاة	5.03
فتات	3.24
فتاح	3.30
فتاحة	1.91
فتار	0.00
فتاش	1.01
فتاك	2.82
فتان	2.38
فتاو	0.00
فتاوى	3.79
فتاوي	2.68
فتة	2.42
فتت	2.32
فتح	5.02
فتحة	4.09
فتخ	0.00
فتخاء	1.44
فتر	2.41
فترة	5.41
فتش	3.12
فتشي	1.72
فتغ	0.00
فتق	3.03
فتك	2.79
فتكة	0.00
فتكر	0.00
فتل	2.45
فتلة	2.06
فتن	3.25
فتنة	4.12
فتو	2.07
فتوان	0.00
فتوة	2.50
فتوت	0.00
فتوح	3.19
فتوحات	3.02
فتور	2.68
فتوش	2.66
فتوق	1.84
فتون	2.44
فتوى	4.00
فتى	4.01
فتي	3.15
فتيات	4.36
فتيان	3.48
فتية	3.17
فتيت	1.45
فتيتة	0.00
فتيق	0.00
فتيل	3.58
فتيلة	2.27
فثئ	0.00
فثا	0.00
فثج	0.00
فثغ	0.00
فجئ	0.00
فجا	2.37
فجائع	1.70
فجائي	2.57
فجاة	4.65
فجاج	1.71
فجار	2.18
فجر	4.51
فجرة	2.12
فجري	2.31
فجس	0.00
فجش	0.00
فجع	2.56
فجل	2.82
فجم	0.00
فجوة	3.90
فجور	2.51
فجوع	0.00
فجي	1.34
فجيع	1.16
فجيعة	2.22
فحا	0.00
فحاش	1.31
فحاص	0.00
فحام	1.70
فحاو	0.00
فحاوى	0.00
فحاوي	0.00
فحث	1.64
فحج	2.02
فحس	1.50
فحش	2.13
فحشاء	1.68
فحشة	0.00
فحص	4.53
فحصة	1.80
فحض	1.46
فحفاح	0.00
فحفح	0.00
فحل	3.40
فحلة	1.34
فحم	3.43
فحمة	1.92
فحمي	1.91
فحواء	0.00
فحوص	3.20
فحول	3.05
فحولة	2.11
فحوم	0.00
فحوى	2.86
فحى	0.00
فحي	1.82
فحيح	1.93
فحيم	0.00
فخاخ	2.53
فخار	2.73
فخارة	0.00
فخاري	2.07
فخامة	3.82
فخت	0.00
فخج	0.00
فخخ	1.76
فخذ	3.50
فخر	4.24
فخري	3.38
فخز	0.00
فخش	0.00
فخفخ	0.00
فخفخة	0.00
فخم	3.48
فخمى	0.00
فخوخ	1.09
فخور	4.04
فداء	3.84
فدائي	2.58
فدائية	2.73
فداة	0.00
فداح	0.00
فداحة	2.92
فدادين	2.08
فدام	1.84
فدامة	0.00
فدان	3.88
فداوش	0.00
فدح	0.00
فدحة	0.00
فدخ	0.00
فدر	1.40
فدرالي	2.75
فدرالية	3.16
فدش	0.00
فدع	2.53
فدعة	0.00
فدغ	0.00
فدم	2.05
فدن	1.22
فدوم	0.00
فدوى	2.90
فدى	2.54
فدية	3.54
فذلك	4.08
فذلكة	1.68
فرا	0.00
فراء	2.99
فراءة	1.24
فرائد	2.33
فرائس	2.33
فرائش	0.00
فرائص	1.53
فرائض	2.56
فرات	3.23
فراتي	1.58
فراثة	0.00
فراجير	0.00
فراحى	0.00
فراخ	2.97
فراد	2.09
فرادة	2.03
فرادى	2.92
فراديس	1.77
فرار	3.52
فراريج	1.16
فراز	1.63
فرازين	0.00
فراس	3.78
فراسة	2.45
فراسخ	2.49
فراسيون	1.60
فراش	3.80
فراشة	3.57
فراشيات	0.00
فراض	0.00
فراط	1.10
فراطة	1.45
فراطيس	0.00
فراع	1.74
فراعنة	2.86
فراغ	4.14
فرافير	1.75
فراق	3.41
فراقد	0.00
فرامة	1.85
فرامل	3.08
فران	3.10
فراند	1.39
فرانق	0.00
فراه	2.05
فراهة	0.00
فراولة	2.96
فربيون	0.00
فرة	2.14
فرت	3.27
فرتك	1.26
فرث	1.70
فرثي	0.00
فرثيا	0.00
فرج	4.09
فرجار	1.69
فرجاري	0.00
فرجة	2.98
فرجون	0.00
فرجي	2.71
فرجية	0.00
فرح	4.29
فرحان	3.83
فرحة	4.02
فرحتم	0.00
فرحتن	0.00
فرحن	1.18
فرحنا	2.60
فرحوا	2.64
فرحى	1.48
فرخ	3.19
فرد	4.66
فردان	2.72
فردوس	3.29
فردى	2.34
فردي	3.90
فردية	4.13
فررة	0.00
فررتم	1.65
فررتن	0.00
فررن	0.00
فررنا	1.63
فرز	3.66
فرزان	1.62
فرزة	1.62
فرزدق	1.23
فرس	3.78
فرسات	0.00
فرسان	3.99
فرساي	2.88
فرسخ	2.75
فرسك	1.97
فرسى	1.29
فرش	3.53
فرشاة	3.56
فرشة	2.91
فرشح	1.56
فرص	4.63
فرصاد	0.00
فرصة	5.28
فرض	4.73
فرضا	3.39
فرضة	2.50
فرضي	2.55
فرضية	3.74
فرط	3.95
فرطة	0.00
فرطح	0.00
فرطس	0.00
فرطوسة	0.00
فرع	4.67
فرعة	1.78
فرعن	0.00
فرعون	4.13
فرعي	3.25
فرغ	3.42
فرفحين	0.00
فرفر	1.78
فرفور	2.30
فرفير	0.00
فرفيري	0.00
فرق	4.89
فرقاء	2.00
فرقاطة	2.56
فرقان	2.33
فرقة	4.72
فرقد	2.32
فرقع	2.06
فرقعة	2.71
فرقي	2.24
فرقيعة	0.00
فرك	3.19
فركاء	0.00
فرم	2.73
فرماء	0.00
فرماوات	0.00
فرمل	1.65
فرملة	2.25
فرمى	2.39
فرميون	0.00
فرن	3.72
فرنانة	1.54
فرنب	0.00
فرنجية	3.10
فرند	2.08
فرنس	2.14
فرنسا	5.09
فرنسي	4.36
فرنسية	4.26
فرنسيس	3.47
فرنك	3.72
فرنكات	2.14
فره	1.72
فرهة	0.00
فرهد	1.27
فرهى	0.00
فرو	3.02
فروة	3.50
فروج	2.69
فروح	2.26
فروخ	2.76
فرود	2.22
فرور	1.29
فروس	1.41
فروسية	2.71
فروش	1.97
فروض	2.88
فروع	4.18
فروق	3.36
فروقة	0.00
فروهة	0.00
فرى	2.27
فري	3.73
فريال	2.68
فرية	2.49
فريد	4.58
فريدة	4.37
فرير	2.18
فريس	2.40
فريسة	3.66
فريسي	1.92
فريش	2.99
فريصة	0.00
فريضة	3.72
فريغ	2.11
فريق	5.38
فريك	2.79
فريكة	2.23
فريكية	0.00
فزاعة	2.65
فزان	2.67
فزة	2.00
فزر	2.17
فزراء	0.00
فزرة	0.00
فزع	3.58
فزعة	2.86
فسئ	0.00
فسا	1.89
فساء	2.34
فسائل	2.06
فساتين	3.63
فساد	4.37
فساطيط	0.00
فسافس	0.00
فساق	1.79
فساقي	0.00
فسالة	0.00
فستان	4.11
فستق	2.80
فستقي	1.47
فسج	0.00
فسح	2.68
فسحة	3.50
فسخ	3.51
فسخة	0.00
فسد	3.44
فسدة	1.62
فسر	3.65
فسطاط	2.59
فسفاس	0.00
فسفاط	1.76
فسفس	1.33
فسفور	2.29
فسق	2.45
فسقة	1.97
فسقية	1.77
فسل	2.29
فسوق	2.72
فسيح	3.57
فسيفساء	2.78
فسيق	1.07
فسيلة	1.93
فشا	1.88
فشاء	1.75
فشار	3.06
فشاش	0.00
فشاغ	0.00
فشة	1.60
فشج	0.00
فشح	1.38
فشخ	2.78
فشع	1.26
فشغ	0.00
فشفش	0.00
فشق	2.77
فشقار	0.00
فشك	1.85
فشل	4.76
فشيش	0.00
فصائل	4.11
فصاحة	2.62
فصاد	1.17
فصاص	0.00
فصافص	0.00
فصال	2.15
فصام	2.61
فصة	1.91
فصح	2.78
فصحاء	1.81
فصحتم	0.00
فصحتن	0.00
فصحن	0.00
فصحنا	0.00
فصحوا	0.00
فصحى	2.65
فصخ	1.23
فصد	1.92
فصص	1.07
فصع	0.00
فصفص	1.38
فصفصة	0.00
فصل	4.81
فصلان	2.18
فصلة	2.21
فصلت	3.71
فصم	2.22
فصوص	2.98
فصول	4.04
فصى	0.00
فصيح	3.09
فصيد	0.00
فصيص	0.00
فصيل	3.78
فصيلة	4.03
فصيم	0.00
فضا	2.49
فضاء	4.42
فضائح	3.79
فضائل	3.48
فضائي	3.51
فضاح	1.38
فضاحة	1.31
فضال	1.72
فضالة	2.63
فضة	3.79
فضح	3.77
فضحة	1.72
فضخ	1.26
فضض	0.00
فضع	2.48
فضغ	0.00
فضفاض	2.95
فضفاضة	3.31
فضفض	1.92
فضل	4.55
فضلاء	2.46
فضلة	2.46
فضلى	2.02
فضلي	2.31
فضليات	1.32
فضول	3.52
فضولي	3.31
فضي	3.54
فضيحة	4.33
فضيل	2.96
فضيلة	3.93
فطئ	0.00
فطا	0.00
فطائر	3.49
فطاحل	2.01
فطار	2.69
فطام	2.07
فطان	0.00
فطانة	1.33
فطح	0.00
فطحاء	0.00
فطحاوات	0.00
فطحل	1.81
فطر	3.75
فطرة	3.18
فطري	3.14
فطريات	2.91
فطس	1.66
فطساء	0.00
فطساوات	0.00
فطسى	0.00
فطم	1.82
فطن	3.28
فطناء	0.00
فطنة	2.78
فطه	0.00
فطور	3.57
فطوم	2.37
فطومة	2.23
فطير	2.52
فطيرة	3.51
فطيس	2.52
فطيسة	1.10
فطيم	1.98
فطين	2.85
فظائع	3.03
فظاظة	2.30
فظاع	0.00
فظاعة	2.77
فظع	0.00
فظيع	3.52
فعال	4.39
فعالي	1.51
فعالية	4.43
فعر	0.00
فعل	5.36
فعلا	5.19
فعلة	3.36
فعلي	4.02
فعليا	4.35
فعلية	3.64
فعم	2.18
فغا	0.00
فغار	1.18
فغر	2.17
فغرة	1.47
فغم	0.00
فغي	1.17
فقا	2.31
فقاد	2.23
فقار	1.64
فقارة	1.62
فقاري	1.84
فقاريات	1.34
فقاس	1.01
فقاع	1.35
فقاعة	3.54
فقاقيع	2.47
فقح	1.12
فقخ	0.00
فقد	5.73
فقدان	4.58
فقدة	1.99
فقر	4.23
فقراء	3.85
فقرة	3.90
فقري	3.01
فقس	2.60
فقش	0.00
فقص	1.98
فقط	5.98
فقطي	0.00
فقع	2.30
فقعاء	0.00
فقعاوات	0.00
فقم	3.03
فقمة	2.75
فقميات	0.00
فقن	0.00
فقه	3.88
فقهاء	3.60
فقوا	0.00
فقوس	1.47
فقي	2.32
فقيد	2.90
فقير	4.07
فقيه	3.68
فكاك	2.43
فكاه	1.07
فكاهة	2.95
فكاهي	3.17
فكة	3.18
فكر	4.65
فكرة	5.30
فكرتم	2.25
فكرتن	1.13
فكرن	1.60
فكرنا	3.46
فكروا	3.72
فكري	4.17
فكع	0.00
فكك	2.97
فكن	3.35
فكه	3.20
فكهة	1.34
فكهى	0.00
فكوك	1.75
فلا	5.32
فلاة	1.89
فلاتج	0.00
فلاح	3.78
فلاحة	2.93
فلاسفة	3.15
فلاش	3.88
فلافل	2.92
فلاكة	0.00
فلان	4.14
فلاي	3.47
فلاية	0.00
فلبيني	3.31
فلة	3.27
فلت	2.82
فلتة	2.12
فلتر	3.39
فلج	2.48
فلح	2.54
فلحة	1.31
فلخ	0.00
فلذ	1.35
فلذة	2.80
فلز	2.31
فلزي	2.36
فلس	3.33
فلسطيزي	0.00
فلسطين	5.20
فلسطيني	4.41
فلسف	1.23
فلسفة	4.04
فلسفي	3.14
فلسقية	0.00
فلط	1.16
فلطح	0.00
فلع	1.01
فلغ	0.00
فلفل	3.45
فلق	2.79
فلقة	1.97
فلك	4.03
فلكة	1.89
فلكلور	2.40
فلكي	3.22
فلل	3.93
فلم	5.04
فلمنك	0.00
فلمنكي	1.39
فلنجة	0.00
فلو	4.27
فلوات	1.13
فلوح	1.70
فلور	3.03
فلورنسا	3.50
فلورنسي	1.45
فلوس	3.75
فلوق	1.96
فلوكة	1.41
فلول	3.13
فلى	2.12
فلي	3.04
فليفلة	2.03
فليق	1.55
فليكة	0.00
فلين	3.42
فلينة	1.20
فليو	1.03
فليون	0.00
فموي	2.98
فمويا	2.47
فناء	3.70
فناة	1.91
فناجين	2.60
فنادق	4.19
فنار	2.68
فنان	4.33
فنجان	3.79
فنح	1.58
فنخ	0.00
فند	2.48
فندق	4.73
فنزويلا	4.32
فنس	2.37
فنطاس	1.76
فنع	0.00
فنق	1.06
فنك	2.73
فنلندا	3.63
فنلندي	2.34
فنن	2.03
فنود	1.54
فنون	4.15
فني	4.48
فنيات	2.45
فنيك	1.09
فها	3.13
فهارس	2.52
فهام	1.85
فهد	4.67
فهر	2.91
فهرس	3.48
فهرسة	2.78
فهرست	2.46
فهرسي	1.04
فهق	0.00
فهم	5.11
فهماء	0.00
فهود	2.40
فهيم	3.21
فوا	2.78
فوائد	4.33
فوائر	0.00
فوائض	2.26
فوائق	0.00
فوات	3.87
فواتح	2.53
فواتر	0.00
فواتك	0.00
فواتن	0.00
فواجر	0.00
فواجع	1.94
فواحش	1.72
فواحص	0.00
فواحم	0.00
فوادح	0.00
فوادن	0.00
فوادي	2.07
فوار	2.47
فوارة	2.23
فوارز	0.00
فوارس	2.26
فوارض	0.00
فوارط	0.00
فوارع	0.00
فوارغ	2.05
فوارق	3.02
فواره	1.09
فوازر	0.00
فوازير	2.76
فواسد	0.00
فواسق	1.30
فواصل	3.41
فواضح	2.05
فواضل	1.41
فواضي	0.00
فواطر	0.00
فواطن	0.00
فواعل	1.35
فواغر	0.00
فواق	2.06
فواقد	1.38
فواقع	1.59
فواكه	3.46
فوال	2.24
فوالج	0.00
فوالذ	0.00
فوالك	0.00
فواني	0.00
فوانيس	2.59
فوبيا	3.36
فوة	2.22
فوت	3.78
فوتون	2.52
فوج	3.67
فوجئ	3.29
فوجئتم	0.00
فوجئتن	0.00
فوجئن	0.00
فوجئنا	2.24
فوجئوا	2.38
فوح	1.76
فود	3.12
فوذنج	0.00
فور	4.51
فورا	4.61
فوران	2.38
فورة	2.95
فورق	1.11
فورقتم	0.00
فورقتن	0.00
فورقن	0.00
فورقنا	0.00
فورقوا	0.00
فورما	1.81
فوري	4.05
فوز	4.63
فوزي	3.89
فوزية	3.43
فوسفور	2.15
فوشي	2.12
فوشية	0.00
فوض	3.00
فوضوي	3.32
فوضوية	3.38
فوضى	4.20
فوط	2.59
فوطة	2.58
فوف	2.10
فوفل	0.00
فوق	5.50
فوقاني	1.96
فوقة	2.11
فول	3.85
فولاذ	3.23
فولة	1.78
فولت	3.63
فونك	2.49
فونيم	1.16
فوه	2.63
فوهة	3.47
فويات	0.00
فيء	2.43
فيئة	1.06
فيا	0.00
فياصل	0.00
فياض	3.61
فياف	0.00
فيافي	2.07
فيالج	0.00
فيالق	2.75
فياهق	0.00
فيتامين	4.08
فيتق	0.00
فيتنام	4.20
فيج	2.76
فيجن	2.71
فيجي	3.23
فيح	2.04
فيحاء	2.17
فيديو	5.55
فيرمونت	3.40
فيرميوم	0.00
فيروز	4.01
فيروزج	0.00
فيروزي	2.23
فيروس	4.48
فيرومون	1.13
فيزياء	3.60
فيزيائي	3.19
فيزيقا	0.00
فيزيقي	0.00
فيش	3.76
فيصل	4.77
فيض	3.77
فيضان	3.53
فيف	2.94
فيفا	4.05
فيفاء	2.55
فيق	2.38
فيقة	0.00
فيل	4.28
فيلبس	3.28
فيلة	3.16
فيلجة	0.00
فيلسوف	3.41
فيلق	3.80
فيلم	5.45
فيليات	0.00
فيليب	4.48
فيليبوس	1.52
فيم	3.38
فيما	5.56
فيمن	3.98
فين	4.32
فينا	4.43
فينة	2.23
فينك	3.12
فيني	3.94
فينيقي	1.81
فينيقيا	2.13
فينيقية	2.16
فيه	6.00
فيهق	0.00
فيينا	4.06
قئب	0.00
قئتم	0.00
قئتن	0.00
قئم	0.00
قئن	0.00
قئنا	0.00
قاء	1.93
قاءت	0.00
قاؤوا	0.00
قائد	4.97
قائظ	1.93
قائف	0.00
قائل	3.15
قائلة	4.23
قائم	4.17
قائمة	5.32
قائمقام	2.37
قائوا	0.00
قاب	3.05
قابح	0.00
قابر	0.00
قابس	3.05
قابض	2.82
قابع	2.51
قابل	4.53
قابلة	4.50
قابلتم	1.10
قابلتن	0.00
قابلنا	2.72
قابلي	1.83
قابلية	3.86
قابيل	3.30
قات	2.55
قاتر	0.00
قاتل	4.37
قاتلتم	1.72
قاتلتن	0.00
قاتلنا	2.54
قاتلي	2.77
قاتم	2.95
قاتن	0.00
قاتيات	0.00
قاجار	1.47
قاجاري	0.00
قاجوج	0.00
قاح	1.69
قاحب	0.00
قاحط	0.00
قاحف	0.00
قاحل	2.40
قاحم	0.00
قاخ	0.00
قاد	4.29
قادة	4.77
قادت	3.86
قادح	2.26
قادر	4.77
قادس	2.70
قادم	4.27
قادوا	2.99
قادوس	2.02
قاديان	1.74
قاذر	0.00
قاذع	0.00
قاذف	2.88
قاذور	0.00
قاذورات	2.41
قار	3.46
قارئ	3.86
قارا	0.00
قارب	4.22
قارة	3.91
قارت	1.85
قارح	1.46
قارد	1.93
قارس	2.96
قارش	1.32
قارص	2.68
قارض	2.13
قارضتم	0.00
قارضتن	0.00
قارضنا	0.00
قارضي	0.00
قارط	0.00
قارع	2.55
قارعة	3.21
قارف	1.60
قارن	3.77
قارورة	3.32
قارون	3.14
قاري	3.30
قارية	2.82
قازب	0.00
قازم	0.00
قازوزة	0.00
قاس	3.86
قاست	2.32
قاسح	0.00
قاسر	0.00
قاسط	2.28
قاسم	4.37
قاسوا	2.06
قاسى	2.62
قاسي	3.88
قاشر	0.00
قاشط	0.00
قاشع	1.04
قاص	2.59
قاصب	0.00
قاصد	2.93
قاصر	3.58
قاصع	0.00
قاصف	1.86
قاصل	0.00
قاصم	1.72
قاصي	1.87
قاض	3.77
قاضب	0.00
قاضم	0.00
قاضى	3.00
قاضي	4.30
قاضية	3.43
قاطب	0.00
قاطبة	3.03
قاطر	1.65
قاطرة	3.11
قاطع	4.07
قاطعة	3.32
قاطعتم	0.00
قاطعتن	0.00
قاطعنا	1.84
قاطعي	2.04
قاطف	1.49
قاطن	2.27
قاطوب	0.00
قاطور	1.35
قاظ	0.00
قاع	4.06
قاعة	4.58
قاعد	3.75
قاعدة	4.94
قاعس	0.00
قاف	2.66
قافز	2.43
قافزة	2.14
قافش	0.00
قافص	0.00
قافل	2.07
قافلة	3.94
قافية	2.99
قاق	1.53
قاقلة	0.00
قاقم	0.00
قاقوم	0.00
قال	6.01
قالا	3.24
قالب	3.81
قالة	2.61
قالت	5.32
قالص	0.00
قالع	1.66
قالمة	2.78
قالوا	4.90
قالون	2.43
قاليقلا	0.00
قام	5.58
قامة	3.28
قامت	5.25
قامر	1.29
قامرتم	0.00
قامرتن	0.00
قامرنا	0.00
قامري	0.00
قامط	0.00
قامع	2.01
قاموا	4.71
قاموس	3.75
قان	2.50
قانئ	1.12
قانت	2.13
قانص	1.66
قانصة	1.41
قانط	1.04
قانع	2.63
قانون	5.28
قانوني	4.54
قانونية	4.60
قانى	0.00
قاني	2.11
قاهر	3.45
قاهري	1.56
قاوح	0.00
قاورمة	0.00
قاوق	0.00
قاول	1.38
قاوم	3.49
قاومتم	0.00
قاومتن	0.00
قاومنا	1.92
قاومي	1.88
قاووش	0.00
قاووق	2.03
قاوون	1.19
قاوي	1.01
قاى	0.00
قايس	2.00
قايستم	0.00
قايستن	0.00
قايسنا	0.00
قايسي	0.00
قايش	0.00
قايض	1.79
قايظ	0.00
قايين	2.17
قبا	2.42
قباء	3.22
قبائح	1.68
قبائع	0.00
قبائل	4.29
قبائلي	1.86
قبائلية	1.87
قباب	2.70
قباح	0.00
قباحة	2.11
قباحى	0.00
قباض	1.04
قباضة	1.26
قباع	1.21
قباقيب	1.13
قبال	2.77
قبالة	4.20
قبان	1.83
قبانة	0.00
قباني	3.63
قبب	2.13
قبة	3.87
قبث	0.00
قبج	0.00
قبح	3.11
قبحتم	0.00
قبحتن	0.00
قبحن	0.00
قبحنا	0.00
قبحوا	0.00
قبحى	0.00
قبحي	1.01
قبر	4.34
قبرة	2.81
قبرص	3.81
قبريات	0.00
قبس	2.79
قبسة	1.34
قبص	0.00
قبض	4.17
قبضاي	1.47
قبضة	4.06
قبضي	1.27
قبط	2.10
قبطان	3.49
قبطي	3.12
قبع	2.22
قبعة	3.89
قبقاب	1.65
قبقب	1.06
قبقبة	0.00
قبل	6.29
قبلئذ	1.55
قبلا	3.69
قبلة	4.19
قبلذاك	0.00
قبلما	2.35
قبلي	4.01
قبن	0.00
قبو	3.35
قبور	3.82
قبوري	1.16
قبوع	1.33
قبول	4.46
قبى	0.00
قبية	1.81
قبيح	3.68
قبيط	0.00
قبيعة	1.08
قبيل	4.38
قبيلة	4.54
قتا	1.97
قتات	1.66
قتاد	1.04
قتار	1.23
قتال	4.33
قتام	0.00
قتامة	2.73
قتب	1.72
قتبان	1.55
قتة	1.35
قتت	0.00
قتد	0.00
قتر	2.28
قترة	2.40
قتزال	0.00
قتع	0.00
قتل	5.42
قتلاء	0.00
قتلة	4.07
قتلى	4.21
قتلي	3.31
قتم	1.10
قتماء	0.00
قتماوات	0.00
قتمة	0.00
قتن	0.00
قتول	0.00
قتيبة	3.44
قتيل	4.03
قثا	0.00
قثاء	1.50
قثطرة	1.85
قثم	2.04
قثى	0.00
قحا	1.67
قحاب	2.49
قحاح	0.00
قحاف	0.00
قحافة	2.28
قحب	1.65
قحبة	2.69
قحث	0.00
قحد	0.00
قحر	0.00
قحز	0.00
قحص	1.23
قحط	2.67
قحف	2.12
قحفاء	0.00
قحل	1.47
قحم	1.45
قحولة	0.00
قحيط	0.00
قخا	0.00
قخر	0.00
قدا	2.34
قدائم	0.00
قداح	1.94
قداحة	1.94
قداد	1.31
قداديس	1.42
قدار	1.81
قدارة	2.05
قداس	3.53
قداسة	3.15
قدام	3.67
قدامى	3.61
قدة	1.79
قدح	3.34
قدد	2.00
قدر	4.97
قدرة	4.76
قدرى	2.54
قدري	3.76
قدس	3.57
قدستم	0.00
قدستن	0.00
قدسن	0.00
قدسنا	2.21
قدسوا	1.96
قدسي	2.69
قدسية	3.40
قدع	1.08
قدف	1.35
قدقود	0.00
قدم	5.20
قدماء	3.45
قدمة	2.56
قدمى	2.30
قدمي	3.96
قدو	2.12
قدوة	3.75
قدود	1.65
قدور	3.09
قدوس	3.30
قدوم	3.99
قدوى	0.00
قدى	1.66
قدي	2.43
قديد	2.39
قدير	3.80
قديرة	2.24
قديس	3.27
قديم	4.57
قديما	4.21
قذائف	3.79
قذاة	0.00
قذاذ	0.00
قذاذة	0.00
قذارة	3.15
قذاف	1.77
قذافي	1.95
قذال	0.00
قذالي	1.34
قذة	0.00
قذذ	0.00
قذر	3.67
قذع	0.00
قذعاء	0.00
قذعاوات	0.00
قذف	3.75
قذفة	1.97
قذق	0.00
قذل	0.00
قذم	1.19
قذوف	0.00
قذى	1.68
قذي	0.00
قذيف	0.00
قذيفة	3.77
قرؤوا	1.89
قرئ	2.74
قرئتم	0.00
قرئتن	0.00
قرئن	0.00
قرئنا	1.19
قرئوا	0.00
قرا	4.30
قراء	3.76
قراءة	4.94
قرائب	0.00
قرائح	1.09
قرائن	2.51
قراب	2.33
قرابة	4.45
قرابى	0.00
قرابين	2.76
قراة	2.66
قراتم	2.48
قراتن	0.00
قراح	1.75
قراد	2.44
قرار	5.23
قرارة	3.04
قراريص	0.00
قراريط	2.05
قراسيا	0.00
قراص	1.80
قراصنة	3.91
قراصيا	0.00
قراصيات	0.00
قراض	1.23
قراضة	1.36
قراطيس	1.97
قراع	1.45
قرامطة	1.77
قراميد	1.52
قران	3.58
قرانا	3.28
قراني	2.81
قرانيا	1.38
قرانيون	1.21
قراى	0.00
قرب	4.98
قربان	3.12
قربة	3.19
قربى	2.68
قربي	3.50
قرة	3.93
قرت	2.60
قرث	0.00
قرح	2.68
قرحاء	0.00
قرحاوات	0.00
قرحة	3.39
قرحى	0.00
قرد	3.73
قردان	2.47
قردة	3.10
قردي	1.58
قرر	4.81
قررة	1.15
قرري	1.86
قرس	0.00
قرسطون	0.00
قرش	3.74
قرشي	2.68
قرص	4.05
قرصان	3.03
قرصة	2.67
قرصعنة	0.00
قرصن	1.25
قرصنة	3.34
قرض	4.00
قرضئ	0.00
قرضامة	0.00
قرضة	1.43
قرضي	1.89
قرط	2.73
قرطاج	3.61
قرطاجي	0.00
قرطاس	2.40
قرطبة	3.49
قرطس	1.01
قرطم	0.00
قرظ	1.49
قرع	3.55
قرعاء	0.00
قرعاوات	0.00
قرعة	3.62
قرعى	0.00
قرعيات	0.00
قرف	2.98
قرفة	2.83
قرفص	1.16
قرفصاء	1.79
قرق	1.68
قرقر	2.55
قرقرة	2.03
قرقس	0.00
قرقع	0.00
قرقف	1.14
قرقور	1.97
قرلى	0.00
قرم	2.59
قرمد	0.00
قرمز	1.81
قرمزي	2.62
قرمط	2.00
قرمطي	1.16
قرمل	0.00
قرموط	1.17
قرميد	3.04
قرميدة	1.31
قرن	4.33
قرناء	2.47
قرنب	0.00
قرنبى	0.00
قرنبيط	2.17
قرنة	2.22
قرنفل	2.61
قرنوة	0.00
قرنيات	1.84
قرنية	2.88
قرنيط	0.00
قرنينة	0.00
قره	3.00
قرو	1.84
قروح	2.31
قرود	3.29
قرورة	1.35
قروسطي	1.31
قروش	3.24
قروض	3.83
قروعة	0.00
قرون	4.27
قروي	3.01
قرى	4.41
قري	3.23
قريب	4.89
قريبا	5.02
قرية	5.05
قريح	1.55
قريحة	2.15
قريدس	1.82
قرير	2.69
قريش	3.99
قريشي	2.89
قريض	1.32
قرين	3.34
قرينة	3.15
قزا	1.04
قزازة	1.80
قزامى	0.00
قزب	0.00
قزح	3.83
قزحة	0.00
قزحية	2.51
قزز	0.00
قزع	1.78
قزل	1.70
قزم	3.54
قزمة	2.55
قزوز	1.04
قزوين	3.42
قزيمي	0.00
قسا	3.09
قسائم	3.13
قساة	2.54
قساط	0.00
قساطل	1.51
قسام	2.56
قساوة	3.18
قساوسة	2.72
قسب	0.00
قستم	0.00
قستن	0.00
قستوس	0.00
قسح	0.00
قسر	1.97
قسط	3.68
قسطاس	0.00
قسطة	0.00
قسطر	1.59
قسطران	0.00
قسطرة	3.02
قسطل	2.18
قسطنطين	3.32
قسم	5.30
قسما	3.80
قسمة	3.42
قسمي	3.15
قسن	1.06
قسنا	1.95
قسوة	4.04
قسورة	2.09
قسوس	1.55
قسوى	0.00
قسى	2.19
قسي	2.37
قسيان	0.00
قسيس	3.32
قسيم	2.64
قشا	1.74
قشابية	0.00
قشار	0.00
قشارة	1.63
قشب	0.00
قشة	2.74
قشتالة	2.69
قشد	0.00
قشدة	2.27
قشدي	1.52
قشر	3.33
قشرة	3.79
قشريات	1.84
قشط	1.95
قشع	1.80
قشعريرة	2.82
قشف	1.04
قشقش	0.00
قشقشة	0.00
قشقوان	1.04
قشلة	1.68
قشم	2.14
قشوة	0.00
قشور	3.20
قشوش	0.00
قشيب	1.53
قشيش	0.00
قصا	1.89
قصائب	0.00
قصائد	4.16
قصاب	2.75
قصابة	0.00
قصاة	0.00
قصاج	0.00
قصاد	2.32
قصار	3.16
قصارة	1.78
قصارى	3.85
قصاص	2.97
قصاصة	2.78
قصاع	1.04
قصاف	0.00
قصالة	0.00
قصام	0.00
قصايا	0.00
قصب	3.64
قصبة	3.20
قصة	5.30
قصد	4.29
قصدا	2.99
قصدة	1.75
قصدير	2.64
قصر	4.70
قصرة	2.05
قصرما	0.00
قصرمل	0.00
قصرى	1.65
قصري	2.61
قصرية	1.73
قصص	4.92
قصصة	1.66
قصصي	3.23
قصع	1.20
قصعة	2.28
قصعين	0.00
قصف	4.53
قصفة	1.89
قصل	1.65
قصلان	0.00
قصلة	0.00
قصم	2.20
قصمة	0.00
قصور	4.08
قصوى	3.72
قصي	3.58
قصيب	1.54
قصيبة	1.66
قصيد	2.60
قصيدة	4.58
قصير	4.70
قصيف	1.21
قصيل	0.00
قضئ	0.00
قضاء	4.69
قضائي	3.94
قضاة	3.77
قضاض	0.00
قضاع	0.00
قضام	0.00
قضامي	0.00
قضايا	4.80
قضب	1.78
قضبان	3.68
قضبي	0.00
قضة	2.36
قضت	4.18
قضض	0.00
قضع	0.00
قضف	0.00
قضقض	0.00
قضم	2.88
قضمة	2.40
قضى	4.48
قضي	3.57
قضيب	3.68
قضيبة	1.32
قضيبي	2.52
قضية	5.13
قضيض	0.00
قضيم	1.01
قطا	2.69
قطائع	1.39
قطائف	1.26
قطائفي	0.00
قطاب	0.00
قطاة	1.68
قطار	4.34
قطارب	0.00
قطارة	2.15
قطاع	4.94
قطاعة	2.32
قطاف	2.56
قطافة	0.00
قطامي	1.85
قطامير	0.00
قطان	2.86
قطانيات	0.00
قطب	3.96
قطبة	2.40
قطبي	3.24
قطة	3.83
قطر	5.19
قطران	2.90
قطرب	2.05
قطربة	0.00
قطرة	4.00
قطرتم	0.00
قطرتن	0.00
قطرن	0.00
قطرنا	1.55
قطروا	0.00
قطري	3.75
قطط	3.42
قطع	5.02
قطعا	4.22
قطعان	3.24
قطعة	4.76
قطعي	2.95
قطعيا	2.64
قطعية	2.80
قطف	3.14
قطل	0.00
قطلب	0.00
قطلة	0.00
قطم	1.34
قطمة	1.69
قطمير	1.97
قطن	3.55
قطنة	2.34
قطني	2.84
قطور	2.14
قطورة	1.96
قطوف	2.54
قطي	2.27
قطيرة	0.00
قطيع	3.52
قطيعة	2.85
قطيفة	2.36
قطيفي	1.79
قطين	1.84
قعا	0.00
قعائد	0.00
قعاد	1.72
قعارى	0.00
قعاقع	0.00
قعال	0.00
قعب	1.28
قعث	0.00
قعد	3.18
قعداء	0.00
قعدة	2.52
قعر	3.37
قعران	0.00
قعرتم	0.00
قعرتن	0.00
قعرن	0.00
قعرنا	0.00
قعروا	0.00
قعرى	0.00
قعري	1.14
قعز	0.00
قعس	1.28
قعش	0.00
قعص	0.00
قعط	0.00
قعف	0.00
قعقع	1.20
قعقعة	2.30
قعم	0.00
قعن	0.00
قعوا	0.00
قعود	2.67
قعي	0.00
قعيد	2.34
قفئ	0.00
قفا	3.25
قفار	2.26
قفاز	2.74
قفازان	1.22
قفافيز	0.00
قفال	1.49
قفة	2.10
قفح	0.00
قفخ	0.00
قفد	1.83
قفر	2.41
قفرة	1.76
قفز	4.01
قفزة	3.61
قفزتم	0.00
قفزتن	0.00
قفزن	0.00
قفزنا	1.95
قفزوا	2.80
قفس	1.09
قفش	0.00
قفص	3.79
قفصة	2.89
قفط	2.61
قفطان	2.67
قفع	0.00
قفف	1.01
قفقف	0.00
قفقفة	0.00
قفل	3.96
قفلة	2.24
قفلوط	0.00
قفن	1.48
قفوا	2.68
قفى	2.83
قفي	2.55
قفير	1.72
قفيز	1.09
قفيزة	0.00
ققنس	0.00
قلا	2.23
قلاء	0.00
قلائد	2.48
قلائل	3.23
قلاب	2.52
قلاد	0.00
قلادة	3.66
قلاع	3.29
قلاقل	2.26
قلال	2.34
قلام	1.45
قلامة	1.80
قلانس	0.00
قلاووظ	1.39
قلايا	0.00
قلاية	2.18
قلب	5.01
قلبة	2.78
قلبي	4.83
قلة	4.64
قلت	5.24
قلح	1.04
قلخ	0.00
قلد	3.12
قلدي	1.20
قلز	0.00
قلس	1.59
قلص	3.21
قلع	2.93
قلعة	4.40
قلعي	2.32
قلف	1.78
قلفة	2.02
قلق	4.48
قلقاس	1.60
قلقاسة	0.00
قلقتم	0.00
قلقتن	0.00
قلقديس	0.00
قلقطار	0.00
قلقل	1.97
قلقلة	1.99
قلقن	0.00
قلقنا	2.63
قلقوا	1.51
قلل	3.60
قلم	4.27
قلما	3.68
قلمرية	0.00
قلمي	3.26
قلندر	1.69
قلندرية	0.00
قلنسوة	3.32
قلو	2.34
قلوب	4.51
قلوتم	0.00
قلوتن	0.00
قلوس	1.32
قلوص	1.01
قلوع	1.44
قلون	0.00
قلونا	0.00
قلوي	2.31
قلى	2.47
قلي	3.46
قليب	2.25
قلية	1.93
قليتم	0.00
قليتن	0.00
قليل	5.02
قليلا	5.03
قلين	2.52
قلينا	1.35
قليوب	2.57
قمؤ	0.00
قما	1.75
قمائن	1.31
قمار	3.13
قماري	1.70
قماش	3.94
قماشة	2.51
قماط	1.34
قماطر	0.00
قمام	1.27
قمامة	3.75
قمامية	0.00
قمبري	0.00
قمة	4.87
قمتم	3.27
قمتن	0.00
قمح	3.22
قمحة	1.66
قمحية	1.93
قمد	0.00
قمر	4.30
قمراء	1.53
قمران	2.39
قمراوات	0.00
قمرة	3.47
قمرقي	0.00
قمري	3.14
قمرية	2.68
قمز	0.00
قمس	0.00
قمش	1.21
قمص	1.99
قمصان	3.55
قمط	1.47
قمطة	0.00
قمطر	0.00
قمطرير	1.10
قمع	4.07
قمعة	1.63
قمقم	1.68
قمقمة	0.00
قمل	3.00
قملة	2.21
قمليات	0.00
قمم	3.61
قمن	2.85
قمنا	4.61
قمناء	0.00
قمنة	0.00
قمه	2.97
قمى	1.12
قميء	1.45
قميئة	1.85
قميحة	1.95
قميص	4.11
قمين	1.59
قنئ	0.00
قنا	3.88
قنابر	1.63
قنابرى	0.00
قنابل	4.10
قناة	5.33
قنات	2.40
قناديل	3.04
قنازع	0.00
قناص	3.72
قناصل	2.12
قناط	0.00
قناطر	2.53
قناطير	2.14
قناع	3.93
قناعة	3.73
قنافذ	2.12
قنان	1.89
قنانة	0.00
قناني	2.34
قنب	2.15
قنبر	2.51
قنبرة	1.94
قنبريس	0.00
قنبل	1.94
قنبلة	4.39
قنبيات	0.00
قنبيط	1.18
قنبيل	0.00
قنة	2.10
قنت	1.68
قنتة	0.00
قنجة	0.00
قنح	0.00
قند	2.00
قنداق	0.00
قندس	2.38
قندهار	3.36
قندي	1.31
قنديد	0.00
قنديل	3.70
قنزع	0.00
قنزعة	0.00
قنص	3.35
قنصل	2.95
قنصلية	3.66
قنط	1.67
قنطار	2.56
قنطر	0.00
قنطرة	3.00
قنطور	1.91
قنع	2.33
قنعان	0.00
قنعة	0.00
قنعي	0.00
قنغر	0.00
قنف	0.00
قنفذ	2.72
قنفذيات	0.00
قنقل	0.00
قنم	0.00
قنن	1.99
قنو	1.70
قنوات	4.60
قنوان	1.57
قنوة	0.00
قنوت	2.25
قنوط	2.01
قنوع	2.72
قنوم	0.00
قنى	1.35
قني	2.28
قنيبرة	0.00
قنينة	3.00
قهار	2.21
قهب	0.00
قهد	0.00
قهر	3.52
قهرة	1.26
قهري	2.89
قهز	0.00
قهقر	0.00
قهقه	1.52
قهقهة	2.10
قهقهتم	0.00
قهقهتن	0.00
قهقهنا	0.00
قهقهي	0.00
قهل	1.62
قهم	1.95
قهوة	4.28
قهوجي	2.78
قهي	1.13
قوا	2.44
قواء	0.00
قوائد	0.00
قوائظ	0.00
قوائل	0.00
قوائم	4.20
قوابض	0.00
قوابع	0.00
قوابل	0.00
قوات	5.31
قواتر	0.00
قواتل	0.00
قواتم	0.00
قواتن	0.00
قواحب	0.00
قواحط	0.00
قواحل	0.00
قواد	3.19
قوادر	0.00
قوادم	1.10
قواديس	1.21
قواذف	1.67
قوار	1.32
قوارئ	0.00
قوارب	3.87
قوارح	0.00
قوارس	0.00
قوارص	0.00
قوارض	2.64
قواري	1.32
قوارير	3.12
قواس	1.83
قواسح	0.00
قواسط	0.00
قواسم	2.91
قواسي	0.00
قواص	1.47
قواصد	0.00
قواصر	1.04
قواصف	0.00
قواصم	1.19
قواصي	0.00
قواضب	0.00
قواضم	0.00
قواضي	0.00
قواطب	0.00
قواطر	1.27
قواطع	2.87
قواطن	0.00
قواع	1.06
قواعد	4.75
قواف	1.57
قوافز	0.00
قوافل	3.56
قوافي	2.53
قوال	1.85
قوالب	3.79
قوالع	0.00
قوام	3.39
قواميس	2.78
قوانئ	0.00
قوانت	0.00
قوانط	0.00
قوانع	0.00
قواني	1.59
قوانين	4.75
قواهر	0.00
قواويق	0.00
قوبل	3.45
قوبلتم	0.00
قوبلتن	0.00
قوبلن	0.00
قوبلنا	0.00
قوبلوا	1.83
قوبية	0.00
قوة	5.26
قوت	3.77
قوتل	1.09
قوتلتم	0.00
قوتلتن	0.00
قوتلن	0.00
قوتلنا	0.00
قوتلوا	1.61
قود	3.04
قودوا	1.35
قودي	2.48
قور	1.77
قورح	1.37
قورض	0.00
قورضتم	0.00
قورضتن	0.00
قورضن	0.00
قورضنا	0.00
قورضوا	0.00
قوس	4.14
قوش	2.28
قوصرة	1.41
قوض	2.40
قوطع	1.50
قوطعتم	0.00
قوطعتن	0.00
قوطعن	0.00
قوطعنا	0.00
قوطعوا	0.00
قوطي	2.72
قوفز	0.00
قوق	1.91
قوقا	0.00
قوقع	1.46
قوقعيات	0.00
قول	5.07
قولب	1.28
قولة	3.24
قولنج	1.01
قولوا	3.76
قولون	2.62
قولي	4.27
قوم	4.47
قومة	2.34
قومر	0.00
قومرتم	0.00
قومرتن	0.00
قومرن	0.00
قومرنا	0.00
قومروا	0.00
قومى	3.28
قومي	4.30
قومية	4.05
قونكة	1.23
قونية	2.52
قووا	1.64
قووم	1.29
قوومتم	0.00
قوومتن	0.00
قوومن	0.00
قوومنا	0.00
قووموا	0.00
قوى	4.76
قوي	4.87
قويات	2.37
قويتم	0.00
قويتن	0.00
قويس	0.00
قويستم	0.00
قويستن	0.00
قويسن	0.00
قويسنا	2.40
قويسوا	0.00
قويم	2.34
قوين	1.46
قوينا	1.63
قيء	2.76
قيؤوا	0.00
قيئوا	0.00
قيئي	0.00
قيا	2.15
قياء	1.10
قياثر	0.00
قياد	2.28
قيادة	4.95
قيادمة	0.00
قياس	4.34
قياسا	3.10
قياسي	4.05
قياصرة	2.02
قيافة	1.52
قيام	4.82
قيامة	3.04
قيان	1.56
قيانة	0.00
قيثارة	3.34
قيح	2.32
قيد	5.06
قيدام	0.00
قيدت	3.15
قيدوا	2.41
قيدوم	1.97
قير	3.15
قيراط	3.31
قيروان	1.50
قيري	1.54
قيس	4.20
قيسارية	2.21
قيست	2.33
قيسوا	1.50
قيسي	2.32
قيشور	0.00
قيصر	3.85
قيصري	2.40
قيصرية	3.28
قيصوم	1.08
قيض	2.44
قيطان	1.45
قيطون	1.57
قيظ	1.86
قيعان	2.83
قيق	1.77
قيقب	2.13
قيل	4.74
قيلت	3.26
قيلوا	1.34
قيلولة	2.87
قيم	4.43
قيما	3.53
قيمة	4.99
قين	2.01
قينة	1.60
قيود	4.21
قيوط	1.81
قيوظ	0.00
قيوم	3.28
كؤود	1.32
كؤوس	3.58
كئب	0.00
كئيب	3.55
كاء	1.07
كائد	1.63
كائن	4.19
كاب	3.69
كاباء	0.00
كابة	3.10
كابت	2.03
كابح	2.44
كابد	1.87
كابر	2.77
كابس	2.83
كابش	0.00
كابل	3.87
كابلي	1.99
كابوس	3.68
كابوك	0.00
كابول	3.75
كابي	2.92
كاتالان	1.41
كاتب	4.74
كاتبتم	0.00
كاتبتن	0.00
كاتبنا	2.16
كاتبي	2.49
كاتف	0.00
كاتل	2.08
كاتم	3.40
كاتيون	1.38
كاثب	0.00
كاثر	1.94
كاثرتم	0.00
كاثرتن	0.00
كاثرنا	0.00
كاثري	0.00
كاثم	0.00
كاثوليك	2.64
كاج	0.00
كاح	0.00
كاحل	2.62
كاد	4.04
كاداء	2.00
كادت	3.86
كادح	2.53
كادر	3.43
كادس	0.00
كادمة	0.00
كادميوم	2.32
كادوا	3.30
كاذب	3.81
كاذي	0.00
كار	3.81
كاراتيه	2.84
كارب	2.62
كارة	1.92
كارثة	4.38
كارلوس	4.44
كارم	2.85
كاره	3.02
كارى	2.12
كاري	3.86
كارية	1.09
كاز	2.48
كازون	0.00
كاس	5.20
كاسات	2.66
كاسب	2.68
كاسبة	1.19
كاسة	2.42
كاسح	2.58
كاسحة	2.84
كاسد	1.52
كاسر	3.21
كاسف	1.48
كاسي	3.46
كاسيت	3.10
كاش	3.86
كاشح	1.01
كاشر	0.00
كاشط	1.50
كاشف	3.75
كاشم	0.00
كاص	0.00
كاظم	3.91
كاع	2.19
كاعب	0.00
كاغد	1.48
كاف	4.37
كافؤوا	0.00
كافئ	1.95
كافئن	0.00
كافئوا	0.00
كافئي	0.00
كافا	2.27
كافاتم	0.00
كافاتن	0.00
كافان	0.00
كافانا	0.00
كافة	4.97
كافح	3.08
كافر	3.74
كافل	2.58
كافن	1.49
كافور	2.71
كافي	4.44
كافيار	2.31
كاكا	0.00
كاكاو	2.89
كاكنج	0.00
كاكي	2.55
كال	3.51
كالب	2.68
كالح	2.17
كالسيوم	2.81
كالعادة	4.12
كالم	2.02
كالمتم	0.00
كالمتن	0.00
كالمنا	0.00
كالمي	1.54
كالوري	2.44
كالون	2.48
كاليتوس	0.00
كام	4.08
كامبودي	0.00
كامت	1.53
كامخ	0.00
كامد	1.98
كامش	1.07
كامل	5.27
كامليات	0.00
كاملية	1.12
كامن	3.18
كاميرا	4.38
كان	6.55
كانا	4.51
كانبرا	2.31
كانت	6.31
كانز	1.93
كانس	1.74
كانساس	3.48
كانف	0.00
كانما	3.67
كانوا	5.52
كانون	4.85
كاه	1.99
كاهل	3.32
كاهن	3.73
كاهنة	2.69
كاى	2.24
كايد	3.37
كايل	3.51
كاين	1.31
كبا	2.29
كبائر	2.89
كباب	3.19
كبابة	1.08
كباث	0.00
كباد	0.00
كبار	4.74
كباس	1.97
كباش	2.00
كباية	1.98
كبب	1.46
كبة	2.62
كبت	3.43
كبث	1.36
كبح	3.62
كبد	3.73
كبداء	0.00
كبر	4.10
كبراء	2.23
كبرة	2.11
كبرت	4.11
كبرى	4.54
كبري	3.55
كبرياء	3.40
كبريات	2.84
كبريت	3.29
كبريتة	1.04
كبس	2.57
كبسة	3.02
كبست	1.75
كبسول	2.04
كبسي	0.00
كبش	3.45
كبشة	2.26
كبع	0.00
كبكب	1.66
كبل	3.00
كبن	1.82
كبوة	2.60
كبوثل	0.00
كبود	2.22
كبودات	0.00
كبوسين	1.60
كبول	1.70
كبى	0.00
كبير	5.67
كبيرة	5.59
كبيس	1.43
كبيسة	2.42
كبيكج	0.00
كتا	2.14
كتائب	4.06
كتاب	5.38
كتابة	4.89
كتاتيب	2.22
كتاف	2.51
كتاكيت	2.20
كتام	0.00
كتان	2.61
كتاني	1.97
كتانيات	0.00
كتانية	1.75
كتب	5.44
كتبة	2.79
كتبي	3.20
كتبية	1.85
كتح	0.00
كتخدا	2.61
كتشب	1.87
كتشينة	0.00
كتع	0.00
كتف	3.67
كتكات	1.52
كتكت	1.76
كتكوت	2.74
كتل	3.75
كتلة	4.37
كتلوي	0.00
كتم	3.35
كتمان	3.15
كتمة	1.64
كتن	1.93
كته	1.53
كتوم	2.86
كتونة	0.00
كتيبة	3.97
كتيت	1.71
كتيف	1.09
كثا	0.00
كثار	2.05
كثاف	0.00
كثافة	4.03
كثب	3.93
كثبان	2.68
كثة	1.96
كثج	0.00
كثح	0.00
كثر	4.24
كثرة	4.42
كثرما	0.00
كثرى	0.00
كثري	1.70
كثع	0.00
كثف	2.63
كثل	1.54
كثلكة	0.00
كثم	0.00
كثيب	2.41
كثير	5.31
كثيرا	5.52
كثيراء	1.17
كثيف	3.81
كجرات	1.57
كجراتي	0.00
كحائل	0.00
كحب	2.61
كحث	0.00
كحص	0.00
كحل	3.63
كحلاء	1.38
كحلاوات	0.00
كحلي	2.56
كحول	3.27
كحولي	2.77
كحيل	2.64
كخم	0.00
كدئ	0.00
كدا	3.61
كداد	1.75
كداسة	0.00
كدتم	1.21
كدتن	0.00
كدج	0.00
كدح	2.09
كدر	2.67
كدرة	1.42
كدس	2.12
كدش	2.02
كدع	0.00
كدم	2.01
كدمة	2.97
كدن	1.45
كدنا	2.64
كده	4.40
كدود	1.03
كدى	1.54
كدي	2.87
كدية	1.97
كذا	4.42
كذاب	3.66
كذب	4.39
كذبة	4.08
كذلك	5.47
كذوب	2.32
كذين	0.00
كرا	2.54
كراء	2.13
كرائم	1.01
كرائه	0.00
كرابيج	1.63
كراث	2.24
كراج	2.92
كراخة	0.00
كرادلة	1.60
كراريس	1.97
كراز	1.34
كرازة	1.35
كراس	2.83
كراسة	3.16
كراسي	3.64
كراع	2.46
كراعي	2.36
كراكاس	2.99
كراكة	1.15
كراكوف	2.41
كراكي	1.16
كراكيز	0.00
كرام	3.25
كرامة	4.18
كراميل	2.77
كراني	2.00
كراه	1.31
كراهة	2.89
كراهية	3.83
كراويا	0.00
كراوين	0.00
كرب	3.36
كرباج	2.34
كرباس	0.00
كربة	3.00
كربلاء	4.17
كربن	1.26
كربوجة	0.00
كربون	2.88
كربونات	3.05
كرة	5.17
كرتن	0.00
كرث	0.00
كرج	2.33
كرح	0.00
كرخانة	1.13
كرد	3.75
كردستان	4.27
كردوس	2.14
كردون	1.73
كردي	3.58
كردينال	1.13
كرر	3.88
كرز	3.01
كرزة	1.69
كرزن	0.00
كرزية	1.76
كرس	3.66
كرسف	1.01
كرسنة	0.00
كرسوع	0.00
كرسي	4.32
كرش	3.08
كرشاء	0.00
كرشاوات	0.00
كرص	0.00
كرض	0.00
كرظ	0.00
كرع	1.25
كرف	2.11
كرفس	2.36
كرك	2.71
كركدن	1.97
كركديه	1.70
كركر	2.85
كركرة	1.65
كركم	2.24
كركند	2.02
كركوز	1.27
كركوك	3.82
كركي	2.57
كرم	4.25
كرماء	2.66
كرمة	2.87
كرمتم	0.00
كرمتن	0.00
كرمدانة	0.00
كرمن	1.44
كرمنا	2.61
كرموا	2.03
كرمى	2.47
كرمي	2.83
كرميات	0.00
كرنب	2.53
كرنبية	0.00
كرنتينة	0.00
كرنيب	1.09
كره	4.07
كرها	3.32
كرهة	1.08
كرهي	3.36
كرواتي	2.30
كرواتيا	3.96
كروان	2.54
كروب	2.97
كروبي	2.21
كروش	2.28
كروم	3.56
كروميت	1.31
كروي	3.33
كرويا	2.92
كروية	3.50
كرى	2.04
كري	3.20
كريات	3.71
كرياس	0.00
كريبتون	2.29
كرية	2.42
كرير	2.35
كريفون	0.00
كريك	3.51
كريم	4.91
كريه	3.28
كريهة	3.48
كزاز	1.74
كزب	1.20
كزبرة	2.54
كزم	0.00
كزمازج	0.00
كزى	0.00
كسا	2.46
كساء	2.46
كساب	3.19
كساة	0.00
كساح	1.74
كساحة	2.30
كساحى	0.00
كساد	2.83
كسار	2.71
كسارة	2.99
كسارى	0.00
كساف	0.00
كسالى	2.83
كسب	4.37
كسبة	1.60
كستج	0.00
كستناء	2.25
كستنائي	2.36
كستنة	0.00
كستيج	0.00
كسح	1.88
كسحان	0.00
كسحة	0.00
كسحى	0.00
كسد	1.88
كسر	4.66
كسرة	3.16
كسرول	0.00
كسرى	3.49
كسري	2.69
كسع	0.00
كسف	1.90
كسفة	1.43
كسكاس	1.20
كسكس	2.26
كسل	3.05
كسلان	2.74
كسلو	0.00
كسلى	0.00
كسم	2.52
كسوة	3.24
كسور	3.53
كسوف	3.43
كسول	3.25
كسي	3.19
كسيح	1.90
كسير	2.47
كشئ	1.81
كشا	1.30
كشاتبين	0.00
كشاح	0.00
كشار	0.00
كشاف	3.36
كشاكيل	1.27
كشب	1.83
كشتاسب	0.00
كشتبان	1.43
كشح	1.13
كشحة	0.00
كشد	1.48
كشر	2.66
كشرة	1.30
كشط	2.81
كشع	0.00
كشف	4.82
كشفة	1.70
كشفي	2.50
كشفية	2.70
كشك	3.60
كشكاوا	0.00
كشكش	2.33
كشكول	2.61
كشم	1.23
كشمش	1.35
كشمير	3.21
كشنى	0.00
كشوث	0.00
كشوح	0.00
كشيدة	1.51
كصم	0.00
كصى	0.00
كظا	0.00
كظائم	0.00
كظام	0.00
كظامة	0.00
كظب	0.00
كظر	0.00
كظم	2.51
كظمة	0.00
كظيم	2.13
كظيمة	0.00
كعا	0.00
كعاب	1.01
كعب	3.98
كعبة	2.74
كعبتم	0.00
كعبتن	0.00
كعبل	0.00
كعبن	0.00
كعبنا	0.00
كعبوا	0.00
كعبي	2.48
كعر	0.00
كعز	1.41
كعك	3.45
كعل	0.00
كعلبة	1.68
كعم	1.28
كعوب	2.57
كفء	3.02
كفؤ	2.95
كفا	1.61
كفاء	2.08
كفاءة	4.25
كفاة	1.71
كفات	1.54
كفاح	3.54
كفار	3.84
كفارة	3.46
كفاف	2.48
كفال	0.00
كفالة	3.75
كفاى	0.00
كفاية	4.30
كفة	3.28
كفت	2.54
كفتة	2.59
كفح	0.00
كفخ	2.26
كفر	4.64
كفران	2.22
كفرة	2.59
كفرية	2.27
كفس	0.00
كفف	1.50
كففة	0.00
كفكف	1.61
كفل	3.00
كفلاء	1.97
كفلة	1.15
كفن	3.17
كفور	2.64
كفى	4.21
كفي	3.67
كفيات	1.46
كفيت	2.32
كفير	1.81
كفيف	3.28
كفيل	3.74
كفيلات	0.00
كلئ	1.21
كلا	5.10
كلاب	4.21
كلاح	0.00
كلادينة	0.00
كلاسة	0.00
كلاسيكي	3.58
كلال	2.18
كلالة	1.81
كلاليب	1.25
كلام	4.90
كلب	4.48
كلبة	3.36
كلبتان	0.00
كلبتم	0.00
كلبتن	0.00
كلبن	1.04
كلبنا	1.74
كلبوا	0.00
كلبي	3.08
كلبيات	1.08
كلة	3.35
كلت	2.66
كلثم	1.94
كلثوم	3.94
كلح	1.16
كلحة	0.00
كلخ	1.92
كلد	1.40
كلداني	2.17
كلدو	1.51
كلركية	0.00
كلز	1.01
كلزومة	0.00
كلس	2.73
كلسة	0.00
كلسيوم	0.00
كلع	0.00
كلف	4.06
كلفة	3.68
كلفتم	1.14
كلفتن	0.00
كلفن	2.58
كلفنا	2.72
كلفوا	2.50
كلفي	1.51
كلك	3.21
كلكلانج	0.00
كلل	3.12
كلم	4.22
كلما	5.04
كلمة	5.36
كلمى	1.36
كلمي	2.25
كلميم	3.25
كلوء	0.00
كلوءة	0.00
كلوة	1.73
كلوتة	0.00
كلور	2.71
كلوريد	3.19
كلوم	2.14
كلوي	3.61
كلى	3.33
كلي	4.16
كليات	3.99
كليب	4.24
كلية	4.94
كليشيه	2.03
كليل	2.39
كليم	3.00
كمء	0.00
كمئ	0.00
كمئيات	0.00
كما	6.26
كماء	2.49
كماءة	0.00
كمائم	0.00
كماة	1.66
كماد	0.00
كماشة	2.72
كماشير	0.00
كمال	4.47
كمالي	2.48
كماليات	2.46
كمام	1.81
كمامات	2.29
كمامة	2.52
كمان	4.38
كمبيوتر	4.27
كمة	1.88
كمت	2.36
كمتة	0.00
كمثراة	0.00
كمثرى	2.44
كمح	0.00
كمخ	0.00
كمد	2.22
كمر	2.40
كمرة	1.90
كمركي	0.00
كمز	1.14
كمس	1.27
كمش	1.35
كمع	0.00
كمكم	1.14
كمل	3.20
كملاء	0.00
كملة	2.12
كملى	0.00
كملي	2.07
كمم	2.02
كمن	4.04
كمناء	0.00
كمنة	1.29
كمنجة	2.21
كمه	2.46
كمون	3.07
كمى	2.03
كمي	3.05
كمية	4.75
كميت	2.41
كميل	3.38
كمين	3.77
كميون	1.32
كنا	5.33
كنائس	3.59
كنائن	0.00
كناب	1.81
كنادرة	0.00
كنار	2.50
كنارة	0.00
كناري	2.85
كناس	2.35
كناسة	1.90
كناشة	1.27
كنافة	2.57
كنان	2.68
كنانة	3.44
كنانير	0.00
كناية	3.22
كنب	3.38
كنباث	0.00
كنة	2.50
كنت	5.91
كنتاكي	4.02
كنتم	4.67
كنتن	2.35
كنثة	0.00
كند	2.36
كندا	4.63
كندة	2.99
كندر	2.51
كندرة	1.69
كندس	1.05
كندش	0.00
كندوج	0.00
كندي	3.63
كنز	4.00
كنزة	3.25
كنس	2.87
كنسة	0.00
كنسي	2.58
كنش	1.80
كنظ	0.00
كنع	0.00
كنعان	3.51
كنغر	2.48
كنف	3.32
كنكة	1.01
كنه	3.18
كنوة	0.00
كنود	1.86
كنوز	3.74
كنى	2.39
كنية	3.39
كنيس	3.39
كنيسة	4.57
كنيف	1.33
كهان	1.61
كهانة	1.72
كهب	0.00
كهد	0.00
كهذا	4.41
كهر	1.79
كهرب	2.34
كهربا	3.13
كهرباء	4.30
كهربائي	4.02
كهربي	2.87
كهرطيس	0.00
كهرل	0.00
كهرمائي	0.00
كهرمان	2.61
كهرو	1.59
كهف	3.87
كهل	2.78
كهم	1.36
كهن	1.66
كهنايا	0.00
كهنة	3.31
كهنوت	2.57
كهوف	3.27
كهول	2.11
كهولة	1.29
كهولية	0.00
كهي	1.34
كهيرب	0.00
كهيربات	0.00
كواء	1.19
كواءة	0.00
كوائد	0.00
كوائن	0.00
كوابس	0.00
كوابي	0.00
كوابيس	3.25
كواتب	0.00
كواتم	1.86
كواذب	0.00
كوارة	1.38
كوارث	3.72
كوارك	2.26
كواره	0.00
كواسب	0.00
كواسح	0.00
كواسد	0.00
كواسر	2.04
كواسف	0.00
كواسي	1.81
كواشح	0.00
كواشر	0.00
كواشف	2.26
كواظم	0.00
كواعب	0.00
كواغد	0.00
كواف	0.00
كوافر	0.00
كوافل	0.00
كوافي	0.00
كواكب	3.54
كوالا	2.96
كوالب	0.00
كوالح	0.00
كوامخ	0.00
كوامد	0.00
كوامل	0.00
كوامن	1.80
كوانس	0.00
كوانين	1.43
كواهل	0.00
كواهن	0.00
كوب	4.39
كوبا	4.60
كوبالت	2.37
كوبري	3.66
كوة	2.82
كوتب	0.00
كوثر	3.47
كوثرتم	0.00
كوثرتن	0.00
كوثرن	0.00
كوثرنا	0.00
كوثروا	0.00
كوثل	0.00
كوج	2.00
كوخ	3.62
كود	4.18
كودن	0.00
كور	3.50
كورال	3.37
كورة	4.02
كورن	3.21
كوري	4.01
كوريا	4.90
كوريك	2.05
كوريوم	1.08
كوز	2.99
كوزنية	0.00
كوس	3.14
كوسا	2.83
كوساء	0.00
كوسج	0.00
كوسوفو	3.74
كوسى	1.76
كوش	3.25
كوشاد	0.00
كوشان	1.90
كوشاني	0.00
كوع	2.52
كوعاء	2.05
كوعاوات	0.00
كوفئ	2.25
كوفئتم	0.00
كوفئتن	0.00
كوفئن	0.00
كوفئنا	0.00
كوفئوا	0.00
كوفة	1.59
كوفد	1.23
كوفي	3.85
كوفية	2.26
كوك	3.80
كوكا	3.30
كوكايين	3.08
كوكب	4.46
كوكبة	3.42
كوكم	0.00
كوكيات	0.00
كولان	2.24
كولة	1.80
كولم	2.22
كولمتم	0.00
كولمتن	0.00
كولمن	1.81
كولمنا	0.00
كولموا	0.00
كولوم	2.56
كولومبو	3.07
كوليرا	2.28
كوم	4.26
كومة	3.60
كوميديا	3.49
كوميلا	1.17
كون	4.80
كونت	3.60
كونلي	3.15
كوني	4.67
كوه	2.76
كوى	2.48
كويت	3.50
كويتي	4.15
كوير	2.28
كويري	2.04
كويرية	0.00
كويكب	3.01
كياسة	1.93
كيال	2.77
كيالة	0.00
كيان	4.13
كيبك	2.50
كيبوتس	2.58
كيبيكي	0.00
كية	2.31
كيت	3.91
كيح	0.00
كيد	3.84
كير	3.59
كيرة	1.71
كيروسين	2.10
كيزون	0.00
كيس	4.19
كيسة	2.48
كيسنجر	2.80
كيسى	1.50
كيشيناو	1.45
كيشينيف	0.00
كيعان	0.00
كيف	5.89
كيفما	3.84
كيفية	5.02
كيك	4.01
كيل	3.62
كيلة	2.36
كيلجة	0.00
كيلو	4.65
كيلوس	0.00
كيلومتر	4.36
كيلوواط	2.57
كيما	3.14
كيماوي	2.95
كيمنتس	1.99
كيموس	0.00
كيمياء	3.58
كيميائي	3.62
كيمياوي	2.07
كينا	2.88
كينشاسا	3.19
كينيا	4.15
كيوت	3.25
كيوتو	3.48
كيول	1.81
كيوي	2.70
كييف	4.02
لؤلؤ	2.96
لؤلؤة	3.37
لؤلؤي	2.52
لؤلئية	0.00
لؤم	2.42
لؤماء	0.00
لؤي	3.43
لئام	1.76
لئلا	3.50
لئن	3.56
لئيم	3.16
لاءم	1.39
لائحة	4.38
لائق	3.81
لائكي	1.11
لائكية	1.01
لائم	2.91
لائمة	1.88
لاادري	2.59
لاادرية	0.00
لاب	3.68
لاباز	2.96
لابة	1.70
لابتوب	2.96
لابث	0.00
لابد	4.90
لابس	3.30
لابط	0.00
لابن	4.15
لات	2.75
لاتفي	2.12
لاتفيا	3.07
لاتيني	3.12
لاث	1.15
لاثم	0.00
لاثنائي	0.00
لاج	2.03
لاجئ	3.84
لاجم	0.00
لاجن	0.00
لاجندري	0.00
لاجنسي	0.00
لاجنسية	1.10
لاح	2.89
لاحد	3.78
لاحس	1.65
لاحسة	1.04
لاحظ	4.36
لاحظة	1.73
لاحظتم	2.48
لاحظتن	0.00
لاحظنا	3.46
لاحظي	2.49
لاحف	0.00
لاحق	4.54
لاحقة	3.83
لاحم	2.20
لاحن	0.00
لاحى	0.00
لاخ	2.14
لاد	2.58
لادغ	0.00
لادن	4.03
لاذ	2.94
لاذع	3.02
لاذقاني	1.23
لاز	2.38
لازب	2.13
لازق	1.69
لازم	4.58
لازمة	3.55
لازورد	1.86
لازوردي	2.29
لاس	4.00
لاسا	2.56
لاسع	1.79
لاسلطوي	0.00
لاسلكي	3.52
لاسن	1.96
لاشعوري	1.79
لاشى	1.58
لاص	0.00
لاصق	3.19
لاصوق	0.00
لاط	1.52
لاطخ	0.00
لاطع	0.00
لاطف	1.40
لاطم	1.34
لاظ	1.08
لاع	1.31
لاعب	5.11
لاعبتم	0.00
لاعبتن	0.00
لاعبنا	2.47
لاعبي	4.27
لاعج	1.08
لاعق	1.40
لاعن	1.87
لاعية	0.00
لاغ	2.14
لاغب	0.00
لاغد	0.00
لاغز	0.00
لاغط	0.00
لاغم	0.00
لاغى	0.00
لاغي	2.15
لاغية	2.57
لاف	2.87
لافت	3.28
لافتة	4.06
لافح	1.58
لافظ	1.39
لافظة	0.00
لافع	0.00
لافق	0.00
لاق	2.34
لاقت	3.81
لاقح	0.00
لاقط	2.78
لاقوا	2.33
لاقى	3.68
لاقي	2.64
لاقيتم	0.00
لاقيتن	0.00
لاقينا	2.08
لاك	3.08
لاكز	0.00
لاكع	0.00
لاكم	1.47
لالا	0.00
لام	3.74
لاما	3.13
لامت	2.27
لامج	0.00
لامح	0.00
لامركزي	1.92
لامز	0.00
لامس	3.13
لامسة	1.35
لامستم	1.34
لامستن	0.00
لامسنا	1.57
لامسي	1.57
لامع	3.55
لاموا	1.83
لان	5.65
لانهائي	2.67
لانهاية	2.82
لاه	2.64
لاهاي	3.78
لاهة	0.00
لاهث	1.87
لاهج	0.00
لاهف	1.19
لاهوت	3.20
لاهوتي	2.27
لاهوتية	2.59
لاهور	3.62
لاهي	2.38
لاوس	3.71
لاوعي	1.94
لاوى	1.58
لاى	3.61
لاي	5.00
لايل	2.68
لاين	4.49
لبؤ	0.00
لبؤة	2.44
لبا	1.17
لبائن	0.00
لباب	3.32
لباث	0.00
لباد	2.08
لبادة	1.64
لباس	3.97
لباقة	2.75
لبان	3.11
لبانة	2.12
لبب	1.54
لبة	1.70
لبت	2.67
لبث	3.83
لبثة	0.00
لبج	0.00
لبح	0.00
لبخ	1.47
لبخة	1.81
لبد	2.78
لبدة	2.56
لبز	1.16
لبس	4.17
لبسة	2.47
لبسي	2.33
لبط	1.51
لبق	2.80
لبك	1.95
لبكة	0.00
لبلاب	1.86
لبلابي	0.00
لبلب	1.59
لبلبة	2.25
لبن	3.85
لبنان	5.33
لبناني	4.38
لبنة	2.94
لبنتم	0.00
لبنتن	0.00
لبنن	0.00
لبنى	3.49
لبني	3.63
لبنية	2.75
لبوة	2.47
لبود	1.16
لبوس	2.23
لبون	2.17
لبونات	0.00
لبى	3.06
لبي	3.15
لبيب	3.43
لبيس	1.88
لبيك	3.47
لبين	2.51
لتا	0.00
لتب	0.00
لتح	1.26
لتد	1.54
لتر	4.09
لتز	1.24
لتم	2.57
لتواني	1.32
لتوانيا	2.14
لتيا	1.06
لتيات	0.00
لثا	0.00
لثام	1.79
لثة	2.51
لثد	0.00
لثعى	0.00
لثغ	0.00
لثغاء	0.00
لثغاوات	0.00
لثغة	1.78
لثق	0.00
لثم	1.84
لثمة	1.66
لثوي	1.52
لثى	1.09
لثي	0.00
لجئ	1.67
لجا	3.91
لجاء	2.09
لجاة	0.00
لجاج	1.60
لجاجة	0.00
لجام	2.69
لجان	4.20
لجب	2.17
لجة	2.60
لجج	1.87
لجذ	0.00
لجف	1.03
لجلاج	0.00
لجلج	1.55
لجم	2.69
لجن	2.16
لجنة	5.19
لجوء	3.64
لجوج	1.38
لجي	2.57
لجين	3.40
لحا	1.97
لحاء	2.94
لحاس	1.33
لحاظ	1.42
لحاف	2.85
لحاق	2.32
لحام	3.43
لحان	1.26
لحايى	0.00
لحب	3.41
لحت	1.36
لحج	3.64
لحد	4.52
لحز	1.08
لحس	3.22
لحسة	1.75
لحص	1.04
لحط	1.40
لحظ	2.74
لحظة	5.09
لحظتئذ	0.00
لحظتذاك	0.00
لحظي	2.85
لحف	2.10
لحق	4.02
لحقة	1.32
لحك	2.01
لحلاح	0.00
لحلح	0.00
لحم	4.56
لحمة	3.34
لحن	3.90
لحنة	1.75
لحوج	0.00
لحود	3.38
لحوم	3.97
لحى	2.66
لحي	3.33
لحيان	2.32
لحياني	1.23
لحية	3.40
لحيم	1.48
لخا	1.32
لخب	0.00
لخبط	2.09
لخص	3.30
لخف	1.23
لخم	2.34
لخن	0.00
لخى	0.00
لخي	0.00
لداء	2.88
لداد	0.00
لدد	0.00
لدس	1.82
لدغ	2.74
لدغة	3.10
لدك	2.37
لدم	2.82
لدن	3.34
لدوا	1.04
لدود	2.29
لدى	5.54
لدي	4.97
لذاذ	0.00
لذاع	0.00
لذة	3.56
لذج	0.00
لذذ	0.00
لذع	1.55
لذعة	1.62
لذم	1.65
لذى	2.83
لذي	3.36
لذيذ	3.91
لزا	0.00
لزاق	1.28
لزام	2.12
لزب	2.02
لزج	2.99
لزق	2.31
لزقة	2.06
لزم	3.85
لزمة	1.99
لزن	0.00
لزوجة	3.46
لزوق	0.00
لزوم	3.47
لزوما	2.49
لساس	1.23
لسان	4.43
لساني	3.62
لسانيات	2.05
لسب	2.13
لستم	3.46
لستما	1.68
لستن	2.28
لسد	3.71
لسع	2.60
لسم	2.42
لسن	3.67
لسنا	4.47
لسناء	1.60
لسناوات	0.00
لشا	1.30
لشبونة	3.41
لصا	2.89
لصائص	0.00
لصائق	0.00
لصات	1.01
لصاق	1.34
لصب	2.31
لصة	1.88
لصص	0.00
لصصة	0.00
لصغ	0.00
لصف	2.73
لصق	3.22
لصقة	2.40
لصوص	3.82
لصوصي	0.00
لصوصية	1.78
لصوق	1.23
لصى	0.00
لصي	0.00
لصيق	1.83
لضا	0.00
لضم	3.24
لطئ	0.00
لطا	1.12
لطائف	2.90
لطاخ	0.00
لطاف	2.11
لطافة	2.71
لطالما	4.49
لطث	0.00
لطح	0.00
لطخ	2.45
لطخة	2.53
لطس	0.00
لطش	1.62
لطع	1.25
لطعة	0.00
لطف	3.86
لطفا	3.51
لطفاء	3.25
لطفتم	0.00
لطفتن	0.00
لطفن	0.00
لطفنا	1.37
لطفوا	0.00
لطفي	3.93
لطفية	2.21
لطم	2.53
لطمة	2.52
لطه	2.15
لطوخ	0.00
لطى	0.00
لطي	2.46
لطيف	4.43
لطيفة	4.27
لظى	2.31
لظي	0.00
لعائب	0.00
لعاب	3.07
لعاق	1.01
لعان	1.73
لعب	4.79
لعبة	5.12
لعبي	2.46
لعث	1.14
لعج	0.00
لعز	2.37
لعس	0.00
لعص	0.00
لعض	2.06
لعط	1.29
لعق	3.32
لعقة	1.78
لعل	4.34
لعلع	1.71
لعلما	0.00
لعن	3.67
لعنة	4.22
لعوب	2.61
لعوق	0.00
لعيب	2.46
لعيبة	1.99
لعين	3.37
لغا	1.61
لغاديد	0.00
لغام	0.00
لغب	1.42
لغة	5.02
لغد	2.84
لغدود	0.00
لغز	3.83
لغط	2.58
لغف	0.00
لغم	3.36
لغو	2.45
لغوي	3.64
لغويات	2.01
لغي	2.09
لغير	4.05
لفئ	0.00
لفا	2.12
لفائف	3.24
لفات	3.06
لفاح	1.22
لفاظ	0.00
لفاظة	1.12
لفافة	3.02
لفة	3.63
لفت	4.15
لفتة	3.28
لفح	1.92
لفحة	2.13
لفخ	1.92
لفظ	4.05
لفظا	2.82
لفظة	3.24
لفظه	2.75
لفظي	3.25
لفع	0.00
لفف	0.00
لفق	2.26
لفلف	1.09
لفم	2.23
لفوف	1.63
لفيتة	0.00
لفيف	2.99
لفيفة	2.17
لقا	2.35
لقاء	4.97
لقاءات	3.99
لقائط	0.00
لقاح	3.72
لقاط	1.40
لقاطة	1.36
لقالق	1.04
لقب	4.62
لقبي	2.80
لقتم	0.00
لقتن	0.00
لقث	0.00
لقح	1.89
لقحة	1.29
لقد	5.67
لقز	0.00
لقس	1.95
لقص	2.88
لقط	2.74
لقطاء	2.21
لقطات	4.10
لقطة	4.06
لقع	0.00
لقف	1.63
لقلاق	0.00
لقلق	2.89
لقلقة	1.34
لقم	2.55
لقمان	3.49
لقمة	4.05
لقن	2.47
لقنا	1.78
لقنت	2.45
لقوة	3.72
لقى	3.78
لقي	4.14
لقيا	2.74
لقية	1.77
لقيط	3.00
لقيمة	3.17
لكئ	0.00
لكا	0.00
لكث	0.00
لكح	2.27
لكد	1.24
لكز	1.63
لكش	2.04
لكع	1.81
لكم	5.48
لكمة	3.01
لكن	6.03
لكناء	0.00
لكناوات	0.00
لكنة	2.83
لكنما	2.20
لكنى	3.40
لكي	5.19
لكيلا	2.97
لكيما	1.10
للاسف	4.73
للغاية	5.17
لله	5.08
لما	5.68
لماح	2.15
لماذا	5.45
لماز	1.33
لماس	1.61
لماع	2.40
لمام	1.45
لمبة	3.14
لمة	2.84
لمج	0.00
لمجة	1.20
لمح	3.58
لمحة	4.00
لمخ	1.85
لمز	1.91
لمزة	1.77
لمس	4.00
لمسة	3.90
لمص	2.14
لمط	1.13
لمظ	0.00
لمع	3.40
لمعاء	0.00
لمعان	3.39
لمعاوات	0.00
لمعة	3.00
لمفاوي	1.96
لمق	1.09
لمك	2.27
لملم	2.37
لملمة	2.18
لمم	2.23
لمن	5.16
لمى	3.37
لمي	2.53
لنا	5.70
لندن	5.02
لندني	2.06
لنكران	2.10
لها	5.90
لهاب	1.25
لهاة	1.77
لهاث	1.92
لهاج	0.00
لهازم	0.00
لهاف	0.00
لهافى	0.00
لهب	3.64
لهبان	0.00
لهث	1.74
لهثة	0.00
لهج	1.95
لهجة	3.96
لهد	1.74
لهز	2.32
لهزم	2.08
لهزمة	0.00
لهس	0.00
لهط	1.08
لهع	0.00
لهف	2.12
لهفان	0.00
لهفة	2.91
لهفى	0.00
لهق	0.00
لهم	5.69
لهو	3.95
لهوات	1.31
لهوف	1.19
لهوي	2.06
لهى	2.25
لهي	3.09
لهيب	3.43
لهيف	0.00
لوا	2.83
لواء	4.23
لوائح	3.63
لوائق	0.00
لوائم	0.00
لواب	0.00
لوابث	0.00
لوابد	0.00
لوابن	0.00
لواث	0.00
لواجئ	0.00
لواحس	0.00
لواحظ	1.65
لواحق	1.92
لواحم	1.04
لواحن	0.00
لوادغ	0.00
لواذع	0.00
لوازب	0.00
لوازم	3.39
لواصق	1.78
لواط	3.07
لواعب	0.00
لواعج	1.73
لواعن	0.00
لواغق	0.00
لواغي	0.00
لوافت	0.00
لوافح	0.00
لواقط	1.59
لوالب	1.59
لوام	1.31
لوامح	0.00
لوامس	1.76
لوامع	1.95
لواندا	3.10
لواهج	0.00
لواهف	0.00
لواهي	0.00
لوبيا	2.20
لوبياء	1.50
لوبيلية	0.00
لوث	2.53
لوثة	2.19
لوثي	1.32
لوثيان	1.87
لوح	3.91
لوحة	4.83
لوحظ	3.68
لوحظتم	0.00
لوحظتن	0.00
لوحظن	0.00
لوحظنا	0.00
لوحظوا	0.00
لود	2.77
لوذ	0.00
لوذعي	0.00
لور	2.81
لورد	3.79
لوز	3.29
لوزة	2.42
لوزي	1.89
لوزية	1.58
لوزينج	0.00
لوسيل	3.05
لوشب	0.00
لوط	3.36
لوطي	2.36
لوع	1.20
لوعب	0.00
لوعبتم	0.00
لوعبتن	0.00
لوعبن	0.00
لوعبنا	0.00
لوعبوا	0.00
لوعة	2.74
لوف	3.59
لوق	2.16
لوقا	3.46
لوقوا	0.00
لوقي	1.26
لوقيتم	0.00
لوقيتن	0.00
لوقين	0.00
لوقينا	0.00
لول	3.01
لولا	4.50
لولاء	1.93
لولب	2.41
لولبي	2.49
لوم	3.78
لوما	3.06
لومة	2.84
لومس	1.43
لومستم	0.00
لومستن	0.00
لومسن	0.00
لومسنا	0.00
لومسوا	0.00
لوموا	1.66
لومي	3.21
لون	4.72
لونيات	0.00
لونية	2.74
لوه	2.54
لوى	3.08
لوي	3.81
لوياثان	1.75
لياقة	3.29
ليال	4.03
ليالي	4.11
ليبرالي	3.45
ليبي	3.92
ليبيا	4.99
ليبيريا	3.70
لية	2.91
ليت	3.87
ليتما	1.04
ليث	3.68
ليثيوم	2.95
ليرة	4.05
ليرون	2.04
ليزر	3.76
ليس	5.92
ليستم	0.00
ليستن	0.00
ليسن	2.49
ليسنا	0.00
ليسوتو	2.67
ليسيه	2.05
ليف	3.67
ليقة	0.00
ليقوا	0.00
ليقي	1.26
ليل	4.36
ليلا	4.55
ليلاء	1.61
ليلة	5.15
ليلتئذ	1.45
ليلتذاك	0.00
ليلك	2.64
ليلى	4.47
ليلي	4.13
ليم	3.24
ليما	3.87
ليمت	2.10
ليموا	0.00
ليمون	3.62
ليموني	2.25
ليمونية	1.36
ليمي	2.07
لين	4.54
لينة	3.51
لينوتيب	0.00
لينى	2.66
لينينية	1.64
ليوث	1.93
ليونة	2.74
مؤاتاة	0.00
مؤاتي	0.00
مؤاخاة	1.68
مؤاخذة	2.38
مؤارب	0.00
مؤاربة	0.00
مؤازرة	2.91
مؤاساة	1.20
مؤالفة	1.26
مؤامرة	4.16
مؤبد	2.93
مؤتزر	0.00
مؤتلف	1.41
مؤتمر	4.98
مؤتمن	2.63
مؤثر	4.06
مؤج	0.00
مؤجر	2.67
مؤجل	2.79
مؤخر	3.01
مؤخرة	3.69
مؤداة	1.26
مؤدب	3.12
مؤدى	1.92
مؤدي	2.74
مؤذن	2.98
مؤذي	3.14
مؤرخ	3.53
مؤرق	1.80
مؤسس	4.54
مؤسسة	5.11
مؤسف	3.71
مؤشر	4.53
مؤق	0.00
مؤقت	4.27
مؤقتا	4.26
مؤكد	4.17
مؤكسد	2.15
مؤل	1.28
مؤلف	4.22
مؤلم	4.40
مؤمل	2.10
مؤمم	0.00
مؤمن	4.33
مؤن	2.61
مؤنث	3.13
مؤنس	3.03
مؤهل	3.88
مؤونة	2.74
مؤيد	3.89
مئبر	0.00
مئة	4.46
مئذنة	2.83
مئر	0.00
مئزر	2.09
مئس	0.00
مئق	0.00
مئل	0.00
مئناث	0.00
مئوي	2.04
ماء	4.83
مائت	1.05
مائج	1.34
مائد	0.00
مائدة	3.79
مائع	2.35
مائل	3.48
مائي	3.65
ماب	2.29
مابون	1.27
مات	4.98
ماتت	4.35
ماتح	0.00
ماتع	2.05
ماتم	2.91
ماتن	1.85
ماته	1.44
ماتوا	4.22
ماتى	1.17
ماث	2.55
ماثرة	2.22
ماثل	2.19
ماثلتم	0.00
ماثلتن	0.00
ماثلنا	0.00
ماثلي	0.00
ماثور	2.90
ماج	2.72
ماجد	4.44
ماجريات	0.00
ماجن	2.64
ماجوج	1.91
ماجور	3.17
ماح	1.56
ماحص	2.06
ماحض	0.00
ماحق	1.93
ماحك	0.00
ماحل	2.12
ماخ	2.37
ماخرة	1.13
ماخض	0.00
ماخور	2.03
ماد	3.22
مادبة	3.41
مادة	4.81
مادح	2.03
مادق	1.04
مادي	4.06
ماديا	3.89
مادية	3.87
ماذا	5.43
ماذق	0.00
ماذن	2.71
ماذون	2.69
مار	4.08
مارب	4.01
مارة	2.78
مارتيني	2.95
مارج	3.03
مارد	3.01
ماردين	2.68
مارس	5.41
مارستان	1.44
مارستم	1.35
مارستن	0.00
مارسنا	2.27
مارسي	3.40
مارسيل	3.60
مارغ	1.01
مارق	2.65
مارك	4.68
ماركة	3.93
ماركسية	2.54
ماركوس	4.17
مارن	2.31
مارون	3.33
ماروني	3.01
مارى	3.00
ماري	4.75
ماز	2.31
مازج	1.76
مازح	2.32
مازحتم	0.00
مازحتن	0.00
مازحنا	0.00
مازحي	0.00
مازر	1.71
مازريات	0.00
مازريون	0.00
مازق	3.84
مازوت	2.05
مازور	2.31
ماس	3.53
ماساة	4.02
ماساوي	3.32
ماسة	4.09
ماست	2.12
ماسح	3.12
ماسخ	1.71
ماسد	0.00
ماسدة	0.00
ماسستم	0.00
ماسستن	0.00
ماسسنا	0.00
ماسسي	0.00
ماسك	3.64
ماسكة	2.42
ماسوا	1.25
ماسورة	3.01
ماسوشية	1.99
ماسوف	2.38
ماسوني	2.57
ماسونية	2.49
ماسي	3.23
ماش	3.17
ماشج	0.00
ماشط	0.00
ماشق	0.00
ماشى	2.81
ماشي	3.88
ماشية	3.64
ماص	2.40
ماصل	0.00
ماض	3.62
ماضر	0.00
ماضغ	0.00
ماضوي	1.35
ماضي	4.13
ماط	1.50
ماطر	2.86
ماطل	2.15
ماع	1.81
ماعد	2.24
ماعز	3.31
ماعزة	0.00
ماعك	0.00
ماعون	1.90
ماعونة	0.00
ماغ	2.23
ماغس	0.00
ماق	1.35
ماقت	0.00
ماقل	1.83
ماقى	0.00
ماكث	1.83
ماكر	2.89
ماكس	4.34
ماكل	2.42
ماكول	2.55
ماكياج	3.03
ماكيل	0.00
مال	4.70
مالا	1.38
مالاوي	3.43
مالت	3.18
مالج	1.41
مالح	3.19
مالديفز	1.34
مالذ	2.18
مالس	1.83
مالص	0.00
مالطا	3.33
مالطي	1.77
مالق	0.00
مالقة	2.32
مالك	4.90
مالكي	3.69
مالوا	2.58
مالوف	3.71
مالي	4.80
مالية	4.65
ماليزي	2.95
ماليزيا	4.63
ماما	4.19
مامن	3.47
ماموث	2.62
مامور	3.49
مامورية	2.60
مامول	2.28
ماموم	0.00
مامون	3.57
ماميثا	0.00
ماميران	0.00
مان	4.32
مانتيكا	1.20
مانح	2.62
مانشيت	2.65
مانع	4.18
مانيكير	1.86
مانيلا	3.80
ماه	3.04
ماهت	0.00
ماهد	0.00
ماهر	4.30
ماهن	1.52
ماهوا	2.28
ماهول	2.59
ماهي	4.55
ماهية	3.96
ماهيتاب	1.28
ماهينور	2.41
ماو	3.79
ماوب	0.00
ماوس	3.44
ماوى	3.89
ماوي	2.97
ماوية	2.20
ماى	0.00
ماي	4.45
مايك	4.35
مايكل	4.77
مايو	5.29
مايوس	0.00
مباح	3.30
مباحث	3.95
مباحثة	1.47
مباخر	1.91
مبادئ	4.39
مبادر	2.33
مبادرة	4.55
مبادل	2.68
مبادلة	3.27
مباذر	0.00
مباذل	0.00
مبار	1.78
مباراة	5.29
مبارح	2.92
مبارد	1.16
مبارز	2.70
مبارزة	3.21
مبارك	4.86
مباركة	3.74
مبارم	0.00
مباري	1.52
مبازغ	0.00
مبازل	0.00
مباسط	1.19
مباسم	1.15
مباشر	5.00
مباشرة	5.33
مباضع	0.00
مباعث	0.00
مباعد	1.23
مباغ	0.00
مباغت	2.70
مباغتة	2.73
مباغي	0.00
مباقل	0.00
مباك	0.00
مباكي	1.04
مباكير	0.00
مبالاة	3.23
مبالع	0.00
مبالغ	4.32
مبالغة	3.58
مبالي	2.72
مبان	3.40
مباني	4.07
مباهاة	1.70
مباهج	2.53
مباوئ	0.00
مباول	0.00
مبايع	1.54
مبايعة	3.25
مبتدئ	3.20
مبتدا	3.06
مبتدع	2.53
مبتذل	2.64
مبتسر	1.44
مبتسم	3.12
مبتعد	2.27
مبتغاة	0.00
مبتغى	2.31
مبتكر	3.55
مبتل	2.18
مبتلاة	1.69
مبتلع	1.60
مبتلى	2.66
مبتهج	2.42
مبتهل	1.33
مبتوت	1.36
مبتور	2.67
مبثوث	1.64
مبثور	0.00
مبجل	2.07
مبحث	2.66
مبحثر	0.00
مبحر	1.64
مبحوح	2.17
مبخر	2.23
مبخرة	2.48
مبخلة	0.00
مبدئ	2.31
مبدئي	3.43
مبدئيا	3.83
مبدا	4.54
مبدان	0.00
مبدد	1.66
مبدع	3.66
مبدل	2.85
مبدي	1.45
مبذال	0.00
مبذر	2.05
مبذل	0.00
مبذول	2.27
مبرئ	1.06
مبراة	2.03
مبربر	0.00
مبرة	2.32
مبرح	2.75
مبرد	3.21
مبردة	2.82
مبرر	4.07
مبرز	1.78
مبرطل	0.00
مبرعم	0.00
مبرق	1.03
مبرقة	1.24
مبرقش	0.00
مبرم	2.24
مبرمج	3.41
مبرهن	1.56
مبرهنة	2.21
مبرور	2.36
مبروز	0.00
مبروم	1.92
مبري	1.37
مبزغ	0.00
مبزل	1.13
مبسام	0.00
مبستر	1.91
مبسط	3.40
مبسم	1.75
مبسمل	0.00
مبسوط	3.35
مبشر	3.29
مبشرة	3.15
مبشور	1.84
مبصر	2.30
مبصقة	0.00
مبضع	2.18
مبطان	0.00
مبطخة	0.00
مبطل	2.45
مبطن	2.90
مبطنة	3.13
مبطون	0.00
مبعث	2.57
مبعثر	2.69
مبعد	2.60
مبعدة	2.46
مبعوث	3.69
مبغاة	0.00
مبغض	2.22
مبغوض	1.22
مبغى	1.89
مبقع	1.82
مبقلة	0.00
مبك	1.39
مبكار	0.00
مبكر	4.46
مبكرا	4.32
مبكي	1.98
مبلسم	0.00
مبلط	2.13
مبلع	1.14
مبلعم	0.00
مبلغ	4.59
مبلل	2.71
مبلور	1.52
مبلول	2.27
مبنج	1.35
مبنى	4.79
مبني	4.17
مبهج	3.33
مبهدل	1.23
مبهر	3.22
مبهرج	1.85
مبهظ	0.00
مبهم	3.27
مبهور	2.22
مبوب	1.81
مبور	0.00
مبوق	0.00
مبولة	1.96
مبيت	2.96
مبيح	1.51
مبيد	3.42
مبيض	3.04
مبيضة	2.53
مبيطر	0.00
مبيع	2.47
مبين	3.92
متا	2.45
متابط	0.00
متابع	4.29
متابعة	4.83
متابيع	0.00
متاثر	3.42
متاجج	1.71
متاجر	4.01
متاجرة	2.71
متاح	4.23
متاحف	3.24
متاخر	4.15
متاخم	1.84
متاخمة	2.36
متادب	1.26
متارجح	2.35
متارك	0.00
متاركة	0.00
متاريس	2.37
متازم	2.33
متاسف	2.51
متاصل	2.85
متاع	3.55
متاعب	3.78
متاعيس	0.00
متافل	0.00
متاقلم	1.87
متاكد	4.34
متاكسد	0.00
متاكل	1.90
متالف	1.86
متالق	2.98
متاليف	0.00
متامر	2.53
متامرك	0.00
متامل	2.32
متان	2.12
متانة	3.01
متانق	1.83
متاني	1.68
متاهب	2.00
متاهة	3.41
متاهل	2.41
متاوه	0.00
متايرن	0.00
متباجح	0.00
متباحث	0.00
متبادر	0.00
متبادل	3.55
متبارز	0.00
متبارك	0.00
متباري	1.20
متباطئ	1.49
متباعد	2.13
متباغض	0.00
متباكي	0.00
متباهي	2.22
متبايع	0.00
متباين	2.37
متبتل	0.00
متبجح	1.65
متبحر	1.64
متبختر	0.00
متبخر	1.42
متبدد	0.00
متبدل	1.86
متبرج	0.00
متبرد	0.00
متبرز	0.00
متبرع	3.56
متبرعم	0.00
متبرك	0.00
متبرم	0.00
متبسط	0.00
متبسم	0.00
متبصر	1.54
متبضع	0.00
متبع	3.16
متبعثر	1.47
متبقي	3.08
متبل	2.48
متبلبل	0.00
متبلج	0.00
متبلد	2.71
متبلع	0.00
متبلغ	0.00
متبلل	0.00
متبلور	1.94
متبناة	2.01
متبنة	0.00
متبنى	2.03
متبني	2.20
متبهج	0.00
متبهر	0.00
متبهرج	0.00
متبوع	2.62
متبيض	0.00
متبيطر	0.00
متبين	1.13
متة	1.80
متتابع	2.60
متتالع	0.00
متتالية	4.08
متتبع	2.59
متتلمذ	0.00
متتوج	0.00
متتوق	0.00
متثائب	0.00
متثاقل	1.70
متثبت	1.29
متثقف	0.00
متثلج	0.00
متجادل	0.00
متجاذب	0.00
متجاسر	0.00
متجالس	0.00
متجانب	0.00
متجانس	3.05
متجاهر	0.00
متجاهل	2.06
متجاوب	2.13
متجاور	1.26
متجاوز	2.39
متجبر	1.98
متجبن	0.00
متجدد	3.12
متجذف	0.00
متجر	4.55
متجرد	2.44
متجرع	0.00
متجسد	2.15
متجسس	1.19
متجسم	0.00
متجشم	0.00
متجعد	1.81
متجفف	0.00
متجلبب	0.00
متجلد	1.09
متجلي	1.53
متجمد	2.61
متجمع	2.21
متجمل	0.00
متجمهر	0.00
متجنب	1.57
متجند	0.00
متجنس	1.68
متجنن	0.00
متجه	3.50
متجهز	1.66
متجهم	2.10
متجوع	0.00
متجول	2.96
متجيش	1.23
متح	1.79
متحادث	0.00
متحارب	0.00
متحاسب	0.00
متحاسد	0.00
متحاشد	0.00
متحاقد	0.00
متحاكم	0.00
متحالف	2.41
متحامل	2.25
متحاور	0.00
متحايل	0.00
متحبب	0.00
متحجب	0.00
متحجر	2.63
متحد	2.83
متحدب	0.00
متحدث	3.96
متحدر	1.73
متحدي	2.59
متحذق	0.00
متحذلق	1.61
متحرج	0.00
متحرر	3.21
متحرز	0.00
متحرش	2.85
متحرق	0.00
متحرك	3.93
متحزب	1.50
متحزم	1.24
متحسب	0.00
متحسر	1.57
متحسس	1.84
متحسن	1.78
متحشد	0.00
متحصل	2.45
متحصن	1.77
متحضر	3.18
متحطم	1.93
متحف	4.52
متحفز	2.41
متحفظ	2.70
متحقق	2.22
متحكم	3.15
متحلب	0.00
متحلق	0.00
متحلل	2.04
متحلي	0.00
متحمس	3.86
متحمل	2.31
متحمم	0.00
متحنث	0.00
متحول	3.07
متحير	2.31
متحيز	2.98
متحين	0.00
متخ	1.23
متخابر	0.00
متخاتل	0.00
متخادع	0.00
متخاذل	2.24
متخاصم	1.40
متخاطب	0.00
متخاطر	0.00
متخالص	0.00
متخالط	0.00
متخالف	1.38
متخايل	0.00
متخبر	0.00
متخبط	2.25
متخثر	1.75
متخذ	2.75
متخرج	2.97
متخشع	0.00
متخشن	0.00
متخصص	4.19
متخضب	0.00
متخف	2.16
متخلخل	1.40
متخلص	1.53
متخلف	3.50
متخلق	1.08
متخلل	1.25
متخمر	1.43
متخنث	1.80
متخندق	0.00
متخوف	2.60
متخير	1.07
متخيل	2.74
متخيم	0.00
متد	1.10
متداخل	2.62
متدارس	0.00
متدارك	0.00
متداعب	0.00
متدافع	0.00
متدافق	0.00
متداول	3.40
متداين	0.00
متدبر	1.74
متدثر	1.57
متدجج	0.00
متدحرج	1.57
متدخل	2.03
متدخن	0.00
متدرب	3.22
متدرج	2.72
متدروش	0.00
متدفق	2.55
متدلك	0.00
متدلل	0.00
متدله	0.00
متدلي	2.23
متدنس	0.00
متدهن	0.00
متدهور	2.36
متدين	3.32
متذاكر	0.00
متذبذب	2.54
متذرع	0.00
متذكر	2.35
متذلل	1.84
متذمر	2.06
متذوق	2.38
متر	4.85
مترابط	2.97
متراجع	2.38
متراحم	0.00
متراخي	1.70
مترادف	1.50
متراس	2.09
متراسل	0.00
متراشق	0.00
متراص	1.82
متراصد	0.00
متراصف	0.00
متراغب	0.00
مترافع	0.00
مترافق	1.97
متراقب	1.09
متراقص	0.00
متراكض	0.00
متراكل	0.00
متراكم	2.52
مترامي	2.13
متراهن	0.00
متراوح	0.00
متراوغ	0.00
مترب	1.85
متربص	2.41
متربع	2.00
متربل	0.00
مترتب	2.11
مترجح	0.00
مترجف	0.00
مترجل	1.33
مترجم	4.31
مترحم	1.23
متردد	3.32
مترزن	0.00
مترسب	1.43
مترسخ	1.69
مترسل	0.00
مترسم	0.00
مترشح	2.39
مترشش	0.00
مترشف	0.00
مترصد	1.65
مترصع	0.00
مترصف	0.00
مترطب	0.00
مترع	1.70
مترعرع	0.00
مترف	2.61
مترفع	1.72
مترفق	0.00
مترفه	1.50
مترق	1.41
مترقب	1.98
مترقرق	0.00
مترقع	0.00
مترقق	0.00
متركب	1.38
متركل	0.00
متركن	0.00
مترمل	0.00
مترمم	0.00
مترنح	1.85
مترنق	0.00
مترنم	0.00
مترهب	0.00
مترهل	2.22
مترو	4.32
متروح	0.00
متروض	0.00
متروع	0.00
متروك	3.57
مترول	0.00
متريث	0.00
متريض	0.00
متزاحف	0.00
متزاحم	0.00
متزامن	3.29
متزاوج	0.00
متزاور	0.00
متزايد	4.11
متزحزح	0.00
متزحلق	2.05
متزخرف	0.00
متزعزع	1.52
متزلج	2.54
متزلزل	0.00
متزلف	1.30
متزمت	2.16
متزمخر	0.00
متزمزم	0.00
متزمل	0.00
متزن	3.29
متزندق	0.00
متزهد	0.00
متزوج	4.20
متزود	1.09
متزين	1.77
متسابق	3.32
متساجل	0.00
متسارع	3.15
متساقط	1.97
متساكن	0.00
متسالم	0.00
متسامح	2.95
متسامر	0.00
متسامع	0.00
متساند	0.00
متساهل	2.41
متساو	3.42
متساوي	3.20
متساير	0.00
متسايف	0.00
متسبب	2.04
متستر	2.29
متسجل	1.53
متسخ	2.33
متسرب	1.60
متسربل	0.00
متسرح	0.00
متسرع	2.65
متسرول	0.00
متسطح	0.00
متسع	3.62
متسفل	0.00
متسفه	0.00
متسق	2.63
متسكع	1.97
متسكن	0.00
متسلح	1.49
متسلسل	3.33
متسلط	2.76
متسلطن	0.00
متسلف	0.00
متسلق	2.80
متسلل	2.79
متسم	1.92
متسمر	1.34
متسمم	1.63
متسهد	0.00
متسهل	0.00
متسوس	0.00
متسوق	2.11
متسول	2.98
متش	2.48
متشائل	0.00
متشائم	3.11
متشابك	2.64
متشابه	3.16
متشاتم	0.00
متشاجر	0.00
متشاحن	0.00
متشارس	0.00
متشارط	0.00
متشارك	1.52
متشازر	0.00
متشاغب	0.00
متشاغل	0.00
متشاكس	0.00
متشاكل	0.00
متشامخ	0.00
متشانق	0.00
متشاور	0.00
متشايخ	0.00
متشايع	0.00
متشبب	0.00
متشبث	2.36
متشبع	2.20
متشبك	0.00
متشبه	1.92
متشتت	2.00
متشجع	1.04
متشح	1.20
متشخص	0.00
متشدد	3.17
متشدق	1.19
متشرد	3.30
متشرف	1.73
متشعب	2.43
متشعشع	0.00
متشعل	0.00
متشف	0.00
متشفع	0.00
متشقق	1.82
متشكر	2.22
متشكك	2.30
متشكل	1.91
متشمت	0.00
متشمر	0.00
متشمس	0.00
متشنج	2.23
متشهد	0.00
متشوش	0.00
متشوق	2.62
متشوه	0.00
متشيطن	0.00
متشيع	1.49
متصاحب	0.00
متصاخب	0.00
متصادف	0.00
متصادق	0.00
متصادم	1.33
متصارخ	0.00
متصارع	0.00
متصاعب	0.00
متصاعد	2.67
متصاغر	0.00
متصافح	0.00
متصافع	0.00
متصالح	2.03
متصاهر	0.00
متصاهل	0.00
متصاول	0.00
متصايح	0.00
متصبب	0.00
متصبح	0.00
متصبر	0.00
متصبن	0.00
متصحح	0.00
متصدر	3.35
متصدع	2.16
متصدق	1.70
متصرف	2.72
متصرفية	2.24
متصرم	0.00
متصعلك	0.00
متصف	2.07
متصفح	3.87
متصل	4.18
متصلب	2.36
متصنع	2.29
متصنف	0.00
متصور	2.42
متصورة	2.26
متصوف	2.14
متصيد	1.49
متصيف	0.00
متضائل	1.27
متضاجع	0.00
متضاحك	0.00
متضارب	2.20
متضاعف	1.72
متضاغط	0.00
متضاغن	0.00
متضافر	1.39
متضامن	2.50
متضايق	3.15
متضح	1.35
متضخم	2.37
متضرر	3.11
متضرع	1.41
متضرم	0.00
متضعضع	0.00
متضلع	1.34
متضمد	0.00
متضمر	0.00
متضمن	2.56
متضور	0.00
متضيق	1.15
متطابق	2.86
متطارح	0.00
متطارد	0.00
متطاعن	0.00
متطاوع	0.00
متطاول	2.02
متطاير	1.99
متطبب	1.32
متطبع	0.00
متطبق	0.00
متطرز	0.00
متطرف	3.46
متطرق	0.00
متطفل	2.49
متطلب	2.86
متطلبات	4.17
متطلع	2.49
متطهر	1.12
متطور	3.61
متطوس	0.00
متطوع	3.52
متطوف	0.00
متطول	0.00
متطيب	0.00
متطير	0.00
متطيف	0.00
متظافر	0.00
متظاهر	3.29
متظلل	0.00
متظلم	0.00
متع	3.27
متعادل	2.71
متعارض	2.21
متعارف	2.99
متعارك	0.00
متعازل	0.00
متعاشر	0.00
متعاضد	0.00
متعاطف	2.88
متعاظل	0.00
متعاظم	1.99
متعاقب	1.96
متعاقد	2.82
متعالج	0.00
متعالم	1.43
متعالي	2.38
متعامل	1.97
متعاند	0.00
متعانق	0.00
متعاهد	0.00
متعاون	3.24
متعايب	0.00
متعاير	0.00
متعايش	1.85
متعب	4.20
متعبد	2.17
متعبس	0.00
متعة	4.30
متعثر	2.49
متعجب	2.28
متعجرف	2.52
متعجل	1.92
متعد	2.26
متعدد	4.31
متعدي	2.00
متعذب	1.26
متعذر	2.32
متعرب	0.00
متعرج	3.09
متعرض	2.07
متعرف	2.16
متعرق	1.32
متعرقل	0.00
متعزب	0.00
متعزز	0.00
متعسر	1.69
متعسف	1.91
متعصب	3.46
متعصر	0.00
متعطر	1.29
متعطش	2.73
متعطف	0.00
متعطل	2.53
متعظ	1.59
متعظل	0.00
متعظم	1.08
متعفر	0.00
متعفرت	0.00
متعفف	1.71
متعفن	2.33
متعقب	2.35
متعقد	1.56
متعقل	1.76
متعلف	0.00
متعلق	3.99
متعلل	0.00
متعلم	3.35
متعمد	3.69
متعمق	2.60
متعنت	1.85
متعهد	3.26
متعوج	0.00
متعود	2.93
متعوذ	0.00
متعوس	1.47
متعيش	0.00
متغابط	0.00
متغابن	0.00
متغازل	0.00
متغالط	0.00
متغامز	0.00
متغرب	1.76
متغرد	0.00
متغرغر	0.00
متغزل	0.00
متغضب	0.00
متغضن	0.00
متغطرس	2.49
متغطرف	0.00
متغلب	1.69
متغلغل	1.93
متغلف	0.00
متغنج	0.00
متغوط	0.00
متغيب	2.18
متغير	3.75
متغيظ	0.00
متغيم	0.00
متفائل	3.65
متفاتح	0.00
متفاخر	1.76
متفارق	0.00
متفاسد	0.00
متفاضح	0.00
متفاضل	0.00
متفاعل	2.66
متفاقم	2.02
متفاهم	2.21
متفاوت	2.65
متفاوض	1.67
متفاوه	0.00
متفتت	1.53
متفتح	2.91
متفتر	0.00
متفتق	0.00
متفتقة	0.00
متفتل	0.00
متفجر	3.14
متفجرات	3.48
متفجع	0.00
متفحة	0.00
متفحش	0.00
متفحص	0.00
متفخر	0.00
متفرج	3.44
متفرد	2.89
متفرس	0.00
متفرع	2.84
متفرعن	0.00
متفرغ	3.25
متفرق	2.55
متفرقات	2.88
متفرقع	0.00
متفرنج	0.00
متفرنس	0.00
متفزر	0.00
متفسح	0.00
متفسخ	1.11
متفش	1.77
متفشي	2.10
متفصح	0.00
متفصد	0.00
متفصل	0.00
متفضل	1.70
متفطر	0.00
متفطن	0.00
متفق	4.12
متفقد	1.44
متفقص	0.00
متفقفق	0.00
متفقم	0.00
متفقه	2.02
متفكر	1.45
متفكك	1.91
متفكه	0.00
متفلة	0.00
متفلت	1.54
متفلج	0.00
متفلح	0.00
متفلسف	1.49
متفلق	0.00
متفنن	1.66
متفهم	2.86
متفوق	3.16
متفوه	0.00
متق	1.60
متقابل	1.71
متقاتل	0.00
متقادم	1.36
متقاذف	0.00
متقارب	2.79
متقارص	0.00
متقارع	0.00
متقارن	0.00
متقاسم	0.00
متقاصف	0.00
متقاطع	2.27
متقاعد	3.76
متقاعس	1.69
متقامر	0.00
متقاول	0.00
متقايض	0.00
متقبض	0.00
متقبل	2.68
متقحم	0.00
متقد	2.28
متقدد	0.00
متقدر	1.08
متقدس	0.00
متقدم	3.82
متقرب	1.53
متقرح	1.30
متقرر	0.00
متقرفص	0.00
متقزز	0.00
متقزم	0.00
متقشر	1.67
متقشط	0.00
متقشف	1.80
متقصف	1.01
متقضب	0.00
متقطر	0.00
متقطع	3.54
متقعر	0.00
متقلب	3.20
متقلد	1.21
متقلص	1.69
متقلع	0.00
متقلقل	1.41
متقمص	1.83
متقن	3.26
متقنع	1.13
متقهقر	0.00
متقوت	0.00
متقوس	1.80
متقوض	0.00
متقول	1.61
متقوم	1.18
متقيح	1.35
متقيد	1.84
متقيض	0.00
متقيل	0.00
متك	1.75
متكئ	2.17
متكا	2.38
متكابر	1.04
متكاة	0.00
متكاتب	0.00
متكاتف	1.48
متكاثر	1.49
متكاثف	1.05
متكاذب	0.00
متكاسل	1.99
متكاشف	0.00
متكافئ	2.66
متكافح	0.00
متكافل	1.59
متكالب	0.00
متكامل	3.95
متكايد	0.00
متكايل	0.00
متكبد	0.00
متكبر	3.07
متكتف	0.00
متكتك	0.00
متكتكت	0.00
متكتل	1.97
متكتم	1.58
متكثر	0.00
متكحل	0.00
متكدر	2.09
متكدس	1.58
متكذب	0.00
متكربع	0.00
متكرر	3.81
متكرس	0.00
متكرش	0.00
متكركر	0.00
متكرم	0.00
متكسب	0.00
متكسر	2.19
متكشر	0.00
متكشف	0.00
متكعب	0.00
متكفف	0.00
متكفكف	0.00
متكفل	2.11
متكفن	0.00
متكل	1.83
متكلس	1.73
متكلف	2.52
متكلل	0.00
متكلم	3.16
متكمكم	0.00
متكمل	0.00
متكنس	0.00
متكهرب	1.34
متكهن	0.00
متكوثر	0.00
متكور	1.34
متكون	2.66
متكيس	0.00
متكيف	2.25
متل	3.68
متلائم	1.82
متلاحظ	0.00
متلاحق	1.58
متلاحم	1.94
متلازم	1.92
متلازمة	3.91
متلاصق	1.45
متلاطف	0.00
متلاطم	1.80
متلاعب	2.14
متلاعن	0.00
متلاف	0.00
متلاكز	0.00
متلاكم	0.00
متلاكن	0.00
متلالئ	1.94
متلامع	0.00
متلاوم	0.00
متلبث	0.00
متلبد	1.76
متلبس	2.52
متلبنن	0.00
متلثم	1.29
متلجن	0.00
متلحف	0.00
متلدن	0.00
متلذذ	1.39
متلذع	0.00
متلصص	1.56
متلطخ	0.00
متلطف	0.00
متلطم	0.00
متلعثم	1.78
متلعلع	0.00
متلغم	0.00
متلف	2.09
متلفة	1.87
متلفت	0.00
متلفز	2.76
متلفظ	0.00
متلفع	0.00
متلفف	0.00
متلفلف	0.00
متلفن	0.00
متلقب	0.00
متلقح	0.00
متلقف	0.00
متلقم	0.00
متلقن	0.00
متلقي	2.76
متلمج	0.00
متلمذ	0.00
متلمس	1.34
متلمع	0.00
متلمق	0.00
متلملم	0.00
متلهب	0.00
متلهف	2.47
متلوث	1.15
متلوح	0.00
متلوف	1.04
متلوم	0.00
متلون	2.07
متلوي	1.29
متليث	0.00
متلين	0.00
متماثل	2.74
متماجد	0.00
متمادي	1.36
متمارض	0.00
متمازج	0.00
متمازح	0.00
متماسك	3.26
متماكر	0.00
متمالك	1.16
متماوت	0.00
متمايز	1.76
متمايل	1.49
متمترس	0.00
متمتع	2.17
متمتم	0.00
متمثل	2.51
متمجد	0.00
متمجن	0.00
متمحص	0.00
متمخض	0.00
متمخط	0.00
متمدد	2.29
متمدرس	1.26
متمدن	1.94
متمدين	0.00
متمذهب	0.00
متمرد	3.30
متمرس	2.89
متمرغ	0.00
متمرفق	0.00
متمركز	2.72
متمرن	1.92
متمزق	1.19
متمسك	3.25
متمسكن	1.01
متمسلم	0.00
متمصر	0.00
متمضمض	0.00
متمطر	0.00
متمطط	0.00
متمعن	0.00
متمغرب	0.00
متمقت	0.00
متمكث	0.00
متمكن	3.16
متملس	0.00
متملص	0.00
متملق	2.54
متملك	1.90
متململ	0.00
متمم	2.46
متمندل	0.00
متمنطق	0.00
متمنع	0.00
متمني	1.93
متمنيات	0.00
متمهد	0.00
متمهر	0.00
متمهل	1.32
متموج	2.42
متمول	0.00
متمون	0.00
متموه	0.00
متميز	4.04
متميس	0.00
متميع	0.00
متميل	0.00
متن	4.60
متنابذ	0.00
متنابز	0.00
متناثر	2.42
متناحر	0.00
متنادم	0.00
متنازع	2.68
متنازل	2.09
متناسب	2.77
متناسخ	0.00
متناسق	3.24
متناسل	1.17
متناصر	0.00
متناصف	0.00
متناطح	0.00
متناظر	2.10
متناظم	0.00
متناعت	0.00
متناعم	0.00
متناغم	2.61
متنافر	1.81
متنافس	2.16
متناقص	1.69
متناقض	3.08
متناقل	1.43
متناكح	0.00
متناهش	0.00
متناهض	0.00
متناوب	2.05
متناول	3.90
متناوم	0.00
متنبل	0.00
متنبه	1.81
متنة	1.24
متنتف	0.00
متنثر	0.00
متنجد	0.00
متنجس	0.00
متنجم	0.00
متنح	2.16
متنحنح	0.00
متنزل	1.12
متنزه	3.82
متنسب	0.00
متنسق	0.00
متنسك	1.05
متنشب	0.00
متنشر	0.00
متنشط	0.00
متنصب	0.00
متنصت	0.00
متنصح	0.00
متنصر	1.09
متنصف	1.20
متنصل	0.00
متنضح	0.00
متنضد	0.00
متنطع	1.52
متنطق	0.00
متنظف	0.00
متنظم	0.00
متنعل	0.00
متنعم	1.36
متنغص	0.00
متنغم	0.00
متنفس	2.88
متنفش	0.00
متنفط	0.00
متنفل	0.00
متنقب	0.00
متنقص	0.00
متنقض	0.00
متنقل	3.47
متنكب	0.00
متنكد	0.00
متنكر	2.79
متنكس	0.00
متنمر	2.18
متنمل	0.00
متنهد	0.00
متنور	1.94
متنوع	3.62
متنوعة	4.60
متنوم	0.00
مته	2.07
متهاتر	0.00
متهاجم	0.00
متهادن	0.00
متهارب	0.00
متهافت	0.00
متهالك	2.66
متهامس	0.00
متهامش	0.00
متهاون	2.11
متهايج	0.00
متهتك	1.70
متهجد	0.00
متهجر	0.00
متهجم	1.36
متهدب	0.00
متهدج	1.12
متهدد	0.00
متهدم	2.23
متهذب	0.00
متهرب	1.41
متهرطق	0.00
متهزج	0.00
متهزز	0.00
متهزع	0.00
متهشم	0.00
متهطل	0.00
متهفهف	0.00
متهكم	1.58
متهلل	1.03
متهلهل	0.00
متهم	3.94
متهوج	0.00
متهود	0.00
متهور	3.17
متهوس	0.00
متهوش	0.00
متهيب	0.00
متهيج	1.59
متهيم	0.00
متواتر	2.33
متواثب	0.00
متواجد	3.98
متواجه	0.00
متوادع	0.00
متوارث	2.53
متوارد	0.00
متواري	1.78
متواز	2.44
متوازن	3.42
متوازي	2.61
متواصف	0.00
متواصل	3.79
متواضع	3.77
متواطئ	2.42
متواعد	0.00
متوافد	0.00
متوافر	2.97
متوافق	3.39
متواكل	0.00
متوال	1.41
متوالد	0.00
متوالي	1.93
متواني	0.00
متواهب	0.00
متوتر	3.25
متوثب	1.12
متوثق	0.00
متوج	2.70
متوجب	1.16
متوجس	1.63
متوجع	1.41
متوجه	2.96
متوحد	2.50
متوحش	2.79
متوحل	0.00
متوحم	0.00
متودد	1.29
متودع	0.00
متورط	3.50
متورع	1.34
متورك	0.00
متورم	2.04
متوزر	0.00
متوزع	1.67
متوسخ	0.00
متوسد	1.75
متوسط	4.58
متوسع	2.04
متوسل	1.57
متوسم	0.00
متوشح	1.13
متوصل	1.45
متوضح	0.00
متوطد	0.00
متوطن	1.65
متوظف	1.26
متوعد	1.69
متوعك	1.33
متوغل	1.60
متوفاة	2.33
متوفر	4.28
متوفق	0.00
متوفى	3.15
متوفي	3.19
متوقد	1.96
متوقر	0.00
متوقع	4.27
متوقف	3.25
متوكئ	0.00
متوكل	2.44
متول	1.49
متولد	1.64
متولع	1.89
متوله	0.00
متولول	0.00
متولي	3.38
متون	2.69
متوهج	2.56
متوهم	2.36
متى	5.17
متيامن	0.00
متيتم	0.00
متيسر	1.59
متيقظ	2.14
متيقن	2.80
متيم	2.96
متيمم	0.00
متيمن	0.00
متين	3.60
متيه	0.00
مثؤوب	0.00
مثابة	2.52
مثابر	2.47
مثابرة	2.59
مثار	3.43
مثاقب	1.48
مثاقيب	1.27
مثاقيل	2.26
مثال	4.64
مثالب	1.93
مثالج	0.00
مثالي	4.04
مثالية	4.22
مثامن	0.00
مثانة	2.42
مثاني	2.18
مثاو	0.00
مثاوي	0.00
مثبت	3.68
مثبط	2.76
مثج	0.00
مثخن	1.91
مثد	0.00
مثرثر	0.00
مثرد	0.00
مثرود	0.00
مثرودة	0.00
مثري	1.24
مثع	0.00
مثقاب	2.42
مثقال	3.41
مثقب	2.41
مثقبي	0.00
مثقبية	0.00
مثقف	3.50
مثقل	2.96
مثقوب	2.58
مثل	6.12
مثلا	4.98
مثلاء	0.00
مثلبة	1.39
مثلث	3.84
مثلج	2.86
مثلجات	2.63
مثلجة	2.64
مثلما	4.58
مثلى	3.23
مثلي	4.60
مثليات	2.73
مثمر	3.05
مثمن	2.28
مثن	1.81
مثناة	1.82
مثنان	0.00
مثناه	1.08
مثناها	0.00
مثنوي	1.53
مثنوية	1.55
مثنى	3.52
مثني	2.11
مثوبة	1.93
مثور	0.00
مثول	2.31
مثوى	2.63
مثير	4.63
مثيل	4.14
مجائع	0.00
مجابه	1.72
مجابهة	3.35
مجاج	1.08
مجاد	0.00
مجادع	0.00
مجادل	2.14
مجادلة	2.98
مجادير	0.00
مجاديف	2.46
مجاذيب	1.26
مجار	2.52
مجاراة	3.19
مجارد	0.00
مجارف	1.77
مجاري	3.57
مجاريح	1.82
مجاز	3.14
مجازا	3.01
مجازاة	1.84
مجازة	2.64
مجازر	3.74
مجازف	2.07
مجازفة	2.85
مجازي	2.96
مجازيا	2.67
مجاس	1.32
مجاعة	3.34
مجافاة	1.80
مجال	5.37
مجالب	0.00
مجالد	2.50
مجالس	4.29
مجالسة	3.04
مجامر	1.18
مجامع	2.63
مجامعة	1.91
مجامل	2.15
مجاملة	3.60
مجان	2.81
مجانا	4.77
مجانب	1.53
مجانبة	1.78
مجانس	1.40
مجانسة	1.69
مجانق	0.00
مجاني	4.67
مجانيق	1.30
مجانين	3.66
مجاهد	3.89
مجاهدة	2.81
مجاهر	2.07
مجاهرة	2.07
مجاهض	0.00
مجاهل	2.15
مجاهير	0.00
مجاهيض	0.00
مجاهيل	2.10
مجاوب	1.41
مجاوبة	1.43
مجاور	3.43
مجاورة	3.80
مجاوز	0.00
مجاوزة	1.99
مجبر	3.44
مجبس	0.00
مجبنة	1.01
مجبور	2.61
مجبول	1.86
مجبى	0.00
مجتبى	2.86
مجتث	0.00
مجتذب	1.01
مجتر	1.52
مجترع	0.00
مجترف	0.00
مجتلب	0.00
مجتمع	4.78
مجتنب	0.00
مجتهد	3.56
مجح	0.00
مجحف	2.33
مجد	3.93
مجدار	0.00
مجداف	2.58
مجدب	1.54
مجدة	2.07
مجدتم	0.00
مجدتن	0.00
مجدد	2.99
مجددا	4.87
مجدر	1.39
مجدرة	1.78
مجدع	1.73
مجدف	1.96
مجدل	2.90
مجدن	0.00
مجدنا	2.31
مجدوا	1.94
مجدور	0.00
مجدول	2.77
مجدى	2.97
مجدي	4.06
مجذوب	2.46
مجذور	0.00
مجذوم	1.53
مجر	2.61
مجراف	1.36
مجرب	3.34
مجرة	3.47
مجرجر	0.00
مجرح	1.50
مجرد	5.30
مجرر	0.00
مجرس	0.00
مجرف	1.39
مجرفة	2.58
مجرم	3.95
مجروح	3.56
مجرور	2.51
مجرى	4.17
مجري	3.49
مجريط	1.34
مجز	2.58
مجزئ	1.73
مجزا	2.25
مجزاة	2.61
مجزر	2.38
مجزرة	4.16
مجزفة	0.00
مجزوم	1.69
مجس	2.53
مجسة	0.00
مجسد	2.25
مجسم	3.32
مجسمة	2.69
مجصص	1.13
مجع	0.00
مجعد	2.77
مجفف	3.27
مجفل	1.47
مجل	2.21
مجلب	1.50
مجلبب	0.00
مجلبة	2.22
مجلة	4.97
مجلجل	1.51
مجلخة	0.00
مجلد	3.68
مجلس	5.60
مجلى	1.76
مجلي	2.56
مجمد	2.83
مجمر	1.48
مجمع	4.56
مجمل	4.00
مجمهر	0.00
مجموع	4.40
مجموعة	5.68
مجن	1.95
مجناة	0.00
مجنب	1.48
مجنة	1.78
مجنح	2.50
مجند	3.12
مجندل	0.00
مجنس	2.05
مجنن	1.62
مجنون	4.23
مجني	1.75
مجهار	1.32
مجهاض	0.00
مجهد	3.10
مجهر	2.92
مجهري	2.41
مجهز	3.50
مجهض	1.31
مجهل	1.39
مجهلة	0.00
مجهود	3.94
مجهور	1.91
مجهول	4.35
مجود	2.23
مجوز	1.60
مجوس	2.75
مجوسي	2.22
مجوسية	2.11
مجوع	1.61
مجوف	2.69
مجول	1.76
مجون	2.23
مجوهر	0.00
مجوهرات	3.70
مجيء	3.69
مجيب	3.44
مجيد	4.14
مجير	2.56
مجيز	0.00
مجيش	0.00
مجيف	0.00
محا	2.73
محاباة	2.67
محابر	1.56
محابس	1.88
محابي	0.00
محاج	0.00
محاجاة	0.00
محاجة	1.40
محاجر	2.72
محاجم	0.00
محادث	1.14
محادثة	4.15
محادل	0.00
محاذاة	2.85
محاذرة	0.00
محاذي	1.89
محار	2.73
محارب	3.77
محاربة	4.36
محارة	2.61
محارم	3.97
محاريات	0.00
محاريب	2.24
محاريث	1.69
محازبة	0.00
محازم	0.00
محاسب	3.61
محاسبة	4.06
محاسد	0.00
محاسن	3.40
محاسنة	1.39
محاسيب	1.04
محاش	0.00
محاشاة	0.00
محاشد	0.00
محاصد	0.00
محاصر	3.39
محاصرة	3.78
محاصيل	3.48
محاضر	3.62
محاضرة	4.20
محاط	3.58
محاطب	0.00
محاف	1.16
محافر	0.00
محافظ	4.30
محافظة	5.06
محافل	2.48
محافير	0.00
محاق	1.71
محاقن	1.65
محاك	2.20
محاكاة	3.91
محاكم	3.94
محاكمة	4.42
محاكي	2.88
محال	3.93
محالب	0.00
محالة	3.67
محالج	1.69
محالف	0.00
محالق	0.00
محاليج	0.00
محاليل	2.84
محام	4.21
محاماة	3.28
محامد	1.61
محامص	1.50
محامل	2.46
محامي	4.61
محاور	3.76
محاورة	2.87
محاول	2.44
محاولة	5.12
محاية	1.55
محايد	3.51
محايدة	3.64
محب	3.98
محبب	3.08
محبة	4.22
محبذ	2.22
محبر	1.46
محبرة	2.12
محبس	2.42
محبط	3.22
محبوب	3.85
محبوس	3.16
محبوك	2.28
محت	2.57
محتاج	3.74
محتار	3.12
محتاط	1.47
محتال	2.92
محتبس	1.46
محتج	2.57
محتجب	1.35
محتجز	3.44
محتد	1.75
محتدم	2.22
محترز	0.00
محترس	1.23
محترف	4.26
محترق	2.81
محترم	4.15
محتسب	2.45
محتشد	2.37
محتشم	2.77
محتضر	1.85
محتضن	1.86
محتطب	0.00
محتفظ	2.63
محتفل	1.79
محتقر	2.20
محتقن	2.11
محتك	1.03
محتكر	2.23
محتكم	0.00
محتل	3.17
محتلب	0.00
محتلم	1.90
محتمل	4.14
محتوم	2.90
محتوى	4.58
محتويات	4.06
محثث	0.00
محج	3.06
محجب	1.92
محجة	2.08
محجر	3.19
محجل	1.25
محجم	1.85
محجمة	1.21
محجوب	4.14
محجور	1.94
محجوز	2.95
محدب	2.26
محدث	3.42
محدد	4.49
محدق	3.11
محدلة	1.20
محدود	4.32
محدودب	1.49
محدودية	3.47
محذر	1.53
محذوف	2.84
محراب	3.16
محراث	2.29
محرار	1.20
محراك	1.16
محرج	3.53
محرر	4.02
محرز	3.22
محرش	1.01
محرض	2.68
محرف	2.68
محرق	2.39
محرك	4.54
محرم	4.21
محرمة	3.43
محرور	0.00
محروس	3.03
محروق	3.00
محروقات	1.88
محروم	3.05
محز	0.00
محزب	0.00
محزم	2.26
محزن	3.90
محزون	2.11
محسة	0.00
محسدة	0.00
محسس	1.48
محسن	4.47
محسوب	3.26
محسوبية	2.16
محسود	2.76
محسوس	2.70
محسوم	2.84
محش	1.53
محشاة	0.00
محشر	1.07
محشى	2.04
محشي	2.92
محص	1.55
محصاة	1.24
محصب	0.00
محصبة	0.00
محصد	0.00
محصص	0.00
محصل	2.79
محصلة	3.06
محصن	3.29
محصور	3.22
محصول	3.58
محصي	1.54
محض	3.78
محضر	3.27
محضض	0.00
محضن	1.60
محضون	0.00
محط	3.74
محطب	0.00
محطة	4.95
محطم	3.72
محطمة	3.03
محظور	3.54
محظوظ	3.81
محظية	2.51
محفار	0.00
محفة	2.20
محفز	3.46
محفض	0.00
محفظة	3.77
محفف	0.00
محفل	2.99
محفور	2.99
محفوري	0.00
محفوظ	4.23
محفوف	3.06
محق	3.47
محقان	1.52
محقة	2.83
محقد	0.00
محقر	1.36
محقرات	0.00
محقرة	0.00
محقق	3.73
محقن	1.60
محقنة	2.08
محقي	0.00
محك	2.69
محكة	1.32
محكم	3.62
محكمة	4.89
محكوم	3.65
محكومية	2.03
محكي	1.90
محل	4.87
محلاج	1.37
محلاق	0.00
محلاقي	0.00
محلب	3.40
محلة	3.34
محلج	1.96
محلجة	0.00
محلحل	0.00
محلف	2.54
محلق	2.36
محلقم	0.00
محلل	3.73
محلوب	0.00
محلوج	0.00
محلول	3.58
محلي	4.30
محلية	4.69
محم	2.79
محمد	6.11
محمدة	1.76
محمدي	3.18
محمر	2.92
محمس	1.37
محمص	2.64
محمصة	2.63
محمض	1.55
محمل	4.08
محملق	0.00
محمم	0.00
محمود	5.13
محمول	3.99
محموم	2.71
محمي	3.62
محمية	4.11
محن	2.91
محنة	3.84
محنجر	0.00
محنف	0.00
محنك	2.97
محو	3.91
محوتم	0.00
محوتن	0.00
محور	4.34
محوري	3.13
محوز	0.00
محوصل	0.00
محوض	0.00
محوط	1.46
محوق	0.00
محول	3.53
محون	0.00
محونا	1.43
محى	2.83
محي	3.69
محيا	2.87
محيار	0.00
محيتم	0.00
محيتن	0.00
محيد	1.86
محير	3.11
محيص	2.25
محيض	0.00
محيط	4.47
محين	1.45
محينا	1.65
مخابئ	2.89
مخابر	2.61
مخابرة	1.73
مخابز	2.48
مخابص	0.00
مخابيط	0.00
مخابيل	1.67
مخاتل	1.54
مخاتير	1.98
مخاخ	0.00
مخاد	1.04
مخادع	3.05
مخادعة	2.78
مخاذيل	0.00
مخارج	3.44
مخارز	0.00
مخارش	1.59
مخارط	1.26
مخازن	3.78
مخاصر	0.00
مخاصف	0.00
مخاصم	1.53
مخاصمة	2.05
مخاض	3.02
مخاضة	1.77
مخاضعة	0.00
مخاط	2.72
مخاطب	2.02
مخاطبة	3.62
مخاطر	4.38
مخاطرة	3.48
مخاطم	0.00
مخاطي	2.36
مخافة	3.20
مخافر	2.21
مخال	1.29
مخالب	3.20
مخالجة	0.00
مخالسة	0.00
مخالط	1.91
مخالطة	2.86
مخالف	3.93
مخالفة	4.27
مخالي	0.00
مخاليف	1.60
مخامرة	1.51
مخانق	0.00
مخانيث	1.77
مخاوف	4.17
مخايرة	0.00
مخايل	2.38
مخبا	3.43
مخبات	0.00
مخباط	1.25
مخبر	3.53
مخبز	3.32
مخبصة	0.00
مخبوء	1.85
مخبوءة	1.76
مخبول	2.18
مختار	4.04
مختبئ	2.81
مختبر	4.15
مخترع	3.66
مخترق	3.30
مختزل	2.26
مختزن	1.37
مختص	3.83
مختصر	4.01
مختصم	0.00
مختطف	3.07
مختف	2.33
مختفي	3.13
مختل	3.41
مختلس	2.08
مختلط	3.47
مختلف	5.30
مختلق	2.66
مختمر	1.36
مختنق	2.22
مختوم	2.87
مختون	1.83
مخج	0.00
مخجل	3.45
مخخ	0.00
مخدة	2.63
مخدر	3.78
مخدع	2.15
مخدوع	2.67
مخدوم	2.36
مخذول	2.09
مخر	1.63
مخراش	0.00
مخراق	1.09
مخرب	2.96
مخربش	1.22
مخرج	4.46
مخرز	1.69
مخرطة	2.18
مخرفة	1.49
مخرقة	1.09
مخروط	3.19
مخروطي	2.43
مخروق	1.86
مخروم	1.80
مخزر	0.00
مخزن	3.93
مخزني	2.37
مخزون	3.85
مخشن	0.00
مخصب	2.35
مخصخص	0.00
مخصرة	1.36
مخصص	4.18
مخصصات	3.00
مخصف	0.00
مخصور	0.00
مخصوص	3.26
مخصوم	1.66
مخض	1.25
مخضب	1.80
مخضر	2.22
مخضرم	3.11
مخضع	1.13
مخط	1.81
مخطئ	3.64
مخطة	0.00
مخطط	4.54
مخطف	0.00
مخطم	0.00
مخطوب	1.85
مخطوط	3.14
مخطوطة	3.38
مخطوف	2.47
مخفر	3.24
مخفض	2.96
مخفف	3.01
مخفق	1.33
مخفور	0.00
مخفي	3.56
مخق	0.00
مخل	2.82
مخلاة	1.53
مخلاف	2.04
مخلب	2.97
مخلخل	1.57
مخلد	3.26
مخلص	3.92
مخلط	2.25
مخلع	1.67
مخلف	2.73
مخلل	2.97
مخلوط	3.24
مخلوطة	2.78
مخلوع	2.64
مخلوق	4.13
مخلوقية	0.00
مخمد	1.77
مخمس	2.06
مخمصة	1.30
مخمل	2.60
مخملي	2.66
مخمن	1.55
مخمور	3.01
مخن	1.30
مخناث	0.00
مخنث	3.05
مخندق	0.00
مخنع	0.00
مخنقة	1.29
مخنوث	0.00
مخنوق	2.64
مخوصص	0.00
مخوض	0.00
مخوف	1.66
مخيب	2.97
مخيخ	1.55
مخير	2.82
مخيض	1.71
مخيط	2.52
مخيطا	1.44
مخيف	4.01
مخيل	1.21
مخيلة	3.26
مخيم	4.40
مدائح	2.33
مدائن	2.93
مدابغ	1.31
مداجنة	0.00
مداح	3.47
مداخل	3.99
مداخلة	3.67
مداخن	2.38
مداخيل	2.82
مداد	3.36
مدار	4.85
مداراة	2.08
مدارج	3.06
مدارس	4.59
مدارسة	1.77
مدارك	2.87
مداركة	0.00
مداري	2.67
مداعب	1.43
مداعبة	2.92
مدافئ	2.35
مدافع	4.22
مدافعة	3.03
مدافن	2.74
مداق	0.00
مدالسة	0.00
مدالك	0.00
مدام	3.94
مدامع	1.55
مدان	3.32
مداهم	1.76
مداهمة	3.61
مداهن	1.52
مداهنة	1.96
مداو	0.00
مداواة	2.67
مداور	0.00
مداورة	1.93
مداوس	0.00
مداولة	2.27
مداوم	2.05
مداومة	2.45
مدايين	0.00
مدبج	0.00
مدبر	3.52
مدبغة	1.79
مدبلج	2.89
مدبوغ	1.98
مدة	4.95
مدت	3.03
مدثر	2.15
مدجج	2.35
مدجل	0.00
مدح	3.87
مدحة	1.94
مدحرج	1.23
مدحض	0.00
مدخ	1.03
مدخل	4.37
مدخن	3.14
مدخنة	2.87
مدخول	2.73
مدد	3.59
مددة	1.05
مدر	2.99
مدراء	3.68
مدرار	2.30
مدراس	2.78
مدرب	4.72
مدرة	2.51
مدرج	3.87
مدرس	4.14
مدرسة	5.14
مدرسي	3.60
مدرع	3.02
مدرعة	3.58
مدرك	3.46
مدركات	2.39
مدروس	3.28
مدريد	4.93
مدس	1.24
مدسم	0.00
مدسوس	2.53
مدش	0.00
مدشن	0.00
مدع	2.78
مدعاة	3.37
مدعم	2.91
مدعو	3.11
مدعوم	3.53
مدعى	2.77
مدعي	3.57
مدغشقر	3.89
مدفا	1.82
مدفاة	2.84
مدفع	3.68
مدفعي	3.29
مدفعية	3.54
مدفن	2.74
مدفوع	3.55
مدفون	3.35
مدق	1.92
مدقع	2.63
مدقق	3.09
مدك	2.14
مدكك	0.00
مدكن	0.00
مدلج	2.27
مدلجة	1.10
مدلس	2.13
مدلع	1.66
مدلك	2.01
مدلكة	1.70
مدلل	2.98
مدله	1.09
مدلهم	1.31
مدلول	2.80
مدماة	0.00
مدمة	1.13
مدمج	3.51
مدمدم	0.00
مدمر	3.66
مدمس	1.84
مدمع	1.20
مدملج	0.00
مدمن	3.54
مدمى	2.04
مدن	4.85
مدندن	0.00
مدنس	2.00
مدني	4.40
مدنية	4.40
مده	3.63
مدهش	3.86
مدهوش	1.25
مدهون	2.44
مدوا	2.52
مدواس	0.00
مدوخ	1.75
مدود	1.24
مدور	3.06
مدوس	1.08
مدون	3.52
مدونة	4.38
مدى	5.22
مدي	3.72
مديان	1.95
مدية	2.60
مديتم	0.00
مديتن	0.00
مديث	0.00
مديح	3.25
مديد	2.82
مدير	5.08
مديرة	4.21
مديري	3.75
مديرية	4.49
مدين	3.63
مدينا	3.04
مدينة	5.79
مديني	2.27
مديون	2.77
مديونية	2.65
مديونير	0.00
مذئذ	0.00
مذابح	3.37
مذار	0.00
مذارف	0.00
مذاري	0.00
مذاق	3.51
مذاك	2.16
مذاكرة	2.81
مذاهب	3.26
مذاود	0.00
مذاييع	0.00
مذبح	3.18
مذبحة	4.03
مذبذب	2.10
مذبوح	2.49
مذح	0.00
مذخر	1.37
مذر	2.44
مذراة	1.39
مذرة	1.11
مذرف	0.00
مذع	0.00
مذعان	0.00
مذعن	1.42
مذعور	2.30
مذق	0.00
مذقة	1.01
مذكار	0.00
مذكر	3.18
مذكرة	4.46
مذكور	3.74
مذل	2.64
مذلة	3.02
مذلق	0.00
مذلل	1.06
مذلول	1.66
مذم	0.00
مذمات	0.00
مذمة	1.95
مذمم	1.04
مذموم	2.82
مذنب	3.74
مذهب	4.14
مذهبي	2.85
مذهبية	2.79
مذهل	3.94
مذهوب	0.00
مذهول	2.48
مذوب	1.70
مذود	1.94
مذى	1.32
مذي	1.59
مذياع	2.70
مذيب	2.51
مذيخرة	1.27
مذيع	3.82
مذيل	1.94
مرؤ	0.00
مرؤوس	1.85
مرئ	1.92
مرئي	3.82
مرئيات	2.27
مرا	1.40
مراء	2.02
مراءاة	0.00
مرائب	1.97
مرائر	0.00
مرائس	0.00
مراب	2.36
مرابد	0.00
مرابض	1.91
مرابط	2.81
مرابع	2.04
مرابي	2.06
مرابيع	1.11
مراة	3.98
مرات	5.12
مراتب	3.78
مراتع	2.14
مراتيج	0.00
مراث	1.44
مراثي	2.05
مراجع	3.58
مراجعة	4.59
مراجل	2.30
مراجيع	0.00
مراح	2.95
مراحل	4.57
مراحم	1.37
مراحى	0.00
مراحيض	3.07
مراد	4.15
مرادف	3.06
مرار	2.86
مرارة	3.76
مراري	1.60
مراز	1.09
مرازئ	0.00
مراس	2.36
مراسة	0.00
مراسح	0.00
مراسل	4.26
مراسلة	3.80
مراسم	4.00
مراسي	2.65
مراسيل	2.37
مراسيم	3.50
مراش	1.81
مراشف	0.00
مراشقة	0.00
مراصد	2.29
مراصيد	0.00
مراض	1.63
مراضع	0.00
مراضى	0.00
مراطيب	0.00
مراع	2.38
مراعاة	3.95
مراعي	2.88
مراغة	2.08
مراغم	0.00
مرافئ	2.70
مرافع	1.13
مرافعة	2.66
مرافق	4.06
مرافقة	3.75
مرافيع	0.00
مراق	1.87
مراقب	4.03
مراقبة	4.76
مراقد	2.67
مراقص	1.78
مراقم	0.00
مراقن	0.00
مراقي	2.32
مراكب	3.30
مراكز	4.74
مراكش	4.09
مراكشي	1.71
مراكض	0.00
مراكم	1.16
مراكن	0.00
مراكيب	1.08
مرام	3.30
مرامري	0.00
مرامي	2.29
مراميش	0.00
مران	3.35
مراهق	3.68
مراهقة	3.85
مراهم	2.39
مراهن	1.70
مراهنة	2.53
مراوب	0.00
مراوح	2.99
مراود	1.04
مراودة	1.73
مراوغ	2.47
مراوغة	3.25
مراى	3.57
مرايا	3.37
مرب	2.39
مربا	0.00
مرباع	1.14
مربت	0.00
مربث	0.00
مربد	1.46
مربض	1.79
مربط	2.93
مربع	4.49
مربعة	3.40
مربقة	0.00
مربك	2.63
مربوط	3.47
مربى	3.12
مرة	5.76
مرت	4.64
مرتاب	2.29
مرتاج	0.00
مرتاح	3.90
مرتاع	1.69
مرتب	3.78
مرتبة	4.14
مرتبط	4.32
مرتبك	2.82
مرتج	1.35
مرتجع	1.75
مرتجف	1.96
مرتجل	2.25
مرتحل	2.27
مرتد	2.98
مرتدع	0.00
مرتزق	3.01
مرتسم	1.58
مرتشف	0.00
مرتشي	2.22
مرتضى	3.84
مرتطم	0.00
مرتع	2.76
مرتعب	1.65
مرتعد	1.53
مرتعش	2.07
مرتفع	4.17
مرتق	0.00
مرتقاة	0.00
مرتقب	2.55
مرتقع	1.04
مرتقى	1.70
مرتقي	1.26
مرتكب	3.37
مرتكز	2.66
مرتكس	0.00
مرتكض	0.00
مرتل	2.17
مرتهن	1.83
مرتو	2.19
مرتين	4.76
مرث	0.00
مرثاة	1.76
مرثية	2.77
مرج	3.36
مرجئة	1.98
مرجاس	0.00
مرجان	3.43
مرجانة	2.56
مرجح	3.24
مرجع	3.74
مرجعية	3.67
مرجفة	0.00
مرجل	2.49
مرجم	1.15
مرجوع	1.49
مرجونة	0.00
مرجيحة	1.44
مرح	3.60
مرحاض	3.51
مرحب	3.93
مرحبا	4.70
مرحلة	5.00
مرحمة	1.23
مرحوم	2.57
مرحى	3.26
مرخ	1.92
مرخص	3.64
مرخم	1.30
مرد	3.02
مرداء	1.08
مرداسنج	0.00
مرداوات	0.00
مردة	2.23
مردد	1.88
مرددوش	0.00
مردع	0.00
مردف	1.87
مردقوش	0.00
مردود	3.35
مردودية	1.99
مردوم	1.71
مردي	1.51
مرذ	0.00
مرذول	1.16
مرر	3.55
مرز	1.61
مرزئة	0.00
مرزا	0.00
مرزاب	0.00
مرزاة	0.00
مرزبان	1.94
مرزبة	1.24
مرزة	1.40
مرزوق	3.92
مرس	2.20
مرساة	2.88
مرسال	3.01
مرسب	1.21
مرسة	1.58
مرسح	0.00
مرسخ	1.32
مرسل	3.47
مرسم	2.60
مرسوم	4.12
مرسى	3.79
مرسي	4.47
مرسين	2.48
مرش	1.99
مرشة	1.77
مرشح	4.29
مرشد	3.83
مرشف	0.00
مرص	1.22
مرصاد	1.95
مرصبان	0.00
مرصد	3.85
مرصص	0.00
مرصع	2.85
مرصود	2.11
مرصوص	2.19
مرصوف	2.15
مرض	4.90
مرضافة	0.00
مرضتم	0.00
مرضتن	0.00
مرضع	1.99
مرضعة	2.69
مرضف	0.00
مرضن	0.00
مرضنا	2.18
مرضوا	2.09
مرضى	4.46
مرضي	3.68
مرط	1.35
مرطاب	0.00
مرطب	3.17
مرطبان	1.97
مرع	1.55
مرعب	3.83
مرعبل	0.00
مرعد	1.85
مرعرع	0.00
مرعش	2.05
مرعوب	2.56
مرعى	2.74
مرعي	3.63
مرغ	2.23
مرغب	1.65
مرغم	2.52
مرغوب	3.97
مرفا	3.67
مرفاع	1.26
مرفد	0.00
مرفرف	1.21
مرفع	1.83
مرفق	3.64
مرفقة	3.33
مرفه	1.93
مرفوع	3.69
مرق	3.16
مرقاة	1.92
مرقاس	0.00
مرقاق	0.00
مرقب	2.00
مرقة	2.87
مرقد	3.24
مرقس	3.29
مرقش	1.95
مرقشيتا	0.00
مرقص	2.96
مرقط	2.20
مرقع	1.99
مرقعان	0.00
مرقق	1.73
مرقم	2.34
مرقنة	0.00
مرقوم	1.55
مرقى	1.53
مركاز	1.91
مركاض	1.12
مركب	4.16
مركبات	3.98
مركبة	4.32
مركز	5.48
مركزي	3.86
مركزية	4.03
مركض	0.00
مركع	0.00
مركم	1.95
مركن	1.50
مركوب	2.05
مركيز	2.02
مركيزة	1.41
مركيزية	0.00
مرماخور	0.00
مرماش	0.00
مرمة	1.42
مرمد	1.04
مرمدة	1.30
مرمر	2.77
مرمش	1.40
مرمق	0.00
مرمم	2.14
مرموز	1.18
مرموط	1.60
مرموق	3.14
مرمى	4.32
مرن	3.59
مرنب	0.00
مرنتم	0.00
مرنتن	0.00
مرنح	0.00
مرند	0.00
مرنق	0.00
مرنم	0.00
مرنوا	0.00
مرني	2.33
مره	4.77
مرهب	1.90
مرهط	0.00
مرهف	3.00
مرهق	3.48
مرهم	3.15
مرهوب	1.76
مرهون	3.38
مرو	3.13
مروءة	2.89
مروان	4.32
مروب	0.00
مروة	3.77
مروج	3.29
مروح	2.46
مروحة	3.50
مروحية	3.84
مرود	1.64
مرور	4.84
مروزي	0.00
مروض	2.41
مروع	3.79
مروق	2.18
مرول	0.00
مرولة	0.00
مروم	1.52
مرونة	3.79
مروي	3.17
مرى	2.44
مري	3.08
مريء	2.16
مرياح	1.81
مريب	3.57
مريح	4.01
مريخ	2.41
مريخي	2.24
مريد	3.13
مرير	3.13
مريس	2.29
مريسة	0.00
مريش	1.80
مريض	4.66
مريع	3.21
مريق	0.00
مريلة	2.21
مريم	4.86
مريمية	1.84
مرينة	0.00
مريول	1.86
مزئر	0.00
مزا	1.34
مزابل	2.25
مزاج	3.98
مزاح	3.23
مزاحف	0.00
مزاحم	2.88
مزاحمة	2.30
مزاد	3.64
مزادة	1.59
مزار	3.36
مزارع	4.18
مزاريب	1.80
مزاعم	3.81
مزال	2.94
مزالج	1.30
مزالق	2.05
مزاليج	1.38
مزامن	1.56
مزامير	2.92
مزاهر	1.09
مزاوج	0.00
مزاوجة	1.92
مزاود	1.01
مزاول	1.52
مزاولة	3.27
مزايا	4.00
مزايد	1.88
مزايدة	2.79
مزبد	1.82
مزبدة	1.21
مزبر	0.00
مزبرة	0.00
مزبلة	3.33
مزة	2.62
مزج	3.54
مزح	3.16
مزحتم	0.00
مزحتن	0.00
مزحزح	0.00
مزحف	0.00
مزحلق	0.00
مزحن	0.00
مزحنا	1.63
مزحوا	0.00
مزخرف	2.95
مزدحم	3.67
مزدرد	0.00
مزدري	1.34
مزدهر	3.06
مزدوج	4.03
مزدوجات	1.48
مزر	2.28
مزراب	2.08
مزراق	1.26
مزرع	1.55
مزرعة	4.21
مزركش	2.08
مزروع	3.04
مزع	1.32
مزعج	3.93
مزعزع	1.89
مزعف	0.00
مزعم	1.04
مزعوم	3.05
مزغرد	0.00
مزغل	0.00
مزفت	1.12
مزفتة	1.73
مزق	3.27
مزكوم	1.66
مزلاج	2.26
مزلاجة	0.00
مزلاق	1.09
مزلة	1.51
مزلج	1.09
مزلجة	2.13
مزلزل	1.87
مزلف	0.00
مزلق	2.36
مزلقان	1.84
مزلقة	2.23
مزلل	0.00
مزلم	0.00
مزمار	2.89
مزمجر	1.79
مزمر	1.29
مزمزم	0.00
مزمع	1.86
مزمل	2.10
مزمن	3.61
مزمور	2.37
مزموم	1.34
مزن	2.37
مزهر	2.95
مزهرية	2.90
مزهو	1.69
مزواج	1.36
مزود	4.03
مزودة	3.80
مزور	3.43
مزورة	3.81
مزوق	1.77
مزولة	1.58
مزى	0.00
مزية	2.92
مزيت	2.14
مزيتة	1.73
مزيج	4.21
مزيد	4.76
مزير	1.15
مزيف	3.61
مزيل	3.45
مزين	3.19
مسؤول	4.56
مسؤولية	4.57
مسئول	4.09
مسا	2.91
مساء	5.27
مسائل	4.06
مسابح	3.38
مسابر	1.58
مسابع	0.00
مسابق	1.78
مسابقة	4.76
مسابك	1.69
مسابيح	1.08
مسابير	1.68
مساتير	0.00
مساج	3.40
مساجد	4.21
مساجل	0.00
مساجلة	1.90
مساجين	3.01
مساح	2.49
مساحة	4.86
مساحق	1.26
مساحقة	0.00
مساحل	0.00
مساحيق	3.31
مساخر	1.38
مساد	1.51
مسار	4.59
مسارب	2.24
مسارة	2.00
مسارح	3.30
مسارد	1.80
مسارع	1.91
مسارعة	1.67
مساس	2.67
مساسيك	0.00
مساطب	1.29
مساطر	1.80
مساع	2.68
مساعد	4.66
مساعدة	5.07
مساعر	0.00
مساعف	0.00
مساعفة	0.00
مساعي	3.05
مساعير	0.00
مساغب	0.00
مسافة	4.63
مسافر	3.94
مسافلة	0.00
مسافير	1.31
مساق	2.57
مساقط	2.16
مساقي	1.29
مساقيط	0.00
مساك	2.22
مساكب	1.47
مساكن	3.90
مساكنة	1.65
مساكين	3.41
مسالة	4.80
مسالح	1.36
مسالخ	2.09
مسالف	0.00
مسالك	3.30
مسالم	3.35
مسالمة	3.18
مسام	2.85
مسامح	2.49
مسامحة	3.12
مسامر	1.10
مسامرة	1.98
مسامع	3.14
مسامك	1.65
مسامي	1.89
مسامية	2.26
مساميح	0.00
مسامير	3.26
مسان	1.08
مساند	3.17
مساندة	3.84
مساهرة	0.00
مساهلة	0.00
مساهم	3.31
مساهمة	4.22
مساهير	0.00
مساو	3.21
مساوئ	3.18
مساواة	3.60
مساور	1.64
مساورة	0.00
مساوفة	0.00
مساوم	1.05
مساومة	3.02
مساوي	2.82
مساويط	0.00
مساويك	1.14
مساير	1.43
مسايرة	2.79
مسايف	1.70
مسايفة	1.36
مسايل	1.35
مسبار	3.59
مسبب	3.42
مسبة	2.08
مسبت	0.00
مسبح	3.50
مسبحة	2.55
مسبر	1.13
مسبع	1.35
مسبعة	0.00
مسبغ	0.00
مسبق	3.93
مسبك	2.24
مسبكة	1.13
مسبوت	0.00
مسبوق	3.91
مستاء	3.23
مستاءة	2.65
مستاثر	0.00
مستاجر	2.94
مستانس	2.17
مستانف	2.68
مستاهل	0.00
مستباح	1.82
مستبد	3.01
مستبدل	1.56
مستبرك	0.00
مستبسل	0.00
مستبشر	1.83
مستبشع	0.00
مستبصر	1.93
مستبطن	1.35
مستبعد	3.19
مستبق	1.10
مستتب	2.27
مستتبع	0.00
مستتر	2.76
مستثقل	1.09
مستثمر	3.49
مستثناة	2.35
مستثنى	2.59
مستثير	0.00
مستجاب	2.82
مستجد	3.15
مستجدي	1.43
مستجلب	0.00
مستجمع	1.45
مستجمل	0.00
مستجوب	1.46
مستجير	1.97
مستحاثة	2.43
مستحب	2.76
مستحدث	2.55
مستحسن	2.32
مستحصل	0.00
مستحضر	3.08
مستحق	3.38
مستحكم	1.60
مستحل	1.93
مستحلب	2.52
مستحلف	0.00
مستحم	0.00
مستحمل	1.04
مستحوذ	2.18
مستحي	1.98
مستحيل	4.67
مستخبر	0.00
مستخدم	4.22
مستخرج	2.80
مستخف	2.12
مستخلص	3.10
مستخلف	0.00
مستدار	0.00
مستدبر	0.00
مستدرج	1.26
مستدرك	2.43
مستدعي	1.38
مستدق	2.16
مستدل	0.00
مستدير	2.93
مستديرة	3.66
مستديم	2.49
مستدين	1.07
مستذكر	0.00
مستراح	1.71
مسترة	0.00
مسترجع	1.71
مسترخ	1.90
مسترخص	0.00
مسترد	2.08
مسترزق	1.18
مسترسل	2.20
مسترشد	0.00
مسترق	1.37
مستريح	2.84
مستزاد	0.00
مستزيد	0.00
مستساغ	2.22
مستسخر	0.00
مستسلم	2.40
مستسمح	0.00
مستسهل	0.00
مستشار	4.28
مستشرف	1.48
مستشرق	2.38
مستشعر	3.06
مستشف	1.54
مستشفاة	0.00
مستشفع	0.00
مستشفى	4.88
مستشهد	1.74
مستشيط	0.00
مستصحب	0.00
مستصدر	0.00
مستصرخ	0.00
مستصعب	1.47
مستصغر	1.86
مستصلح	1.04
مستضعف	2.13
مستطاع	2.54
مستطرب	0.00
مستطرد	0.00
مستطعم	0.00
مستطلع	1.50
مستطير	2.07
مستطيل	3.52
مستظرف	1.68
مستظل	0.00
مستظهر	0.00
مستعار	3.80
مستعان	1.57
مستعبد	2.37
مستعجب	0.00
مستعجل	3.27
مستعجم	0.00
مستعد	4.16
مستعذب	0.00
مستعر	2.48
مستعرب	1.89
مستعربة	1.81
مستعرض	2.76
مستعرف	0.00
مستعصم	0.00
مستعصي	1.98
مستعطف	0.00
مستعطي	0.00
مستعظم	0.00
مستعلم	0.00
مستعمر	2.51
مستعمرة	3.80
مستعمل	3.77
مستعير	1.56
مستغرب	3.32
مستغرق	2.32
مستغفر	2.18
مستغفل	0.00
مستغل	2.70
مستغلات	0.00
مستغلق	0.00
مستغيث	1.16
مستفتح	0.00
مستفحل	1.93
مستفرد	0.00
مستفرغ	0.00
مستفز	3.28
مستفسر	0.00
مستفهم	0.00
مستفيد	3.11
مستفيض	2.24
مستقبح	1.46
مستقبل	4.66
مستقبلي	3.82
مستقة	0.00
مستقدم	1.28
مستقر	3.93
مستقصي	1.27
مستقطب	2.39
مستقطع	2.38
مستقل	4.41
مستقيل	2.16
مستقيم	4.09
مستكبر	2.16
مستكتب	0.00
مستكثر	1.16
مستكره	1.53
مستكشف	3.00
مستكفات	0.00
مستكمل	1.21
مستلب	0.00
مستلذ	0.00
مستلزم	1.42
مستلطف	0.00
مستلفت	0.00
مستلم	2.74
مستمتع	2.94
مستمد	2.76
مستمر	4.56
مستمسك	1.90
مستمطر	0.00
مستمع	2.93
مستملح	0.00
مستمهل	0.00
مستميت	2.34
مستنبت	1.79
مستنبط	1.90
مستنتج	1.52
مستنجد	0.00
مستنجع	0.00
مستند	3.57
مستنزف	1.95
مستنسخ	2.48
مستنشق	1.62
مستنصر	0.00
مستنطق	0.00
مستنعش	0.00
مستنفد	0.00
مستنفر	1.21
مستنقع	3.58
مستنكر	1.97
مستنكف	0.00
مستنهض	0.00
مستنير	2.47
مستهاض	0.00
مستهان	0.00
مستهتر	2.68
مستهجن	2.05
مستهدف	3.11
مستهزئ	1.49
مستهل	3.03
مستهلك	3.29
مستهيم	0.00
مستو	2.95
مستواة	1.57
مستوجب	1.41
مستوحش	1.62
مستودع	3.82
مستور	2.88
مستورد	3.01
مستوصف	3.29
مستوضح	0.00
مستوطن	3.16
مستوطنة	3.83
مستوعب	2.50
مستوعد	0.00
مستوف	1.39
مستوفد	0.00
مستوقد	1.37
مستول	0.00
مستولاة	0.00
مستولد	0.00
مستولى	1.64
مستولي	1.26
مستوى	5.24
مستوي	3.75
مستيقظ	2.67
مستيقن	0.00
مسجة	0.00
مسجد	4.84
مسجل	4.15
مسجلة	4.19
مسجون	3.53
مسح	4.24
مسحاء	0.00
مسحاة	1.33
مسحاف	0.00
مسحب	1.52
مسحة	3.24
مسحراتي	1.46
مسحف	0.00
مسحفة	0.00
مسحق	0.00
مسحل	1.81
مسحوب	2.51
مسحوت	0.00
مسحور	3.04
مسحوق	3.89
مسحى	0.00
مسخ	3.02
مسخر	2.76
مسخرة	2.94
مسخف	0.00
مسخن	2.51
مسد	2.33
مسداة	0.00
مسدد	2.81
مسدس	3.74
مسدل	0.00
مسدود	3.51
مسر	2.17
مسراق	0.00
مسرب	2.86
مسرة	2.69
مسرج	1.72
مسرح	4.65
مسرحي	3.73
مسرحية	4.36
مسرد	2.27
مسرطن	2.24
مسرع	3.22
مسرف	2.51
مسرور	3.47
مسروق	3.36
مسرول	1.04
مسسة	0.00
مسط	0.00
مسطار	0.00
مسطبة	1.51
مسطح	3.59
مسطر	2.11
مسطرة	2.80
مسطع	0.00
مسطول	2.56
مسعاة	0.00
مسعار	0.00
مسعد	3.51
مسعر	2.58
مسعري	0.00
مسعف	2.76
مسعود	4.40
مسعور	2.53
مسعى	3.54
مسغبة	1.69
مسفار	1.46
مسفر	2.96
مسفسط	0.00
مسفسف	0.00
مسفط	0.00
مسفك	0.00
مسفل	0.00
مسفه	0.00
مسفوح	1.44
مسفوك	0.00
مسقاة	0.00
مسقاط	0.00
مسقام	0.00
مسقط	4.40
مسقعة	1.94
مسقمة	0.00
مسقوف	2.09
مسقوم	0.00
مسقى	1.63
مسقي	1.65
مسك	3.82
مسكان	1.98
مسكبة	0.00
مسكة	3.01
مسكت	3.17
مسكر	3.11
مسكع	0.00
مسكن	3.99
مسكنة	2.76
مسكوب	2.22
مسكوت	2.46
مسكوكات	1.94
مسكوكة	1.75
مسكون	3.01
مسكونة	3.06
مسكوني	2.26
مسكي	2.18
مسكين	3.91
مسكينات	1.55
مسل	2.72
مسلاة	1.20
مسلاط	1.34
مسلة	2.58
مسلح	4.16
مسلحة	4.25
مسلخ	2.68
مسلس	1.89
مسلسل	5.00
مسلط	2.78
مسلطن	0.00
مسلف	0.00
مسلفة	0.00
مسلك	3.13
مسلكة	1.07
مسلم	4.94
مسلمة	4.28
مسلوب	2.64
مسلوخ	1.88
مسلوق	2.78
مسلوك	1.34
مسلول	1.95
مسلي	2.67
مسم	1.92
مسماة	2.57
مسمار	3.53
مسماري	2.01
مسمد	0.00
مسمر	2.17
مسمع	2.68
مسمك	0.00
مسمم	1.98
مسمن	1.58
مسمنة	0.00
مسموح	4.08
مسموع	3.49
مسموم	2.93
مسمى	4.36
مسن	3.78
مسند	3.42
مسنن	2.39
مسنون	2.39
مسهار	0.00
مسهب	2.03
مسهد	1.01
مسهر	2.44
مسهل	2.67
مسهم	2.44
مسواط	0.00
مسواك	1.98
مسود	2.41
مسودة	3.87
مسور	2.28
مسوس	2.14
مسوط	0.00
مسوغ	2.42
مسوف	1.30
مسوق	2.77
مسوك	0.00
مسوم	1.42
مسى	2.04
مسي	2.39
مسيء	3.34
مسيب	1.78
مسيج	1.76
مسيح	3.18
مسيحاني	0.00
مسيحة	1.67
مسيحي	4.05
مسيحية	3.94
مسير	3.63
مسيرة	4.66
مسيس	2.21
مسيسيبي	2.44
مسيطر	3.47
مسيل	2.86
مشؤوم	2.28
مشاء	2.50
مشائم	0.00
مشابكة	0.00
مشابه	4.17
مشابهة	4.34
مشابيب	0.00
مشاة	3.82
مشات	1.85
مشاتل	2.49
مشاتمة	0.00
مشاتي	1.77
مشاجب	1.06
مشاجر	0.00
مشاجرة	3.54
مشاحة	1.43
مشاحذ	0.00
مشاحن	1.51
مشاحنة	1.96
مشادة	3.33
مشاذب	0.00
مشارب	2.09
مشارة	1.23
مشارط	1.45
مشارف	3.74
مشارق	2.87
مشارقة	1.90
مشارك	4.10
مشاركة	4.88
مشاريب	1.81
مشاريط	0.00
مشاريع	4.73
مشاش	1.96
مشاط	1.92
مشاطة	0.00
مشاطرة	2.26
مشاع	2.92
مشاعب	0.00
مشاعر	4.68
مشاعل	3.35
مشاعيل	0.00
مشاغب	2.87
مشاغبة	2.41
مشاغل	3.08
مشافر	0.00
مشافه	0.00
مشافهة	2.06
مشاق	2.42
مشاك	1.52
مشاكس	2.63
مشاكسة	2.46
مشاكل	5.03
مشاكلة	2.12
مشاكي	0.00
مشالل	0.00
مشامة	0.00
مشامل	0.00
مشاميل	0.00
مشانق	2.09
مشاهد	4.38
مشاهدة	5.09
مشاهير	4.07
مشاو	1.21
مشاور	1.79
مشاورة	2.39
مشاوي	2.36
مشاوير	2.68
مشاية	1.99
مشايخ	3.66
مشايع	0.00
مشبب	2.11
مشبع	3.00
مشبك	3.21
مشبه	2.28
مشبوب	1.42
مشبوه	3.31
مشت	3.02
مشتاة	0.00
مشتاق	3.38
مشتبه	3.85
مشتت	3.00
مشتر	2.81
مشترط	1.24
مشترك	4.63
مشتري	3.25
مشتريات	3.10
مشتعل	2.70
مشتغل	2.32
مشتق	3.27
مشتك	0.00
مشتكاة	0.00
مشتكى	0.00
مشتكي	1.31
مشتل	2.72
مشتمل	2.18
مشتهاة	0.00
مشتهر	1.78
مشتهى	2.36
مشتهي	2.30
مشتى	2.09
مشتي	1.38
مشج	1.31
مشجب	1.74
مشجر	2.43
مشجع	3.60
مشح	0.00
مشحذ	1.17
مشحوذ	1.44
مشحون	3.19
مشخص	2.47
مشد	2.77
مشدد	3.06
مشدود	3.04
مشذب	1.98
مشر	1.78
مشراط	0.00
مشرب	2.57
مشربة	2.14
مشربية	1.65
مشرح	2.06
مشرحة	3.17
مشرد	3.35
مشرط	2.67
مشرع	3.28
مشرف	4.13
مشرق	3.84
مشرقان	0.00
مشرقي	2.12
مشرك	2.86
مشروب	3.95
مشروح	2.57
مشروخ	1.80
مشروط	3.63
مشروع	5.31
مشروعية	3.29
مشط	3.20
مشطب	1.40
مشطة	1.41
مشطر	0.00
مشطوب	1.97
مشطور	1.45
مشطيات	0.00
مشظ	0.00
مشع	3.04
مشعاع	1.56
مشعال	0.00
مشعب	1.82
مشعبذ	0.00
مشعة	3.41
مشعث	1.37
مشعر	3.35
مشعل	4.05
مشعوذ	2.84
مشغ	1.13
مشغرة	1.91
مشغل	3.96
مشغلة	2.82
مشغوف	1.68
مشغول	4.09
مشفر	3.31
مشفع	2.05
مشفق	2.38
مشفل	0.00
مشفى	3.79
مشق	1.98
مشقات	2.08
مشقة	3.31
مشقق	1.84
مشقوق	2.72
مشك	2.03
مشكاة	2.79
مشكاك	1.09
مشكاوات	0.00
مشكة	1.76
مشكك	2.32
مشكل	3.55
مشكلة	5.17
مشكور	3.50
مشكوك	3.60
مشكول	1.01
مشل	1.94
مشلول	2.97
مشمئز	2.14
مشمال	0.00
مشمت	1.08
مشمخر	0.00
مشمس	2.93
مشمش	2.73
مشمشة	1.43
مشمع	2.31
مشمل	1.13
مشملة	0.00
مشمم	0.00
مشمول	2.47
مشموم	1.73
مشن	2.29
مشنة	0.00
مشنج	0.00
مشنع	0.00
مشنف	0.00
مشنقة	2.43
مشنوق	2.19
مشهد	4.52
مشهر	1.71
مشهود	3.00
مشهور	4.19
مشهيات	2.04
مشوا	2.71
مشواة	1.77
مشوار	3.75
مشوب	2.24
مشور	1.81
مشورة	3.17
مشوش	3.46
مشوط	0.00
مشوق	2.93
مشوك	1.56
مشوه	3.16
مشوي	3.28
مشى	3.64
مشي	3.57
مشيئة	3.31
مشيب	1.64
مشية	3.16
مشيتم	0.00
مشيتن	0.00
مشيج	1.46
مشيخ	1.44
مشيخة	3.12
مشيد	2.70
مشير	2.89
مشيط	3.52
مشيطن	0.00
مشيع	1.94
مشيمة	2.12
مشيمية	0.00
مشين	3.39
مشينا	3.26
مصائب	3.18
مصائد	2.76
مصاب	4.35
مصابغ	1.15
مصابيح	3.55
مصاحب	2.91
مصاحبة	3.48
مصاحف	2.62
مصاد	1.84
مصادر	5.06
مصادرة	3.87
مصادف	1.82
مصادفة	3.63
مصادق	2.30
مصادقة	3.33
مصادمة	2.27
مصارح	0.00
مصارحة	2.77
مصارع	3.46
مصارعة	3.78
مصارف	3.20
مصاريع	2.10
مصاريف	3.83
مصارين	1.46
مصاص	3.34
مصاصة	2.96
مصاعب	3.31
مصاعد	2.95
مصاغ	1.94
مصاف	3.00
مصافح	1.19
مصافحة	3.37
مصافي	2.80
مصاقع	0.00
مصال	1.62
مصالة	1.09
مصالح	4.36
مصالحة	3.32
مصالي	2.22
مصان	1.90
مصانع	3.97
مصانعة	1.36
مصاهر	1.61
مصاهرة	2.30
مصاولة	0.00
مصايد	2.38
مصاير	1.26
مصايف	2.26
مصب	3.02
مصباح	3.91
مصبح	2.74
مصبر	1.29
مصبغ	0.00
مصبغة	2.16
مصبن	0.00
مصبنة	1.23
مصبوب	2.24
مصة	1.83
مصت	1.95
مصح	2.47
مصحة	3.36
مصحح	2.62
مصحر	0.00
مصحف	3.45
مصحنة	0.00
مصحوب	2.93
مصخ	0.00
مصخفة	0.00
مصد	2.46
مصداق	2.21
مصداقية	3.96
مصدر	5.05
مصدع	2.00
مصدق	3.58
مصدور	1.09
مصدوع	0.00
مصدوم	3.42
مصر	5.79
مصراد	0.00
مصراع	2.49
مصران	1.81
مصرح	3.59
مصرع	3.69
مصرف	4.22
مصرفي	3.46
مصروع	1.74
مصروف	2.96
مصري	4.86
مصريات	3.37
مصط	1.16
مصطار	0.00
مصطاف	1.46
مصطب	0.00
مصطبة	2.28
مصطبر	0.00
مصطبغ	0.00
مصطحب	1.23
مصطدم	0.00
مصطف	1.83
مصطفاة	1.42
مصطفى	4.93
مصطكى	0.00
مصطلح	4.52
مصطنع	2.93
مصع	1.50
مصعب	3.82
مصعد	3.60
مصعر	0.00
مصعوق	1.12
مصغر	3.47
مصغي	1.09
مصف	2.06
مصفاة	3.46
مصفح	2.44
مصفر	2.52
مصفرة	2.23
مصفف	2.79
مصفق	1.59
مصفوفة	3.39
مصفى	2.80
مصفي	2.23
مصقر	0.00
مصقع	1.28
مصقلة	1.65
مصقول	2.70
مصل	3.51
مصلاة	0.00
مصلب	1.54
مصلح	3.54
مصلحة	4.36
مصلد	0.00
مصلوب	2.09
مصلى	3.33
مصلي	3.05
مصمص	1.94
مصمم	4.21
مصنب	0.00
مصنع	4.48
مصنف	3.59
مصنوع	4.00
مصهب	0.00
مصهر	2.12
مصوب	2.21
مصوت	2.38
مصور	4.25
مصورة	4.33
مصوع	2.27
مصوغ	1.74
مصول	0.00
مصوم	0.00
مصون	1.93
مصيب	2.68
مصيبة	3.96
مصيدة	3.25
مصيدل	0.00
مصير	4.41
مصيص	1.22
مصيصة	0.00
مصيف	2.84
مضا	1.71
مضاء	2.82
مضاة	0.00
مضاجر	0.00
مضاجع	2.62
مضاجعة	2.22
مضاحكة	0.00
مضاحيك	0.00
مضاد	4.21
مضادة	4.11
مضار	2.42
مضارب	3.05
مضاربة	2.87
مضارع	2.43
مضارعة	1.39
مضاريب	0.00
مضاض	1.85
مضاعف	3.59
مضاعفة	3.98
مضاغط	0.00
مضاغنة	0.00
مضاف	3.09
مضافر	0.00
مضامير	2.12
مضامين	3.16
مضان	1.54
مضاهاة	2.49
مضايف	1.64
مضايق	2.73
مضايقة	3.44
مضاييف	0.00
مضب	1.42
مضبوط	3.05
مضت	4.60
مضجر	1.74
مضجع	2.46
مضح	1.50
مضحاك	0.00
مضحك	3.94
مضحكة	3.96
مضخة	3.50
مضخم	2.71
مضر	3.74
مضراب	1.40
مضرب	3.78
مضربة	1.95
مضرة	3.22
مضرج	1.58
مضرس	1.67
مضرم	1.33
مضروب	3.02
مضروس	0.00
مضض	3.29
مضطجع	1.84
مضطر	3.47
مضطرب	3.53
مضطرد	2.19
مضطرم	0.00
مضطلع	1.52
مضطهد	2.37
مضعف	2.00
مضغ	3.25
مضغة	2.74
مضغط	0.00
مضغوط	3.39
مضل	2.26
مضلة	2.35
مضلع	2.57
مضلل	2.97
مضمار	3.44
مضمحل	1.32
مضمد	1.80
مضمدة	1.39
مضمر	2.05
مضمض	1.16
مضمضة	1.53
مضمن	2.28
مضموم	1.98
مضمون	4.33
مضناة	0.00
مضنة	1.01
مضنى	1.70
مضني	2.24
مضى	4.78
مضي	3.89
مضيء	3.11
مضيئة	3.54
مضيا	2.36
مضياع	0.00
مضياف	2.51
مضير	1.19
مضيرة	0.00
مضيع	2.38
مضيعة	3.40
مضيف	3.45
مضيفة	3.78
مضيق	3.77
مطا	1.75
مطائل	0.00
مطابخ	3.63
مطابع	3.04
مطابق	3.52
مطابقة	3.89
مطاح	0.00
مطاحن	2.72
مطار	4.89
مطارح	1.85
مطارد	2.73
مطاردة	3.86
مطارق	2.43
مطارنة	2.16
مطاريق	0.00
مطارين	1.89
مطاط	2.99
مطاع	2.67
مطاعم	4.12
مطاعن	2.06
مطاف	2.36
مطافئ	2.32
مطالب	4.29
مطالبة	4.11
مطالع	2.58
مطالعة	2.92
مطالم	0.00
مطامح	1.85
مطامر	1.51
مطامع	2.71
مطامير	1.34
مطانب	0.00
مطاه	0.00
مطاهر	1.46
مطاهي	0.00
مطاوح	0.00
مطاوع	2.98
مطاوي	1.23
مطاويح	0.00
مطاويع	0.00
مطايا	2.07
مطايب	0.00
مطاير	0.00
مطب	2.83
مطبب	0.00
مطبخ	4.30
مطبخة	0.00
مطبعة	3.46
مطبعي	2.83
مطبق	3.17
مطبل	1.52
مطبوخ	2.89
مطبوع	3.53
مطبوعات	3.08
مطبوعة	3.69
مطح	0.00
مطحثا	0.00
مطحلب	0.00
مطحنة	2.96
مطحون	2.77
مطخ	0.00
مطر	4.37
مطراب	0.00
مطراق	0.00
مطران	3.20
مطراني	0.00
مطرانية	2.62
مطرب	3.36
مطرة	2.09
مطرح	2.86
مطرد	2.90
مطرز	2.68
مطرف	3.03
مطرق	1.82
مطرقة	3.70
مطروح	3.40
مطرود	3.12
مطروف	0.00
مطروق	1.94
مطرية	2.68
مطس	0.00
مطط	0.00
مطع	1.31
مطعام	0.00
مطعم	4.58
مطعن	1.51
مطعون	2.64
مطفئ	1.57
مطفا	1.78
مطفاة	2.44
مطفحة	0.00
مطل	3.01
مطلاق	0.00
مطلب	3.95
مطلسم	0.00
مطلع	4.47
مطلق	4.13
مطلقية	0.00
مطلمة	0.00
مطلوب	4.52
مطمئن	3.57
مطمار	1.09
مطماع	0.00
مطمح	1.83
مطمر	1.53
مطمع	2.47
مطمور	2.30
مطموس	1.54
مطنب	0.00
مطه	0.00
مطهاة	0.00
مطهر	3.40
مطهرة	2.78
مطهم	0.00
مطهى	1.38
مطواة	2.10
مطواح	0.00
مطواع	1.61
مطور	3.64
مطوع	2.50
مطوف	1.34
مطوق	2.40
مطول	3.50
مطوى	1.52
مطوي	2.44
مطي	1.85
مطياف	2.53
مطيب	1.75
مطيبة	1.09
مطية	2.88
مطير	3.35
مطيع	3.45
مطيلة	1.32
مظافير	0.00
مظال	1.01
مظان	1.68
مظاهر	4.27
مظاهرة	4.00
مظروف	2.38
مظع	0.00
مظفار	0.00
مظفر	3.02
مظل	1.65
مظلام	0.00
مظلة	3.93
مظلل	2.62
مظلم	3.76
مظلمة	3.85
مظلوم	3.29
مظلومية	2.39
مظلي	2.65
مظماء	0.00
مظماءة	0.00
مظنة	2.09
مظهر	4.17
معا	5.10
معاء	1.08
معائش	0.00
معاب	1.37
معابة	1.24
معابد	3.31
معابر	2.95
معاتب	1.18
معاتيه	1.88
معاجل	0.00
معاجم	2.73
معاجن	0.00
معاجين	2.29
معاد	3.75
معاداة	3.52
معادل	2.67
معادلة	3.95
معادن	3.74
معاذ	4.17
معاذة	1.76
معاذر	0.00
معاذير	1.57
معار	2.43
معارج	2.21
معارض	4.20
معارضة	4.37
معارف	3.59
معارك	4.34
معاركة	1.94
معاريض	1.56
معاز	1.45
معازف	1.68
معازل	1.57
معاسف	0.00
معاسل	0.00
معاش	3.28
معاشات	3.20
معاشر	2.47
معاشرة	3.00
معاشيب	0.00
معاص	1.26
معاصر	3.43
معاصرة	3.50
معاصف	0.00
معاصم	1.33
معاصي	2.60
معاصير	0.00
معاضد	1.05
معاضل	0.00
معاطب	0.00
معاطس	0.00
معاطف	3.08
معاطي	2.09
معافاة	2.47
معافى	3.32
معاق	3.55
معاقب	2.60
معاقبة	3.82
معاقل	3.44
معاقيم	0.00
معاكس	3.40
معاكسة	3.37
معالج	3.88
معالجة	4.67
معالف	1.04
معالم	4.27
معالي	3.96
معاليق	1.47
معامة	0.00
معامع	0.00
معامل	3.87
معاملة	4.30
معان	3.72
معاند	2.43
معاندة	2.08
معانق	1.99
معانقة	2.77
معاني	4.07
معاهد	3.68
معاهدة	4.14
معاود	1.08
معاودة	3.32
معاوز	0.00
معاوزة	0.00
معاول	2.24
معاون	3.12
معاونة	2.81
معاوية	4.42
معايب	1.46
معايدة	3.27
معاير	2.47
معايرة	2.89
معايش	2.27
معايشة	2.56
معاين	1.56
معاينة	3.19
معايير	4.51
معبد	4.17
معبر	4.04
معبق	1.60
معبلة	0.00
معبود	2.88
معت	2.02
معتاد	3.83
معتبر	3.00
معتبط	0.00
معتجن	0.00
معتد	2.94
معتدل	3.75
معتدي	2.55
معتذر	1.58
معترض	2.80
معترف	3.90
معترك	2.68
معتزل	2.71
معتزلة	2.04
معتزلي	1.86
معتزم	0.00
معتصر	1.26
معتصم	2.79
معتق	2.72
معتقة	2.18
معتقد	3.22
معتقل	3.87
معتكف	2.17
معتل	2.63
معتم	3.10
معتمد	3.85
معتمر	2.54
معتنق	1.93
معتني	1.50
معتوق	2.97
معتوه	2.82
معج	1.39
معجب	4.16
معجج	0.00
معجز	2.22
معجزة	4.02
معجل	2.57
معجم	3.92
معجماتي	0.00
معجمة	1.90
معجمي	2.08
معجن	1.48
معجنة	1.55
معجون	3.59
معد	3.89
معدات	4.39
معدة	3.91
معدد	2.16
معدل	4.76
معدم	2.41
معدن	3.83
معدنوس	1.36
معدني	3.57
معدود	2.44
معدوده	2.59
معدوم	3.31
معدي	3.49
معديات	1.59
معدية	3.26
معذار	0.00
معذب	2.74
معذر	1.52
معذرة	3.07
معذور	2.78
معر	2.39
معراة	1.44
معراج	2.57
معراض	0.00
معرب	3.01
معربد	0.00
معرس	1.58
معرض	4.89
معرف	3.66
معرفة	5.13
معرق	2.29
معرقل	1.90
معركة	4.85
معروض	3.47
معروف	4.81
معروق	1.18
معرى	1.42
معز	3.04
معزاء	0.00
معزاة	1.07
معزاوات	0.00
معزب	2.02
معزة	2.81
معزر	0.00
معزز	3.00
معزف	1.09
معزقة	1.24
معزل	2.63
معزم	1.23
معزوف	1.20
معزوفة	2.95
معزوق	0.00
معزول	3.40
معزى	1.77
معزي	2.11
معس	1.16
معسر	2.34
معسفة	0.00
معسكر	4.46
معسل	2.20
معسلة	1.18
معسول	2.62
معشاب	0.00
معشب	1.47
معشر	3.71
معشرة	1.01
معشش	1.63
معشوش	0.00
معشوشب	1.12
معشوق	2.47
معص	1.12
معصار	0.00
معصب	2.61
معصر	0.00
معصرات	1.01
معصرة	2.47
معصف	0.00
معصفر	0.00
معصم	2.62
معصوب	2.95
معصور	1.78
معصوم	3.24
معصومية	1.27
معصية	3.56
معض	1.46
معضد	1.87
معضدة	0.00
معضل	2.08
معضلة	3.71
معط	1.92
معطاء	2.66
معطاءة	2.17
معطاة	2.23
معطب	0.00
معطر	3.11
معطرة	2.80
معطس	0.00
معطش	1.12
معطشة	1.13
معطف	3.49
معطل	3.40
معطوب	2.77
معطوف	2.35
معطى	2.92
معطي	2.83
معطيات	3.63
معظم	5.32
معفاة	2.76
معفر	1.32
معفن	2.25
معفو	1.52
معفى	2.39
معق	1.59
معقام	0.00
معقب	2.54
معقد	3.90
معقل	3.71
معقم	2.92
معقمة	2.95
معقود	2.93
معقوف	2.26
معقول	4.28
معك	5.15
معكر	2.22
معكرونة	2.91
معكوس	2.98
معل	2.25
معلاة	0.00
معلاق	2.01
معلب	2.51
معلف	1.72
معلق	4.08
معلقة	4.00
معلقم	0.00
معلك	1.47
معلل	1.55
معلم	4.42
معلمة	4.08
معلن	3.54
معلوف	3.28
معلول	3.06
معلوم	3.74
معلومات	5.17
معلومة	4.30
معلى	2.15
معماة	1.68
معمار	2.75
معماري	3.54
معمد	2.11
معمدان	0.00
معمداني	1.75
معمر	4.17
معمعان	0.00
معمعة	2.34
معمق	2.83
معمل	4.04
معمم	2.64
معمودية	2.61
معمور	1.95
معمورة	2.43
معمول	3.41
معمى	1.46
معمي	1.77
معن	3.40
معناة	2.29
معنبر	0.00
معنف	1.63
معنقة	1.30
معنون	2.34
معنوي	3.12
معنويات	3.58
معنى	5.03
معني	3.96
معهد	4.71
معهود	2.91
معوج	2.49
معود	2.41
معور	0.00
معوز	1.79
معوض	3.49
معوق	2.85
معول	2.82
معولم	1.49
معونة	3.01
معى	3.78
معي	5.09
معيار	3.79
معياري	2.57
معيارية	3.17
معيب	3.07
معية	2.81
معيد	3.01
معير	1.63
معيشة	3.79
معيشي	2.50
معيق	2.16
معيل	2.37
معين	4.82
معيوب	1.92
مغا	1.87
مغاث	0.00
مغادر	2.84
مغادرة	4.47
مغارب	1.39
مغاربة	3.84
مغاربي	2.34
مغارة	3.18
مغارز	0.00
مغارف	1.45
مغاز	0.00
مغازل	2.34
مغازلة	3.16
مغازي	2.54
مغاسل	2.72
مغاص	1.35
مغاطس	1.41
مغال	1.60
مغالبه	0.00
مغالط	1.36
مغالطة	2.82
مغالق	1.25
مغاليق	2.28
مغاليل	0.00
مغامد	0.00
مغامر	3.07
مغامرة	4.07
مغان	1.20
مغانم	2.18
مغاني	1.58
مغاور	1.88
مغاوص	0.00
مغاير	3.31
مغايرة	3.21
مغبة	2.58
مغبر	2.48
مغبرة	2.45
مغبن	0.00
مغبوط	1.28
مغبون	2.43
مغتال	1.48
مغتبط	1.56
مغترب	3.22
مغترف	0.00
مغتسل	1.93
مغتصب	3.23
مغتفر	1.75
مغتم	1.47
مغتمر	0.00
مغتمس	0.00
مغتنم	0.00
مغث	1.33
مغد	1.44
مغدور	1.70
مغذ	2.07
مغذاة	1.18
مغذى	1.95
مغذي	2.89
مغر	2.79
مغرب	3.38
مغربان	0.00
مغربل	1.75
مغربي	4.21
مغربية	4.43
مغرة	1.38
مغرد	3.46
مغرر	2.05
مغرز	1.88
مغرس	1.77
مغرض	2.05
مغرفة	2.45
مغرق	2.06
مغرم	3.43
مغرور	3.36
مغروس	2.33
مغروق	0.00
مغري	3.28
مغزل	2.17
مغزى	3.65
مغس	0.00
مغسل	2.32
مغسلة	3.01
مغسول	2.53
مغشوش	2.55
مغشي	1.76
مغص	2.81
مغصن	0.00
مغصوب	1.86
مغضوب	1.90
مغط	1.38
مغطرس	0.00
مغطس	2.34
مغطش	0.00
مغطى	3.80
مغفرة	3.37
مغفل	3.20
مغفور	2.76
مغل	2.16
مغلاة	1.33
مغلاق	1.75
مغلب	1.14
مغلط	0.00
مغلظ	1.15
مغلغل	0.00
مغلف	3.15
مغلق	4.05
مغلوب	2.95
مغلوبية	0.00
مغلوط	2.67
مغلوق	1.44
مغلول	1.72
مغم	1.75
مغماة	0.00
مغمد	1.46
مغمدات	0.00
مغمض	2.64
مغمغ	0.00
مغمود	0.00
مغمور	3.06
مغموز	0.00
مغموم	1.88
مغمى	2.54
مغن	3.13
مغناة	2.10
مغناج	1.01
مغناطيس	3.25
مغنط	0.00
مغنطة	1.82
مغنطيس	1.68
مغنم	1.98
مغنولية	0.00
مغنى	2.58
مغني	3.95
مغنية	4.20
مغنيسيا	1.23
مغوار	2.29
مغوص	0.00
مغى	0.00
مغيار	0.00
مغيب	3.09
مغيث	2.81
مغير	2.96
مغيظ	0.00
مغيم	2.06
مفاتح	1.97
مفاتحة	1.67
مفاتق	0.00
مفاتل	0.00
مفاتن	2.66
مفاتيح	4.39
مفاجئ	4.15
مفاجاة	4.31
مفاخر	2.40
مفاخرة	1.62
مفاد	2.34
مفارز	2.56
مفارش	3.03
مفارق	2.70
مفارقة	3.54
مفازة	1.56
مفاسد	2.50
مفاصل	3.45
مفاضل	0.00
مفاضلة	2.37
مفاعل	3.38
مفاعيل	1.96
مفاليج	0.00
مفاهمة	1.16
مفاهيم	4.21
مفاوز	1.11
مفاوض	2.59
مفاوضة	2.62
مفت	2.11
مفتاح	4.45
مفتت	2.08
مفتتح	1.95
مفتتن	1.05
مفتح	2.43
مفتحص	0.00
مفتخر	1.93
مفترس	3.03
مفترش	1.39
مفترض	3.17
مفترق	3.65
مفتش	3.49
مفتشية	2.22
مفتضح	0.00
مفتعل	2.74
مفتق	0.00
مفتقد	2.40
مفتقر	2.17
مفتكر	1.82
مفتل	1.50
مفتن	1.70
مفتوح	4.56
مفتول	2.61
مفتون	3.12
مفتي	4.07
مفجر	2.80
مفجع	2.56
مفجوع	2.28
مفحم	1.97
مفحمة	1.83
مفخخ	2.63
مفخرة	2.93
مفخم	1.61
مفدي	2.17
مفر	3.84
مفرج	2.92
مفرح	3.13
مفرخ	1.44
مفرد	3.31
مفرز	1.75
مفرزة	3.00
مفرش	2.94
مفرشة	0.00
مفرط	3.63
مفرع	1.52
مفرعن	0.00
مفرغ	2.71
مفرق	3.24
مفرقع	0.00
مفرقعة	2.02
مفرمة	2.19
مفروش	2.71
مفروشات	3.01
مفروض	3.49
مفروغ	2.72
مفروك	1.35
مفروكة	1.01
مفروم	2.79
مفزر	0.00
مفزع	2.62
مفزوع	2.01
مفسد	2.90
مفسدة	2.98
مفسر	3.08
مفسق	0.00
مفسل	0.00
مفشي	1.06
مفصح	1.38
مفصل	4.03
مفصلة	3.95
مفصلي	2.65
مفصليات	1.92
مفصول	2.97
مفضال	1.09
مفضض	0.00
مفضل	3.30
مفضلة	3.59
مفضوح	2.57
مفطر	1.97
مفطس	0.00
مفطم	0.00
مفطن	0.00
مفعل	3.05
مفعم	3.20
مفعول	3.72
مفقد	1.49
مفقر	0.00
مفقه	0.00
مفقود	4.11
مفك	2.69
مفكر	3.65
مفكرة	3.24
مفكك	2.58
مفكوك	2.34
مفلح	3.10
مفلس	3.49
مفلسف	0.00
مفلطح	2.00
مفلطحات	0.00
مفلطحة	2.05
مفلفل	1.34
مفلق	1.67
مفلوج	1.01
مفلوح	0.00
مفلوق	1.38
مفند	0.00
مفنن	0.00
مفهرس	2.02
مفهم	1.82
مفهوم	4.88
مفوت	1.17
مفوج	0.00
مفوض	3.72
مفوضية	3.70
مفوف	0.00
مفوه	2.15
مفيد	4.35
مقا	1.96
مقابر	3.84
مقابس	2.24
مقابض	2.95
مقابل	5.24
مقابلة	4.75
مقاتل	4.11
مقاتلة	4.00
مقادح	0.00
مقادير	3.28
مقاديم	1.65
مقاذيف	0.00
مقار	3.43
مقارب	2.76
مقاربة	3.63
مقارع	1.42
مقارعة	2.97
مقارن	2.48
مقارنة	4.90
مقاريض	0.00
مقاس	3.80
مقاساة	1.53
مقاسم	1.82
مقاشط	0.00
مقاص	1.03
مقاصة	2.05
مقاصد	3.39
مقاصف	1.84
مقاصير	1.56
مقاطع	4.71
مقاطعة	4.83
مقاطف	0.00
مقاطيع	1.30
مقاعد	4.41
مقال	4.56
مقالب	3.13
مقالة	4.35
مقالع	2.23
مقالي	3.38
مقاليد	3.64
مقاليم	0.00
مقام	4.21
مقامة	2.80
مقامر	2.18
مقامرة	2.61
مقامع	0.00
مقانب	0.00
مقانق	1.29
مقاه	2.36
مقاهي	3.41
مقاود	0.00
مقاور	0.00
مقاول	3.41
مقاولة	2.82
مقاوم	3.56
مقاومة	4.63
مقايسة	2.03
مقايض	0.00
مقايضة	3.10
مقايظ	0.00
مقاييس	3.74
مقبب	1.66
مقبح	0.00
مقبر	1.55
مقبرة	4.28
مقبس	2.78
مقبض	3.32
مقبل	3.68
مقبور	1.59
مقبوض	3.25
مقبول	4.32
مقت	2.36
مقتاء	0.00
مقتبس	3.69
مقتبل	3.26
مقتتل	0.00
مقتحم	2.12
مقتدر	2.91
مقتر	1.38
مقترب	2.00
مقترح	3.90
مقترض	2.04
مقترع	1.57
مقترف	1.50
مقترن	2.63
مقتسم	0.00
مقتصد	2.51
مقتصر	2.59
مقتضاة	0.00
مقتضب	2.48
مقتضى	2.59
مقتطع	1.79
مقتطف	2.92
مقتطفات	3.69
مقتعد	0.00
مقتل	4.92
مقتلة	2.46
مقتلع	1.14
مقتنص	0.00
مقتنع	3.93
مقتني	1.72
مقتنيات	3.42
مقتول	3.33
مقحام	0.00
مقحل	0.00
مقحم	2.21
مقداح	0.00
مقداد	2.77
مقدار	4.42
مقدام	2.73
مقدح	1.36
مقدد	2.01
مقدر	3.81
مقدرة	3.69
مقدس	3.85
مقدسي	2.75
مقدم	4.40
مقدمة	4.67
مقدود	0.00
مقدور	2.85
مقدونس	0.00
مقدوني	1.87
مقدونيا	4.05
مقديشو	3.28
مقذاف	0.00
مقذع	0.00
مقذوف	2.49
مقر	4.82
مقرئ	2.33
مقرا	1.50
مقراء	0.00
مقراءة	0.00
مقراب	1.79
مقراج	0.00
مقراض	1.35
مقراع	0.00
مقرب	3.75
مقرح	1.08
مقرر	3.68
مقرص	0.00
مقرض	2.49
مقرط	0.00
مقرظ	0.00
مقرع	0.00
مقرعة	1.41
مقرف	3.46
مقرفص	0.00
مقرم	0.00
مقرن	3.27
مقروء	2.44
مقروءة	2.62
مقروح	0.00
مقرور	0.00
مقروض	1.26
مقرون	2.77
مقس	1.08
مقسط	1.87
مقسم	3.43
مقسوم	2.81
مقشب	0.00
مقشة	1.42
مقشدة	0.00
مقشر	2.74
مقشرة	2.32
مقشطة	0.00
مقشعر	0.00
مقص	3.15
مقصب	1.41
مقصد	3.21
مقصر	2.92
مقصف	2.62
مقصلة	2.47
مقصود	3.66
مقصور	2.51
مقصورة	3.71
مقصوص	2.30
مقضب	1.39
مقط	1.57
مقطب	1.72
مقطر	2.34
مقطع	4.70
مقطعية	2.90
مقطف	1.24
مقطورة	3.03
مقطوع	3.51
مقطوعة	3.82
مقع	1.48
مقعد	4.27
مقعدة	2.44
مقعدي	2.64
مقعر	2.08
مقفاة	1.82
مقفار	0.00
مقفر	2.09
مقفع	0.00
مقفل	3.39
مقفول	2.69
مقفى	2.10
مقل	2.79
مقلاة	2.99
مقلاد	0.00
مقلاع	2.38
مقلام	0.00
مقلب	3.41
مقلة	2.97
مقلد	3.13
مقلع	2.73
مقلق	3.35
مقلل	1.87
مقلم	2.45
مقلمة	2.43
مقلوب	3.32
مقلوع	1.38
مقلى	2.09
مقلي	3.23
مقلياثا	0.00
مقمر	1.53
مقمص	0.00
مقمعة	1.25
مقمق	0.00
مقمقة	0.00
مقمل	1.44
مقموع	1.70
مقنب	0.00
مقنبل	0.00
مقنط	0.00
مقنطر	1.70
مقنع	3.71
مقنن	2.38
مقه	1.05
مقهقه	0.00
مقهور	3.12
مقهى	4.15
مقواة	1.82
مقود	2.82
مقور	0.00
مقورة	0.00
مقوس	2.44
مقوض	0.00
مقول	2.06
مقولب	1.24
مقولة	4.04
مقوم	3.02
مقوى	2.79
مقوي	2.89
مقى	0.00
مقياس	4.10
مقيت	2.65
مقيح	0.00
مقيد	3.72
مقيض	1.23
مقيظ	0.00
مقيل	2.17
مقيم	4.27
مقين	0.00
مكا	2.35
مكاء	1.93
مكائد	2.63
مكاب	0.00
مكابح	2.74
مكابد	0.00
مكابدة	1.79
مكابرة	2.16
مكابس	2.45
مكاتب	4.33
مكاتبة	1.70
مكاتمة	0.00
مكاتيب	2.03
مكاحل	0.00
مكار	2.23
مكارج	0.00
مكارم	3.26
مكاره	1.68
مكاري	2.56
مكاريوس	2.59
مكاسب	3.85
مكاسير	0.00
مكاشط	0.00
مكاشفة	1.95
مكافئ	2.73
مكافا	1.26
مكافاة	4.03
مكافح	2.86
مكافحة	4.94
مكافلة	0.00
مكافيف	0.00
مكاك	1.64
مكاكي	0.00
مكاكيك	1.08
مكالم	0.00
مكالمة	4.01
مكامن	2.76
مكان	5.52
مكانة	4.36
مكانز	0.00
مكانس	2.30
مكانك	4.16
مكاو	2.31
مكاوي	3.06
مكايدة	0.00
مكاييل	2.19
مكب	3.34
مكبات	2.40
مكبة	1.09
مكبح	1.76
مكبد	1.34
مكبر	3.46
مكبس	2.74
مكبل	2.76
مكبوت	2.53
مكبوح	1.39
مكبود	0.00
مكة	4.90
مكت	2.20
مكتئب	2.96
مكتب	5.23
مكتبة	4.64
مكتتب	1.43
مكتحل	0.00
مكترث	2.44
مكتسب	3.09
مكتسح	1.59
مكتشف	3.12
مكتظ	2.97
مكتف	2.44
مكتفي	2.27
مكتل	1.26
مكتم	1.04
مكتمل	3.60
مكتنز	2.16
مكتنس	0.00
مكتنف	1.20
مكتنه	0.00
مكتوب	4.59
مكتوف	2.86
مكتوم	3.80
مكث	3.40
مكثار	0.00
مكثاف	0.00
مكثافية	0.00
مكثتم	0.00
مكثتن	0.00
مكثر	2.64
مكثف	3.91
مكثن	1.04
مكثنا	2.48
مكثوا	2.51
مكحال	0.00
مكحل	1.73
مكحلة	1.94
مكد	0.00
مكدر	1.76
مكدس	2.12
مكدود	1.13
مكدوس	1.61
مكذب	2.11
مكذوب	2.38
مكر	3.27
مكرام	0.00
مكرة	1.63
مكرج	0.00
مكرر	3.23
مكرزة	0.00
مكرس	3.18
مكرم	3.31
مكرمة	3.02
مكره	2.74
مكرهة	2.08
مكروب	2.42
مكروه	3.99
مكروهة	2.90
مكس	3.13
مكسب	3.66
مكسح	1.38
مكسحة	1.01
مكسد	1.13
مكسر	2.93
مكسرات	3.00
مكسوب	0.00
مكسور	3.70
مكسيكي	3.69
مكشاف	2.08
مكشر	1.70
مكشط	0.00
مكشوف	3.64
مكظوم	1.45
مكعب	3.97
مكفر	1.91
مكفل	0.00
مكفن	1.39
مكفهر	1.53
مكفوف	1.93
مكفول	2.61
مكك	0.00
مكل	1.66
مكلبة	1.04
مكلف	3.76
مكلل	2.16
مكماة	0.00
مكمد	0.00
مكمش	0.00
مكمل	3.51
مكمم	1.73
مكمن	2.82
مكمود	0.00
مكموم	0.00
مكن	3.56
مكناة	0.00
مكناس	3.65
مكنة	2.69
مكنز	1.34
مكنسة	3.03
مكنن	0.00
مكننة	1.85
مكنون	3.03
مكنى	1.25
مكهرب	2.33
مكو	1.62
مكواة	2.43
مكوث	2.38
مكور	2.08
مكوس	1.57
مكوك	3.07
مكوكب	0.00
مكوكي	1.43
مكوم	1.41
مكون	4.22
مكوي	2.68
مكي	3.76
مكياج	3.93
مكيال	2.59
مكيدة	2.90
مكيف	3.67
مكيل	1.55
مكين	2.72
ملء	4.10
ملؤ	1.43
ملؤوا	2.04
ملئ	3.85
ملئتم	1.11
ملئتن	0.00
ملئن	0.00
ملئنا	1.19
ملئوا	2.03
ملا	3.77
ملاء	1.90
ملاءة	2.54
ملائك	1.26
ملائكة	3.78
ملائكي	2.65
ملائم	3.94
ملابس	4.70
ملابسة	2.25
ملابن	0.00
ملاتم	1.37
ملاتن	0.00
ملاتيوس	1.31
ملاجئ	3.15
ملاح	2.99
ملاحة	3.03
ملاحدة	1.98
ملاحظ	3.13
ملاحظة	4.60
ملاحف	0.00
ملاحق	3.22
ملاحقة	3.84
ملاحم	2.96
ملاذ	3.61
ملاريا	2.35
ملازم	3.86
ملازمة	3.43
ملاس	1.64
ملاسة	1.15
ملاسن	0.00
ملاصق	2.52
ملاط	2.18
ملاطف	1.39
ملاطفة	2.12
ملاطم	0.00
ملاطيس	0.00
ملاطيط	0.00
ملاعب	3.90
ملاعق	3.03
ملاعقية	0.00
ملاعن	0.00
ملاعين	2.78
ملاغم	0.00
ملافيف	0.00
ملاق	2.21
ملاقاة	2.80
ملاقط	2.12
ملاقي	1.77
ملاقيط	1.27
ملاك	4.29
ملاكم	3.23
ملاكمة	3.16
ملال	3.29
ملام	2.43
ملامة	2.51
ملامح	4.35
ملامس	2.17
ملامسة	3.17
ملان	1.65
ملانا	1.85
ملاه	2.28
ملاهي	3.36
ملاوذ	0.00
ملاوي	2.61
ملاى	2.65
ملايين	4.90
ملبار	1.21
ملبد	2.09
ملبس	2.73
ملبن	2.22
ملبنة	1.69
ملبنن	0.00
ملبوس	2.26
ملبي	1.54
ملة	3.41
ملت	2.88
ملتئم	1.73
ملتاع	1.32
ملتبس	2.40
ملتحد	0.00
ملتحف	0.00
ملتحق	2.10
ملتحم	1.88
ملتحي	2.64
ملتزق	0.00
ملتزم	3.68
ملتصق	2.63
ملتطم	0.00
ملتف	2.60
ملتفت	2.00
ملتقط	2.35
ملتقف	0.00
ملتقم	0.00
ملتقى	4.37
ملتم	1.87
ملتمس	1.86
ملتن	1.44
ملتهب	2.86
ملتهم	2.80
ملتو	2.27
ملث	0.00
ملثم	2.42
ملج	1.95
ملجا	4.17
ملجم	3.10
ملح	4.02
ملحاء	1.66
ملحاح	1.37
ملحاوات	0.00
ملحة	3.73
ملحد	3.44
ملحس	2.25
ملحظ	1.18
ملحف	0.00
ملحفة	1.74
ملحق	3.87
ملحم	3.44
ملحمة	3.85
ملحمي	2.69
ملحن	2.88
ملحوظ	4.19
ملحون	1.48
ملحى	1.46
ملخ	1.25
ملخص	4.18
ملد	0.00
ملدن	0.00
ملدوغ	1.28
ملذ	1.01
ملذة	1.42
ملز	1.31
ملزق	1.37
ملزم	3.54
ملزمة	3.73
ملزوم	2.00
ملس	2.28
ملساء	2.86
ملساوات	0.00
ملسن	0.00
ملسوع	0.00
ملش	1.13
ملص	2.31
ملصق	3.63
ملط	2.29
ملطاء	0.00
ملطاس	0.00
ملطاط	0.00
ملطاوات	0.00
ملطخ	2.59
ملطس	0.00
ملطف	2.39
ملطم	0.00
ملع	1.61
ملعب	4.73
ملعبة	1.76
ملعق	1.04
ملعقة	3.79
ملعن	0.00
ملعنة	0.00
ملعون	3.57
ملغاة	2.55
ملغز	1.28
ملغم	2.88
ملغوم	2.07
ملغى	2.42
ملف	4.55
ملفاف	0.00
ملفة	1.14
ملفف	0.00
ملفق	2.42
ملفلف	1.04
ملفوظ	1.63
ملفوف	3.09
ملق	1.81
ملقاة	3.36
ملقاط	2.19
ملقب	2.37
ملقح	1.89
ملقط	2.74
ملقم	2.58
ملقن	1.86
ملقوط	0.00
ملقى	3.04
ملقي	2.28
ملك	5.14
ملكاء	0.00
ملكة	4.62
ملكوت	3.31
ملكي	4.24
ملكية	4.41
ملل	3.50
ملم	3.90
ملمة	2.44
ملمح	1.96
ملمس	3.05
ملمع	2.71
ملمعة	1.52
ململ	0.00
ململة	0.00
ململم	1.26
ملموس	3.41
ملموم	1.54
ملن	1.25
ملنا	1.81
ملهاة	2.13
ملهب	1.60
ملهم	3.43
ملهوف	2.05
ملهى	3.35
ملوث	3.31
ملوح	2.15
ملوحة	2.96
ملوخية	2.32
ملوز	0.00
ملوك	4.19
ملول	2.97
ملولب	1.41
ملوم	1.75
ملون	3.46
ملى	2.32
ملي	3.43
مليء	4.20
مليار	4.82
مليح	3.14
مليس	1.94
مليف	1.30
مليق	0.00
مليك	2.91
مليلية	2.90
مليم	2.76
ملين	2.88
مليون	5.55
مليونير	3.25
مما	5.75
ممات	2.49
مماثل	4.12
مماثلة	4.48
مماحك	0.00
مماحكة	1.19
مماخض	0.00
ممارس	3.21
ممارسة	4.85
ممازجة	0.00
ممازح	1.17
ممازحة	2.04
مماس	1.65
مماسة	1.69
مماسح	1.05
مماش	1.10
مماشاة	1.10
مماشق	0.00
مماشي	1.07
مماصل	0.00
مماطر	0.00
مماطل	1.48
مماطلة	2.73
مماقتة	0.00
مماكرة	0.00
ممالاة	0.00
ممالحة	0.00
ممالق	0.00
ممالقة	0.00
مماليك	2.61
ممانعة	2.68
ممتاز	4.42
ممتثل	1.58
ممتحن	2.18
ممتخض	0.00
ممتد	3.19
ممتدح	0.00
ممترس	0.00
ممتزج	1.68
ممتشق	0.00
ممتص	2.36
ممتع	4.25
ممتعض	1.69
ممتقع	0.00
ممتلئ	3.38
ممتلك	2.10
ممتلكات	3.95
ممتنع	2.53
ممتهن	1.61
ممثل	4.60
ممثلة	4.55
ممجد	1.83
ممحاة	2.63
ممحص	1.01
ممحو	1.67
ممخضة	1.04
ممخوض	0.00
ممدد	2.45
ممدن	0.00
ممدوح	3.93
ممدود	2.92
ممر	4.06
ممرات	3.77
ممراض	1.45
ممرر	2.01
ممرض	3.39
ممرغ	0.00
ممرق	0.00
ممركز	1.59
ممرن	1.13
ممزق	3.30
ممزوج	3.07
ممسح	1.10
ممسحة	2.41
ممسد	0.00
ممسك	3.10
ممسوخ	1.89
ممشط	1.79
ممشقة	0.00
ممشوط	0.00
ممشوق	2.11
ممشى	3.15
ممص	1.20
ممصل	0.00
ممضمض	0.00
ممطار	0.00
ممطر	3.00
ممطرة	2.92
ممعجم	0.00
ممعدن	0.00
ممعن	1.44
ممغنط	2.14
ممفصل	0.00
ممقوت	1.84
ممكث	0.00
ممكن	5.16
ممكنات	1.50
ممل	3.84
مملاق	0.00
مملح	2.49
مملحة	2.41
مملس	0.00
مملط	0.00
مملك	1.75
مملكة	4.55
مملوء	3.48
مملوءة	3.53
مملوك	3.25
ممنح	0.00
ممنع	1.32
ممنهج	3.19
ممنوح	2.26
ممنوع	4.35
ممنوعية	0.00
ممنون	2.90
ممهد	2.72
ممهل	0.00
ممواج	0.00
مموضع	0.00
ممول	3.25
ممون	1.97
مموه	2.21
مميت	3.44
مميز	4.59
مميع	1.59
مميل	1.49
منا	5.25
منائر	1.54
مناب	1.40
منابت	2.36
منابر	3.44
منابض	0.00
منابع	3.19
مناة	2.71
مناج	1.90
مناجاة	2.99
مناجب	0.00
مناجدة	0.00
مناجذ	0.00
مناجر	0.00
مناجع	0.00
مناجل	2.02
مناجم	3.67
مناجي	1.20
مناجير	1.01
مناح	2.16
مناحة	2.00
مناحت	0.00
مناحي	3.59
مناحيت	0.00
مناخ	4.07
مناخر	0.00
مناخي	2.27
مناداة	2.92
منادب	0.00
منادف	0.00
منادمة	1.38
منادي	2.67
مناديب	2.59
مناديل	3.50
منار	3.31
منارة	3.67
منازع	3.64
منازعة	2.28
منازل	4.51
منازه	0.00
مناسب	4.57
مناسبة	4.72
مناسف	1.29
مناسك	3.42
مناسم	0.00
مناسيب	2.10
مناسيج	0.00
مناشد	1.15
مناشدة	3.30
مناشر	1.70
مناشف	2.81
مناشير	2.81
مناص	2.71
مناصب	4.03
مناصر	2.94
مناصرة	3.23
مناصف	0.00
مناصفة	3.31
مناضح	0.00
مناضد	2.11
مناضل	3.22
مناط	2.54
مناطق	5.16
مناطقة	1.66
مناطيد	2.21
مناظر	3.76
مناظرة	3.57
مناظير	2.72
مناع	2.96
مناعة	3.56
مناعي	2.76
مناف	3.72
منافاة	1.55
منافح	0.00
منافحة	0.00
منافخ	0.00
منافذ	3.60
منافس	3.89
منافسة	4.28
منافض	1.64
منافع	3.52
منافق	3.52
منافقة	2.63
منافي	2.43
منافيخ	1.47
مناقب	3.04
مناقش	1.67
مناقشة	4.52
مناقصة	3.31
مناقض	2.50
مناقضة	2.54
مناقع	1.38
مناقل	2.49
مناقلة	0.00
مناقير	2.07
مناقيش	2.14
مناكب	1.85
مناكح	0.00
مناكش	0.00
مناكيد	1.27
مناكير	2.72
منال	3.82
منالاوس	0.00
منام	2.87
منان	2.53
مناهج	3.85
مناهض	3.18
مناهضة	3.99
مناهل	2.54
مناهي	0.00
مناوئ	1.73
مناواة	1.38
مناوب	2.20
مناوبة	2.42
مناور	2.69
مناورة	3.63
مناوش	0.00
مناوشة	2.39
مناول	1.38
مناويل	0.00
منايا	1.75
منبت	2.46
منبث	0.00
منبثق	2.28
منبر	3.76
منبرم	0.00
منبسط	2.46
منبض	0.00
منبطح	2.24
منبع	3.57
منبعث	1.97
منبه	3.57
منبهر	2.36
منبوذ	3.15
منة	3.78
منتبه	3.08
منتج	4.47
منتجع	3.90
منتحب	1.80
منتحر	2.31
منتحل	3.06
منتخب	4.74
منتدب	2.42
منتدى	4.61
منتزع	1.79
منتزه	3.75
منتسب	2.96
منتسل	0.00
منتشر	3.67
منتشل	0.00
منتصب	2.94
منتصح	0.00
منتصر	3.26
منتصف	5.02
منتظم	4.04
منتعش	2.00
منتعل	1.32
منتف	1.96
منتفخ	2.86
منتفش	1.14
منتفض	0.00
منتفع	1.94
منتقاة	3.06
منتقد	2.44
منتقص	1.53
منتقض	0.00
منتقل	2.06
منتقم	2.45
منتقى	2.16
منتقي	1.82
منتكس	1.68
منتكص	0.00
منتمي	2.54
منتن	2.24
منتهاة	0.00
منتهج	0.00
منتهر	0.00
منتهز	0.00
منتهض	0.00
منتهك	2.39
منتهى	3.83
منتهي	3.66
منتوج	2.63
منثقب	0.00
منثور	2.43
منجاة	2.13
منجب	1.62
منجبر	0.00
منجح	1.12
منجد	2.96
منجذب	2.33
منجر	1.72
منجرة	1.57
منجرف	1.60
منجز	2.94
منجس	1.17
منجع	0.00
منجل	2.79
منجلب	0.00
منجلي	2.06
منجم	3.82
منجنيق	2.30
منجور	1.21
منجى	2.18
منجي	2.84
منح	4.75
منحاة	0.00
منحات	1.26
منحبس	0.00
منحبكجي	0.00
منحة	4.20
منحت	4.17
منحدر	3.47
منحرف	3.41
منحسر	1.34
منحصر	2.07
منحط	2.84
منحطم	0.00
منحل	2.84
منحلب	0.00
منحن	2.36
منحنح	0.00
منحنى	3.36
منحني	3.39
منحنيات	2.78
منحوت	2.99
منحوس	2.56
منحى	3.54
منخدع	1.09
منخر	1.87
منخرط	2.55
منخفض	4.25
منخل	2.22
منخلع	0.00
منخنق	0.00
مندب	1.43
مندثر	1.65
مندحر	0.00
مندد	1.01
مندرج	1.59
مندرس	1.64
مندس	2.38
مندف	0.00
مندفع	2.75
مندفق	0.00
مندفن	0.00
مندق	1.23
مندك	0.00
مندل	2.60
مندلس	0.00
مندلع	1.01
مندلق	1.39
مندم	1.77
مندمج	2.67
مندوب	3.89
مندوحة	1.79
منديل	3.29
منذ	6.00
منذئذ	2.54
منذا	2.00
منذاك	1.18
منذر	3.73
منذهل	1.32
منزجر	0.00
منزع	1.47
منزعج	3.20
منزل	5.12
منزلة	3.72
منزلق	2.66
منزلي	4.26
منزه	2.56
منزو	1.62
منزوع	3.04
منزوف	0.00
منزوي	1.63
منساب	1.71
منساة	1.75
منساج	0.00
منساق	1.70
منسبك	0.00
منسج	1.42
منسجم	2.70
منسحب	2.12
منسحق	1.31
منسدل	2.11
منسرب	0.00
منسرح	0.00
منسطح	0.00
منسف	2.06
منسفك	0.00
منسق	3.81
منسك	2.36
منسكب	1.08
منسل	1.23
منسلب	0.00
منسلخ	1.48
منسم	1.96
منسوب	3.81
منسوج	2.39
منسوخ	2.31
منسوق	0.00
منسي	3.20
منشئ	3.05
منشا	3.17
منشاة	3.96
منشات	3.66
منشار	3.06
منشاف	0.00
منشد	2.88
منشر	1.74
منشرة	2.23
منشرح	2.21
منشط	3.23
منشطر	0.00
منشغف	0.00
منشغل	3.45
منشف	1.56
منشفة	3.03
منشق	3.04
منشل	0.00
منشود	2.12
منشور	3.97
منصب	4.63
منصة	4.52
منصت	1.92
منصدع	0.00
منصر	2.53
منصرح	0.00
منصرع	0.00
منصرف	2.22
منصرم	1.32
منصف	3.74
منصهر	2.23
منصوب	2.73
منصور	4.68
منصوص	2.87
منضبط	2.92
منضحة	1.20
منضد	0.00
منضدة	2.94
منضر	1.45
منضغط	1.67
منضم	2.34
منضود	2.13
منضوي	0.00
منطاد	2.94
منطبخ	0.00
منطبع	0.00
منطبق	2.08
منطفئ	1.87
منطق	4.07
منطقة	5.56
منطقي	4.05
منطقية	4.03
منطلق	3.68
منطمس	0.00
منطوق	2.91
منطوي	2.15
منظار	3.36
منظر	4.22
منظرة	2.23
منظف	3.19
منظفات	2.63
منظفة	2.33
منظم	4.11
منظمة	5.19
منظور	4.22
منظوم	2.20
منظومة	4.08
منع	4.86
منعاء	1.37
منعاة	0.00
منعام	1.16
منعة	2.35
منعت	4.00
منعدم	2.88
منعرج	1.95
منعزل	3.20
منعش	3.14
منعصر	0.00
منعطف	3.48
منعقد	2.18
منعكس	2.48
منعم	3.20
منعوت	1.37
منعى	1.31
منغرز	0.00
منغرس	1.35
منغسل	0.00
منغص	1.52
منغلق	2.68
منغم	1.44
منغمر	1.34
منغمس	2.32
منغنيز	1.78
منغوليا	3.46
منفاخ	2.44
منفتح	3.35
منفتق	0.00
منفتل	0.00
منفجر	1.95
منفحة	0.00
منفخ	1.35
منفذ	4.07
منفر	2.36
منفرج	2.27
منفرد	3.56
منفرط	0.00
منفرق	0.00
منفرك	0.00
منفس	2.13
منفسح	0.00
منفسخ	0.00
منفش	0.00
منفصد	0.00
منفصل	3.95
منفصم	1.75
منفض	1.41
منفضة	2.20
منفضح	0.00
منفطر	2.17
منفطم	0.00
منفعة	3.42
منفعل	2.48
منفق	2.03
منفلت	2.36
منفلج	0.00
منفلق	0.00
منفوخ	2.60
منفوش	2.28
منفوض	0.00
منفى	2.97
منفي	2.81
منقاد	2.16
منقار	2.86
منقاش	1.80
منقب	2.20
منقبة	2.86
منقبض	1.89
منقح	1.98
منقذ	3.43
منقرض	2.53
منقسم	3.00
منقش	1.60
منقشع	0.00
منقص	1.31
منقصة	1.93
منقصف	0.00
منقصم	0.00
منقض	1.24
منقط	2.54
منقطع	3.60
منقع	2.05
منقعة	1.12
منقعر	0.00
منقفل	0.00
منقل	2.18
منقلب	2.65
منقلة	1.95
منقلع	0.00
منقوب	0.00
منقوش	3.02
منقوص	2.77
منقوط	1.27
منقوع	2.69
منقول	3.79
منكاش	0.00
منكب	2.35
منكبان	0.00
منكبت	0.00
منكبس	0.00
منكت	1.07
منكتب	1.17
منكتم	0.00
منكح	0.00
منكد	1.41
منكر	3.49
منكس	1.92
منكسر	3.04
منكسف	0.00
منكسفة	0.00
منكشف	1.67
منكص	0.00
منكل	1.56
منكمش	1.78
منكه	1.70
منكوب	2.32
منكود	0.00
منكور	1.43
منكوس	1.92
منكوش	1.76
منمحق	0.00
منمق	2.64
منمنم	1.60
منن	2.71
منهاج	3.75
منهار	2.87
منهبط	0.00
منهتك	0.00
منهج	4.20
منهجي	3.52
منهجية	3.93
منهدم	0.00
منهزم	2.14
منهشم	0.00
منهض	0.00
منهضم	0.00
منهك	3.37
منهل	2.59
منهلك	0.00
منهمر	2.14
منهمك	2.49
منهوب	1.82
منهوك	1.49
منهي	2.81
منوال	2.42
منور	3.02
منوط	2.80
منوع	3.01
منوعة	3.32
منوم	2.88
منون	2.07
منوه	1.60
منوي	2.74
منى	4.68
مني	5.26
منيب	3.19
منية	2.90
منير	4.11
منيرة	3.31
منيع	3.32
منيف	3.24
مها	3.84
مهاب	3.11
مهابة	2.56
مهابط	2.14
مهابل	0.00
مهاة	1.52
مهاتر	0.00
مهاترة	1.01
مهاتفة	2.41
مهاجر	3.78
مهاجرة	3.28
مهاجم	4.14
مهاجمة	4.02
مهاد	2.35
مهادن	1.09
مهادنة	2.25
مهاذير	0.00
مهار	1.62
مهارة	3.95
مهارس	0.00
مهارق	0.00
مهازل	2.35
مهالك	2.01
مهامز	0.00
مهاميز	1.05
مهان	2.39
مهانة	2.66
مهاو	1.13
مهاودة	0.00
مهاوي	2.60
مهب	3.43
مهبط	3.30
مهبطة	0.00
مهبل	3.07
مهبلي	2.74
مهبول	1.86
مهتاج	1.43
مهتد	1.97
مهتدي	1.95
مهتر	1.05
مهترئ	2.25
مهتز	2.08
مهتلك	0.00
مهتم	4.25
مهج	1.85
مهجة	2.66
مهجر	2.21
مهجو	0.00
مهجور	3.68
مهد	3.68
مهدئ	2.95
مهدب	1.63
مهدد	3.55
مهدر	2.06
مهدم	2.27
مهدي	4.29
مهذار	1.34
مهذب	3.24
مهر	3.69
مهراس	1.28
مهرب	3.33
مهرة	3.32
مهرج	3.31
مهرجان	4.89
مهرطق	1.53
مهرق	0.00
مهرول	1.02
مهز	1.04
مهزلة	3.61
مهزول	1.42
مهزوم	2.99
مهشم	2.29
مهضوم	2.42
مهفهف	0.00
مهق	0.00
مهك	1.11
مهل	3.20
مهلا	3.18
مهلبية	2.27
مهلة	3.61
مهلك	3.23
مهلكة	2.76
مهلل	1.30
مهلهل	2.59
مهم	4.95
مهما	5.27
مهماز	1.94
مهمة	5.16
مهمد	1.40
مهمز	0.00
مهمش	2.73
مهمل	3.27
مهمن	1.16
مهمهم	0.00
مهموز	1.64
مهموس	2.04
مهموم	3.29
مهن	3.25
مهناء	1.18
مهنة	4.25
مهند	3.91
مهندس	4.37
مهني	3.78
مهو	2.35
مهوا	0.00
مهواة	1.89
مهوات	0.00
مهود	1.52
مهور	2.54
مهوس	2.12
مهول	2.82
مهون	1.31
مهووس	3.23
مهوى	2.23
مهى	2.07
مهيب	3.52
مهيج	2.44
مهيض	1.44
مهيكل	1.66
مهيم	1.60
مهيمن	2.65
مهين	3.70
مواء	2.32
موائت	0.00
موائج	0.00
موائد	3.20
موائع	0.00
موائل	1.63
موات	2.53
مواثق	0.00
مواثيق	3.09
مواجد	1.32
مواجز	0.00
مواجن	0.00
مواجه	2.90
مواجهة	4.90
مواحق	0.00
مواحك	0.00
مواحل	0.00
مواخر	1.18
مواد	4.79
موادح	0.00
موادع	1.74
موارب	1.84
مواربة	2.88
موارد	4.22
موارق	0.00
موارن	0.00
مواريث	2.32
موازاة	2.57
موازن	2.11
موازنة	3.47
موازي	3.00
موازين	3.63
مواس	2.26
مواساة	3.31
مواسح	0.00
مواسع	1.09
مواسك	0.00
مواسم	3.96
مواسي	2.11
مواش	1.86
مواشط	0.00
مواشي	2.82
مواصل	2.10
مواصلات	3.38
مواصلة	4.28
مواض	0.00
مواضع	3.55
مواضغ	0.00
مواضي	0.00
مواضيع	4.54
مواطئ	1.57
مواطر	0.00
مواطن	4.68
مواطنة	3.70
مواطنية	1.55
مواظب	2.11
مواظبة	2.03
مواعد	2.21
مواعدة	2.73
مواعز	0.00
مواعظ	2.95
مواعيد	4.06
مواعين	2.32
موافق	3.84
موافقة	4.59
مواقد	2.93
مواقع	5.20
مواقف	4.46
مواقيت	3.28
مواكب	3.20
مواكبة	3.67
مواكر	0.00
موال	3.21
موالج	0.00
موالح	1.65
موالد	1.68
موالك	0.00
موالي	3.31
مواليا	2.73
مواليد	4.36
موامس	0.00
موان	1.84
موانئ	3.59
موانع	3.22
مواني	2.45
مواهب	3.77
مواهر	0.00
مواويل	2.18
موبخ	0.00
موبقة	1.21
موبوء	1.99
موبوءة	2.28
موت	4.87
موتان	2.07
موتة	2.80
موتور	3.51
موتى	3.89
موتي	3.81
موتيل	2.61
موثة	0.00
موثف	0.00
موثق	3.66
موثل	0.00
موثلتم	0.00
موثلتن	0.00
موثلن	0.00
موثلنا	0.00
موثلوا	0.00
موثوق	3.95
موج	3.05
موجات	4.18
موجب	3.59
موجة	4.48
موجز	3.79
موجس	0.00
موجع	2.72
موجه	4.10
موجود	4.87
موجودات	2.90
موجي	3.25
موحاة	1.46
موحد	4.00
موحش	2.80
موحل	2.00
موحم	0.00
موحوشة	0.00
موحى	2.51
موحي	1.63
مودة	3.33
مودع	2.67
مودوع	0.00
مورث	2.35
مورد	3.68
مورس	3.45
مورستم	0.00
مورستن	1.09
مورسرج	0.00
مورسن	1.30
مورسنا	0.00
مورسوا	0.00
مورط	1.40
مورفيم	1.65
مورق	2.18
مورم	1.13
موروث	2.97
موروني	2.32
موز	3.62
موزة	3.41
موزج	0.00
موزح	0.00
موزحتم	0.00
موزحتن	0.00
موزحن	0.00
موزحنا	0.00
موزحوا	0.00
موزر	2.00
موزع	3.63
موزن	1.38
موزون	2.66
موزيات	0.00
موسخ	1.44
موسر	2.51
موسس	2.25
موسستم	0.00
موسستن	0.00
موسسن	0.00
موسسنا	0.00
موسسوا	0.00
موسع	3.58
موسكو	4.79
موسم	4.74
موسمي	2.93
موسوس	2.27
موسوعة	4.23
موسوعي	2.38
موسوم	2.29
موسى	4.85
موسيقار	2.96
موسيقى	4.66
موسيقي	4.24
موش	3.07
موشاة	1.27
موشح	2.15
موشك	1.60
موشم	1.30
موشى	2.22
موصاة	0.00
موصد	1.86
موصل	3.38
موصوف	2.76
موصول	3.33
موصوم	1.27
موصى	2.90
موصي	2.01
موضة	3.82
موضح	3.79
موضع	4.42
موضعي	3.14
موضوع	5.04
موضوعة	3.57
موضوعي	3.41
موضوعية	3.74
موطئ	3.00
موطا	2.62
موطاة	0.00
موطد	1.07
موطن	4.09
موطني	3.38
موظ	1.70
موظف	4.46
موظفة	3.81
موعد	4.90
موعر	0.00
موعز	0.00
موعظة	3.17
موعك	0.00
موعود	2.75
موعوك	0.00
موفد	2.44
موفر	2.72
موفق	3.96
موفور	2.45
موقت	2.51
موقد	3.23
موقر	2.12
موقظ	1.15
موقع	5.69
موقعة	3.87
موقف	4.92
موقن	2.94
موقوت	1.75
موقوف	3.28
موكب	3.94
موكس	1.58
موكل	3.01
موكن	1.31
موكوش	0.00
موكيت	3.36
مول	4.17
مولاة	2.29
مولج	1.05
مولد	4.09
مولدوفا	3.60
مولع	3.36
موله	2.01
مولود	3.99
مولول	1.05
مولوي	2.50
مولى	3.88
موما	0.00
موماة	0.00
مومباي	3.91
مومس	3.14
مومسة	1.24
مومض	0.00
مومياء	3.02
مون	4.12
موناكو	3.79
مونة	2.16
مونتاج	3.81
مونتانا	3.61
مونديال	3.68
موه	2.63
موهبة	4.01
موهم	1.33
موهن	2.12
موهوا	0.00
موهوب	3.59
موهوم	2.40
موهون	1.55
موهي	1.80
مويس	2.86
ميؤوس	2.63
مياتم	0.00
مياثق	0.00
مياد	1.65
ميادين	3.49
ميازيب	1.31
مياس	2.33
مياسر	0.00
مياسم	1.50
ميال	2.90
ميامس	0.00
ميامن	0.00
ميامي	4.17
ميامين	1.30
ميانمار	3.93
مياه	4.83
مياوم	0.00
ميت	4.61
ميتة	3.83
ميتم	2.41
ميثاق	4.11
ميثرة	0.00
ميجار	0.00
ميجم	0.00
ميخائيل	3.97
ميداعة	0.00
ميدالية	3.91
ميدان	4.54
ميدى	1.44
ميراث	3.56
ميرون	2.50
ميز	3.68
ميزاب	2.46
ميزان	4.00
ميزانية	4.25
ميزة	4.28
ميزوري	2.87
ميس	3.54
ميسان	3.39
ميسر	3.26
ميسرة	3.46
ميسم	2.19
ميسور	3.19
ميشيغان	3.18
ميضاة	1.26
ميع	1.58
ميعاد	3.95
ميعة	1.38
ميقات	2.84
ميقاف	0.00
ميكائيل	3.01
ميكال	2.27
ميكاني	0.00
ميكروب	2.44
ميل	4.73
ميلاء	0.00
ميلاد	4.63
ميلادي	4.22
ميلان	4.36
ميلانو	3.60
ميلة	2.81
ميلت	2.32
ميلتم	0.00
ميلتن	1.31
ميلشيا	2.25
ميلغرام	2.00
ميلق	0.00
ميلمتر	1.66
ميلن	2.14
ميلنا	1.69
ميلوا	1.66
ميلي	3.48
ميم	3.16
ميمم	0.00
ميمن	0.00
ميمنة	2.66
ميموزا	2.42
ميمون	3.58
مين	4.58
مينا	3.99
ميناء	4.47
مينة	2.42
مينسك	3.35
ميه	3.17
ميهت	0.00
ميهوا	0.00
ميورقة	1.75
ميوعة	2.06
ميول	3.55
ميويزج	0.00
نؤاتى	0.00
نؤب	0.00
نؤبى	0.00
نؤتمم	0.00
نؤتى	0.00
نؤدى	1.40
نؤلل	0.00
نؤمم	0.00
نؤنى	0.00
نؤو	0.00
نؤوم	1.31
نؤوى	0.00
نئف	0.00
ناء	2.45
ناءى	0.00
نائب	4.89
نائبة	3.87
نائح	1.06
نائل	2.71
نائم	3.77
نائي	2.13
ناب	3.10
نابت	2.53
نابج	0.00
نابح	1.52
نابذ	1.24
نابر	1.24
نابش	0.00
نابض	2.99
نابع	3.48
نابغ	1.84
نابل	3.19
نابلس	3.97
نابلسي	2.25
نابه	2.27
نابى	1.62
نابي	2.81
ناة	0.00
نات	3.10
ناتئ	2.01
ناتج	3.99
ناتح	1.16
ناتر	1.62
ناتش	1.41
ناتف	0.00
ناتمم	0.00
ناث	0.00
ناثر	1.79
ناج	2.88
ناجب	0.00
ناجح	4.14
ناجد	1.25
ناجذ	0.00
ناجر	1.87
ناجز	1.91
ناجس	1.24
ناجع	2.33
ناجف	0.00
ناجل	1.91
ناجم	3.36
ناجود	0.00
ناجى	3.08
ناجي	4.03
ناح	1.98
ناحب	0.00
ناحت	1.98
ناحر	1.08
ناحس	0.00
ناحط	0.00
ناحل	2.64
ناحم	0.00
ناحي	1.67
ناحية	4.95
ناخب	3.42
ناخر	1.50
ناخز	0.00
ناخس	1.04
ناخط	0.00
ناخع	0.00
ناخل	0.00
ناخم	0.00
ناخوذاة	0.00
ناد	3.87
نادب	1.23
نادت	3.18
نادر	4.41
نادرا	4.27
نادرة	4.38
نادف	0.00
نادل	2.84
نادم	3.20
ناده	1.86
نادى	4.10
نادي	5.22
ناديا	3.68
ناديتم	1.44
ناديتن	0.00
نادين	3.75
نادينا	2.86
ناذر	1.74
نار	4.73
نارجيل	1.26
نارجيلة	1.04
ناردين	2.38
نارنج	1.74
ناري	4.10
نازح	2.97
نازر	0.00
نازع	2.44
نازغ	0.00
نازف	2.33
نازل	3.31
نازلة	3.24
نازه	0.00
نازي	2.96
نازية	2.78
ناس	4.73
ناسئ	0.00
ناسا	4.16
ناسب	2.29
ناسبتم	0.00
ناسبتن	0.00
ناسبنا	0.00
ناسبي	0.00
ناسج	1.74
ناسح	0.00
ناسخ	2.63
ناسخة	2.35
ناسغ	0.00
ناسف	2.91
ناسفة	3.64
ناسق	0.00
ناسك	2.85
ناسل	0.00
ناسم	0.00
ناسو	3.16
ناسوت	1.36
ناسور	2.18
ناش	3.47
ناشئ	2.97
ناشب	2.08
ناشد	3.37
ناشر	3.81
ناشز	1.56
ناشط	3.78
ناشف	2.70
ناشل	0.00
ناشلة	0.00
ناص	1.32
ناصب	2.16
ناصبة	1.68
ناصبي	1.92
ناصت	0.00
ناصح	3.07
ناصر	4.88
ناصري	2.58
ناصرية	2.17
ناصع	2.97
ناصف	3.03
ناصل	1.55
ناصية	3.30
ناض	1.91
ناضب	1.44
ناضج	3.44
ناضح	2.00
ناضخ	0.00
ناضد	0.00
ناضر	2.27
ناضل	3.08
ناط	1.70
ناطح	1.45
ناطر	2.15
ناطع	2.29
ناطف	1.09
ناطق	3.53
ناطل	0.00
ناطور	2.43
ناظر	3.48
ناظم	3.13
ناظمة	2.17
ناظور	2.15
ناع	1.51
ناعب	0.00
ناعت	0.00
ناعتة	0.00
ناعر	0.00
ناعس	2.25
ناعش	0.00
ناعق	2.29
ناعل	0.00
ناعم	3.95
ناعور	2.25
ناعورة	1.80
ناعوظ	0.00
ناعي	1.43
ناغب	0.00
ناغز	0.00
ناغش	0.00
ناغص	0.00
ناغم	0.00
ناغى	0.00
ناف	2.34
نافث	1.73
نافجة	0.00
نافح	1.61
نافخ	2.34
نافخة	1.47
نافد	1.72
نافذ	3.08
نافذة	4.34
نافر	2.14
نافرتم	0.00
نافرتن	0.00
نافرنا	0.00
نافري	0.00
نافس	3.35
نافستم	0.00
نافستن	0.00
نافسنا	1.32
نافسي	0.00
نافش	1.45
نافض	1.46
نافط	0.00
نافع	3.90
نافق	2.43
نافل	2.51
نافلة	3.04
نافور	1.45
نافورة	3.37
نافورية	0.00
نافى	1.18
نافي	2.73
ناق	1.51
ناقب	0.00
ناقبة	0.00
ناقة	3.23
ناقح	0.00
ناقد	3.63
ناقذ	0.00
ناقر	1.51
ناقس	1.24
ناقش	3.98
ناقشتم	1.01
ناقشتن	0.00
ناقشنا	3.31
ناقشي	1.95
ناقص	3.85
ناقض	2.49
ناقط	0.00
ناقع	1.52
ناقف	0.00
ناقل	3.74
ناقم	2.15
ناقه	1.92
ناقور	0.00
ناقوس	3.23
ناك	3.17
ناكب	0.00
ناكت	1.63
ناكث	1.26
ناكح	1.44
ناكد	1.28
ناكر	2.85
ناكز	0.00
ناكس	1.76
ناكص	0.00
ناكف	0.00
ناكل	2.93
ناكه	0.00
ناكوا	1.03
نال	4.21
نام	4.06
نامة	1.88
نامت	3.43
نامس	1.53
نامش	0.00
نامم	0.00
ناموا	3.07
ناموس	2.99
ناموسة	1.85
ناموسية	1.76
نامي	3.81
ناميبيا	2.97
نان	0.00
نانخة	0.00
نانسي	4.16
نانى	0.00
ناه	2.42
ناهب	1.70
ناهج	0.00
ناهد	3.17
ناهر	1.19
ناهز	3.53
ناهش	0.00
ناهض	2.87
ناهق	0.00
ناهك	0.00
ناهل	1.63
ناهم	0.00
ناهي	2.24
ناو	3.39
ناوء	0.00
ناوا	0.00
ناوب	0.00
ناوت	0.00
ناور	1.99
ناورد	0.00
ناورو	2.43
ناوش	0.00
ناول	2.35
ناولتم	0.00
ناولتن	0.00
ناولنا	0.00
ناولي	1.10
ناووس	1.69
ناوى	1.71
ناوي	2.82
ناويتم	0.00
ناويتن	0.00
ناوينا	0.00
ناى	2.38
ناي	3.25
نايف	4.07
نبا	3.80
نباء	0.00
نبائل	0.00
نبات	4.09
نباتي	3.56
نباح	3.11
نبارى	0.00
نباريس	0.00
نباش	1.62
نباض	0.00
نباك	1.04
نبال	2.54
نبالة	1.87
نبالى	1.15
نباهة	2.15
نبب	0.00
نبت	3.22
نبتة	3.73
نبتون	3.07
نبث	2.41
نبج	0.00
نبح	2.24
نبحة	1.11
نبخ	0.00
نبد	1.78
نبذ	3.44
نبذة	3.84
نبر	2.09
نبراس	2.93
نبراسكا	3.14
نبرة	3.63
نبرغشش	0.00
نبز	1.38
نبس	1.32
نبش	3.25
نبص	1.72
نبض	4.04
نبضان	1.51
نبضة	3.39
نبط	2.05
نبطي	2.47
نبطية	2.20
نبع	3.72
نبعة	2.23
نبغ	2.59
نبق	2.58
نبقى	4.08
نبقيات	0.00
نبك	2.35
نبكة	0.00
نبكى	2.13
نبل	3.19
نبلاء	2.99
نبلاجج	0.00
نبلة	1.72
نبلى	1.66
نبن	1.52
نبنى	2.40
نبه	3.32
نبهاء	0.00
نبوة	2.66
نبوط	0.00
نبوغ	2.14
نبوي	3.07
نبي	4.27
نبيذ	3.74
نبيضض	0.00
نبيل	4.38
نبيه	4.00
نبيون	0.00
نتا	2.33
نتائج	5.01
نتاج	3.91
نتاف	0.00
نتان	0.00
نتانة	2.02
نتانى	0.00
نتب	1.16
نتبب	0.00
نتثن	0.00
نتثنى	0.00
نتج	4.12
نتجارر	0.00
نتح	1.84
نتحو	0.00
نتحوى	0.00
نتخ	0.00
نتر	1.90
نتزو	0.00
نتزوى	0.00
نتس	2.11
نتساو	0.00
نتساوى	1.85
نتسل	0.00
نتسلى	2.44
نتسم	1.48
نتسمى	0.00
نتش	1.60
نتصل	3.48
نتصلى	0.00
نتض	0.00
نتضادد	0.00
نتع	1.20
نتعال	0.00
نتعالى	1.26
نتعش	0.00
نتعشى	2.34
نتغ	0.00
نتغد	0.00
نتغدى	2.12
نتف	2.87
نتفة	1.99
نتق	1.63
نتقى	0.00
نتك	1.26
نتل	1.32
نتلاق	0.00
نتلاقى	2.43
نتلى	0.00
نتماسس	0.00
نتمم	1.82
نتن	2.85
نتنياهو	3.95
نتوء	2.85
نتوال	0.00
نتوالى	0.00
نتوح	0.00
نتونة	0.00
نتيجة	5.30
نثا	0.00
نثار	2.17
نثج	0.00
نثر	3.30
نثرة	1.78
نثط	0.00
نثل	1.47
نثم	0.00
نثن	0.00
نثنون	0.00
نثنى	1.15
نثى	0.00
نثيث	0.00
نجئ	1.50
نجا	3.97
نجاء	1.78
نجائب	0.00
نجاب	0.00
نجابة	1.56
نجاة	3.87
نجاح	4.74
نجاد	3.61
نجادة	1.30
نجار	3.56
نجارة	2.63
نجارى	0.00
نجاسة	2.74
نجاشي	1.53
نجاف	0.00
نجام	1.25
نجامة	0.00
نجامينا	2.14
نجاوى	0.00
نجب	2.33
نجباء	1.87
نجت	3.71
نجث	0.00
نجح	4.59
نجحة	1.05
نجحتم	1.87
نجحتن	0.00
نجحن	1.83
نجحنا	3.46
نجحوا	3.64
نجخ	0.00
نجد	4.91
نجدة	3.31
نجدد	3.01
نجدي	2.62
نجذ	0.00
نجر	2.83
نجران	3.95
نجرمزز	0.00
نجرى	1.97
نجز	1.41
نجزى	1.41
نجس	3.14
نجش	0.00
نجع	3.29
نجعة	0.00
نجعى	0.00
نجف	2.78
نجفة	1.83
نجفي	2.42
نجل	3.90
نجلاء	3.71
نجلاوات	0.00
نجلعبب	0.00
نجلعدد	0.00
نجليات	0.00
نجم	4.78
نجمة	4.27
نجمتم	0.00
نجمتن	0.00
نجمن	0.00
نجمنا	2.76
نجموا	0.00
نجمي	3.22
نجه	1.37
نجو	2.81
نجوة	1.04
نجوتم	1.30
نجوتن	0.00
نجود	2.62
نجوم	4.65
نجون	1.19
نجونا	2.47
نجوى	3.69
نجى	3.30
نجي	2.86
نجيب	4.41
نجيع	0.00
نجيف	0.00
نجيل	2.29
نحا	2.18
نحائر	0.00
نحائز	0.00
نحاة	1.77
نحات	2.67
نحاتة	1.80
نحار	0.00
نحارير	0.00
نحاس	3.45
نحاسي	2.76
نحافة	2.49
نحال	2.10
نحام	2.18
نحاميات	0.00
نحب	4.33
نحت	3.54
نحتط	0.00
نحتوى	0.00
نحر	3.00
نحراء	0.00
نحرة	0.00
نحرير	1.34
نحز	0.00
نحس	3.53
نحص	0.00
نحض	1.40
نحط	2.78
نحظ	1.64
نحظى	2.66
نحف	2.30
نحفاء	1.17
نحكى	1.87
نحل	3.59
نحلة	3.21
نحلى	0.00
نحليات	0.00
نحم	1.83
نحمارر	0.00
نحمرر	0.00
نحمى	1.77
نحميا	2.55
نحن	5.65
نحنح	0.00
نحنى	1.31
نحو	5.44
نحوس	1.58
نحوسة	0.00
نحول	3.05
نحولل	0.00
نحوى	2.08
نحوي	3.30
نحى	2.32
نحيا	3.76
نحيب	2.44
نحية	1.43
نحيت	2.54
نحيتة	0.00
نحيح	0.00
نحير	1.32
نحيرة	0.00
نحيزة	0.00
نحيف	3.35
نحيل	3.09
نحيم	0.00
نخا	1.01
نخاب	0.00
نخار	0.00
نخاريب	0.00
نخاس	1.87
نخاسة	1.93
نخاع	3.29
نخاعة	0.00
نخال	2.18
نخالة	2.41
نخامة	1.67
نخب	3.59
نخبة	3.89
نخبوية	2.70
نخج	0.00
نخر	2.80
نخرب	2.34
نخرة	1.89
نخرمصص	0.00
نخروب	0.00
نخروبي	0.00
نخز	1.66
نخزة	0.00
نخس	1.75
نخسة	1.32
نخش	1.92
نخشوش	0.00
نخص	1.87
نخصى	0.00
نخضارر	0.00
نخضرر	0.00
نخضلل	0.00
نخط	1.74
نخع	0.00
نخف	1.90
نخفى	1.65
نخل	3.30
نخلة	3.78
نخلى	2.08
نخليات	0.00
نخم	1.32
نخمة	0.00
نخوة	2.66
نخير	1.74
نخيل	3.43
ندا	3.64
نداء	4.39
نداب	0.00
نداة	0.00
نداف	2.10
ندافة	0.00
ندال	1.34
ندام	0.00
ندامة	2.27
ندامى	1.04
نداوى	0.00
ندب	2.98
ندبب	0.00
ندبة	3.16
ندت	0.00
ندح	0.00
ندحى	0.00
ندخ	0.00
ندد	3.37
ندر	2.83
ندرة	3.49
ندرى	2.36
ندس	1.50
ندش	1.50
ندص	0.00
ندعى	2.21
ندغ	0.00
ندف	2.24
ندفة	2.13
ندفف	0.00
ندل	2.31
ندلة	0.00
ندم	3.64
ندماء	1.43
ندمان	2.24
ندمة	0.00
ندمى	1.15
ندن	1.37
نده	2.18
ندهة	0.00
ندو	1.83
ندوا	1.02
ندوب	2.82
ندوة	4.13
ندوتم	0.00
ندوتن	0.00
ندور	3.42
ندون	2.24
ندونا	0.00
ندوى	1.01
ندى	3.78
ندي	2.90
نديا	2.01
نديان	0.00
نديتم	0.00
نديتن	0.00
نديد	1.32
نديف	0.00
نديم	3.41
ندين	3.49
ندينا	0.00
نذائر	0.00
نذارة	1.33
نذال	0.00
نذالة	2.03
نذخ	0.00
نذر	3.45
نذرى	0.00
نذري	2.05
نذع	0.00
نذل	3.13
نذلاء	0.00
نذلعبب	0.00
نذلول	0.00
نذور	2.18
نذير	3.70
نذيرة	1.42
نذيل	0.00
نرب	0.00
نربى	1.89
نرتجى	0.00
نرتح	0.00
نرتدد	0.00
نرتدى	1.04
نرثعنن	0.00
نرجحنن	0.00
نرجس	3.34
نرجسي	2.58
نرجسيات	0.00
نرجسية	2.85
نرجى	0.00
نرح	0.00
نرد	3.66
نرضى	3.05
نرعو	0.00
نرفز	0.00
نرمى	1.62
نروى	1.30
نرويجية	2.61
نرى	4.86
نزا	1.89
نزائع	0.00
نزاح	0.00
نزاع	4.12
نزاف	0.00
نزال	3.93
نزالة	0.00
نزاهة	3.54
نزب	0.00
نزة	1.41
نزج	1.64
نزح	3.34
نزحة	0.00
نزدد	0.00
نزدن	0.00
نزر	2.14
نزرة	1.13
نزرقق	0.00
نزع	4.23
نزعة	3.57
نزغ	2.32
نزغة	0.00
نزف	3.58
نزفة	0.00
نزق	2.34
نزك	0.00
نزل	4.52
نزلاء	3.35
نزلة	3.15
نزلتم	1.84
نزلتن	0.00
نزلن	1.58
نزلنا	3.27
نزلوا	3.53
نزلي	2.26
نزن	1.79
نزه	2.34
نزهاء	1.49
نزهة	3.81
نزو	1.59
نزوان	0.00
نزوة	2.86
نزوح	3.59
نزور	3.13
نزوز	0.00
نزوع	2.17
نزوف	1.53
نزوق	0.00
نزول	4.03
نزوى	2.96
نزية	1.64
نزيح	1.89
نزير	1.89
نزيز	0.00
نزيع	0.00
نزيعة	0.00
نزيف	3.94
نزيل	3.32
نزيه	3.41
نزيهات	0.00
نسء	0.00
نسؤ	0.00
نسئ	1.80
نسا	2.63
نساء	4.88
نساءة	0.00
نسائج	0.00
نسائك	2.12
نسائي	3.74
نساب	1.18
نسابة	2.22
نساة	0.00
نساج	1.69
نساجة	1.34
نساخ	1.68
نساغ	0.00
نساف	1.13
نسافة	0.00
نساك	2.19
نسال	2.94
نسام	0.00
نسانيس	1.09
نساوى	1.14
نسب	4.38
نسبة	5.23
نسبغلل	0.00
نسبكرر	0.00
نسبوية	0.00
نسبى	1.94
نسبي	3.63
نسبيا	4.47
نسبية	3.38
نست	2.90
نستا	0.00
نستانى	0.00
نستثنى	1.39
نستحمم	0.00
نستحى	0.00
نستحيا	0.00
نستدر	1.11
نسترح	0.00
نستضئ	0.00
نستعذ	0.00
نستعليق	1.20
نستقرر	0.00
نستلق	0.00
نستمت	0.00
نستمن	0.00
نستو	1.70
نستوفى	0.00
نستول	0.00
نسج	3.38
نسح	0.00
نسخ	4.43
نسخة	5.02
نسر	3.52
نسريات	0.00
نسرين	3.51
نسطوري	1.53
نسع	1.75
نسعى	4.07
نسغ	2.06
نسغة	0.00
نسف	3.39
نسفة	1.13
نسق	3.54
نسقى	1.42
نسك	2.32
نسكي	1.64
نسل	3.64
نسلة	0.00
نسم	2.13
نسمة	4.62
نسمى	2.26
نسناس	2.08
نسنن	0.00
نسوان	3.14
نسوة	3.20
نسور	3.08
نسوى	2.30
نسوي	3.32
نسوية	3.52
نسى	3.54
نسي	3.96
نسيئة	1.35
نسياء	0.00
نسيان	4.11
نسياوات	0.00
نسيب	3.27
نسيج	3.96
نسيف	0.00
نسيق	0.00
نسيكة	0.00
نسيم	3.90
نشء	1.48
نشؤ	1.87
نشؤوا	1.83
نشئ	2.01
نشا	4.00
نشاء	3.29
نشائط	0.00
نشاب	1.56
نشابة	1.77
نشاة	3.78
نشاتم	0.00
نشاتن	0.00
نشاد	1.39
نشادر	2.00
نشادري	0.00
نشار	2.20
نشارة	2.72
نشاز	2.52
نشاش	0.00
نشاشيب	0.00
نشاط	4.68
نشاطى	1.44
نشاطية	1.04
نشاف	1.71
نشافة	1.92
نشال	2.07
نشان	1.46
نشانا	2.44
نشاوى	0.00
نشاوي	0.00
نشب	3.53
نشبة	2.09
نشترى	2.59
نشتطط	0.00
نشج	0.00
نشح	0.00
نشد	2.81
نشدة	0.00
نشر	5.27
نشرة	4.03
نشرى	0.00
نشز	1.58
نشزة	0.00
نشص	0.00
نشط	4.31
نشطاء	4.05
نشطة	3.94
نشع	1.60
نشغ	0.00
نشف	2.15
نشفة	0.00
نشق	2.37
نشكى	0.00
نشل	2.33
نشم	2.58
نشوء	3.70
نشوات	1.21
نشوان	2.51
نشوة	3.40
نشور	1.79
نشوز	1.65
نشوق	1.62
نشوى	2.62
نشوي	2.24
نشي	1.79
نشيج	2.13
نشيد	3.87
نشيدة	1.99
نشيط	3.40
نشيطة	3.28
نصا	3.57
نصائح	4.25
نصاب	3.51
نصاح	1.72
نصار	3.59
نصارى	2.91
نصاص	0.00
نصاع	0.00
نصاف	1.14
نصال	1.96
نصب	4.38
نصباء	0.00
نصباوات	0.00
نصبة	1.85
نصة	1.46
نصت	3.83
نصتت	0.00
نصتم	0.00
نصتنا	0.00
نصتوا	0.00
نصح	3.52
نصحاء	0.00
نصحة	1.27
نصر	4.73
نصراء	1.11
نصراني	2.89
نصرانية	2.54
نصرة	3.87
نصص	1.05
نصطل	0.00
نصع	1.74
نصغ	0.00
نصغى	1.19
نصف	5.21
نصفة	1.72
نصفرر	0.00
نصفى	2.07
نصل	4.23
نصلة	0.00
نصلى	2.57
نصوح	2.63
نصوص	4.29
نصي	3.24
نصيب	4.37
نصيبين	2.58
نصيح	2.52
نصيحة	4.37
نصير	3.92
نصيري	2.58
نصيص	1.11
نصيع	0.00
نصيف	2.97
نصيل	0.00
نضؤ	0.00
نضئ	1.18
نضا	0.00
نضائد	0.00
نضائض	0.00
نضاح	1.15
نضادة	0.00
نضار	1.59
نضارة	3.11
نضاض	0.00
نضاضة	0.00
نضال	3.93
نضب	2.20
نضج	3.37
نضح	2.46
نضحة	0.00
نضخ	1.48
نضد	1.46
نضر	2.67
نضرة	3.26
نضرغطط	0.00
نضض	0.00
نضف	2.15
نضل	2.60
نضمحلل	0.00
نضناض	0.00
نضو	0.00
نضوب	2.51
نضوج	3.11
نضوح	1.08
نضى	0.00
نضي	0.00
نضيج	1.48
نضيد	1.65
نضير	2.08
نضيض	0.00
نضيضة	0.00
نطا	1.20
نطائح	0.00
نطاح	1.56
نطار	0.00
نطارة	0.00
نطاط	2.27
نطاطير	0.00
نطاع	0.00
نطاعة	0.00
نطاف	2.00
نطافة	0.00
نطاق	4.99
نطب	0.00
نطح	2.22
نطحة	1.97
نطحى	0.00
نطر	1.88
نطرة	1.84
نطرون	0.00
نطس	0.00
نطع	1.94
نطعي	0.00
نطف	2.11
نطفة	3.18
نطق	3.88
نطقة	1.84
نطقيات	0.00
نطل	2.29
نطمانن	0.00
نطوع	1.34
نطيح	2.38
نطيط	0.00
نظائر	2.80
نظار	2.05
نظاراتي	1.71
نظارة	3.67
نظاف	1.95
نظافة	3.97
نظام	5.51
نظامي	3.78
نظامية	3.63
نظر	4.84
نظراء	2.19
نظرة	4.92
نظرتم	2.29
نظرتن	1.17
نظرنا	3.85
نظري	4.28
نظرية	4.55
نظف	2.98
نظفاء	0.00
نظلل	0.00
نظم	4.63
نظمة	1.49
نظمي	2.99
نظورة	0.00
نظير	3.86
نظيف	4.29
نظيم	1.87
نعا	1.43
نعائم	0.00
نعاب	0.00
نعاة	0.00
نعاج	2.25
نعار	1.16
نعاس	2.69
نعاسى	0.00
نعاق	1.31
نعال	2.77
نعام	2.52
نعامة	2.79
نعامى	0.00
نعاميات	0.00
نعايا	0.00
نعب	1.68
نعت	3.38
نعتن	0.00
نعث	0.00
نعج	0.00
نعجة	2.79
نعر	1.65
نعرة	2.03
نعس	2.30
نعسان	2.88
نعسة	1.65
نعسى	0.00
نعش	3.26
نعص	1.01
نعض	2.01
نعطى	2.43
نعظ	1.42
نعظتم	0.00
نعظتن	0.00
نعظن	0.00
نعظنا	0.00
نعظوا	0.00
نعف	1.65
نعفى	0.00
نعق	1.84
نعقة	0.00
نعل	3.03
نعلة	1.36
نعلى	1.64
نعم	5.24
نعما	2.60
نعماء	1.35
نعمات	2.37
نعمان	3.62
نعمة	4.37
نعمى	1.78
نعناع	3.34
نعناعي	0.00
نعنع	2.16
نعنعة	0.00
نعنى	1.96
نعوت	2.00
نعوجج	0.00
نعور	0.00
نعوظ	0.00
نعومة	3.47
نعى	3.10
نعي	3.45
نعيب	2.34
نعير	2.32
نعيق	2.21
نعيم	4.13
نعيما	2.43
نعيمة	3.15
نغب	1.01
نغت	0.00
نغر	1.80
نغز	0.00
نغش	1.82
نغص	1.93
نغصة	0.00
نغض	2.52
نغطى	1.63
نغف	1.13
نغق	0.00
نغل	2.22
نغم	3.28
نغمة	3.67
نغنى	1.95
نغوم	0.00
نغى	0.00
نغيل	0.00
نفاة	1.15
نفاث	2.61
نفاثة	3.16
نفاج	1.15
نفاح	0.00
نفاخ	1.62
نفاخة	1.65
نفاد	3.07
نفاذ	3.76
نفار	1.82
نفاس	2.16
نفاسة	1.90
نفاض	0.00
نفاط	1.43
نفاطة	0.00
نفاع	2.28
نفاق	3.47
نفال	0.00
نفاوة	0.00
نفايات	3.73
نفاية	2.14
نفت	3.78
نفث	3.03
نفثة	1.90
نفج	0.00
نفجة	0.00
نفح	2.45
نفحة	3.18
نفخ	3.53
نفخة	2.97
نفد	3.09
نفدتم	0.00
نفدتن	0.00
نفدن	0.00
نفدنا	0.00
نفدوا	0.00
نفذ	4.23
نفذة	1.14
نفذي	1.47
نفر	3.77
نفرة	2.20
نفرتم	1.12
نفرتن	0.00
نفرر	0.00
نفرن	0.00
نفرنا	0.00
نفروا	1.90
نفري	1.18
نفز	2.15
نفس	5.63
نفساء	1.32
نفساني	2.94
نفساوات	0.00
نفسة	3.68
نفسى	4.24
نفسي	5.28
نفش	2.12
نفص	2.02
نفض	2.94
نفضة	1.99
نفضي	1.91
نفط	4.08
نفطة	2.64
نفع	3.94
نفعة	1.42
نفعى	0.00
نفعي	2.26
نفعية	2.48
نفغ	0.00
نفق	3.93
نفقة	3.71
نفقي	1.89
نفل	2.56
نفنى	1.86
نفه	0.00
نفوتم	0.00
نفوتن	0.00
نفوذ	4.04
نفور	2.72
نفورة	0.00
نفوس	3.97
نفون	0.00
نفونا	0.00
نفى	3.96
نفي	3.99
نفير	2.67
نفيس	3.05
نفيل	2.64
نقئ	0.00
نقا	2.13
نقاء	3.40
نقائب	0.00
نقائر	0.00
نقائص	2.25
نقائض	1.56
نقائع	0.00
نقاب	2.98
نقابة	4.36
نقابي	2.90
نقاة	0.00
نقاد	3.48
نقار	2.60
نقارة	1.73
نقارس	0.00
نقاز	0.00
نقاش	4.27
نقاشة	1.77
نقاص	0.00
نقاط	4.87
نقاع	0.00
نقاعة	1.21
نقاق	1.14
نقال	3.26
نقالة	3.30
نقام	0.00
نقانق	2.49
نقاهة	2.71
نقاوة	2.79
نقب	2.59
نقباء	2.36
نقبة	1.37
نقة	1.70
نقتضى	0.00
نقث	0.00
نقح	1.60
نقحر	0.00
نقحرة	1.29
نقخ	0.00
نقد	4.28
نقدا	3.96
نقدة	1.27
نقدي	3.54
نقذ	1.62
نقر	3.32
نقرة	3.24
نقرس	1.69
نقز	1.61
نقزة	1.04
نقس	2.29
نقش	3.57
نقشعرر	0.00
نقص	4.83
نقصان	3.57
نقصة	1.35
نقض	3.45
نقضى	2.19
نقط	3.46
نقطة	5.12
نقطتان	2.70
نقع	3.56
نقعة	1.57
نقف	4.09
نقل	5.17
نقلا	4.16
نقلة	3.52
نقلى	1.71
نقلي	2.84
نقم	3.07
نقمة	3.33
نقنق	1.34
نقه	1.66
نقو	2.03
نقود	3.99
نقوش	3.15
نقوض	1.16
نقوط	1.46
نقوع	0.00
نقول	4.75
نقوى	2.35
نقى	2.73
نقي	3.81
نقيب	3.84
نقيبة	1.56
نقير	2.17
نقيرة	0.00
نقيصة	2.00
نقيض	3.59
نقيضة	1.51
نقيع	2.31
نقيعة	0.00
نقيق	2.12
نكا	1.04
نكات	3.25
نكاح	3.05
نكار	1.57
نكاس	0.00
نكاف	1.23
نكال	1.09
نكاية	2.77
نكب	2.19
نكبة	3.19
نكت	3.71
نكتة	3.82
نكتم	2.19
نكتن	0.00
نكث	2.50
نكح	2.75
نكحة	0.00
نكخ	0.00
نكد	2.98
نكداء	0.00
نكداوات	0.00
نكدى	1.12
نكر	2.49
نكراء	2.78
نكران	3.33
نكرة	3.18
نكز	1.82
نكس	2.68
نكسة	3.32
نكش	1.69
نكص	1.76
نكصتم	0.00
نكصتن	0.00
نكصن	0.00
نكصنا	0.00
نكصوا	0.00
نكظ	0.00
نكع	0.00
نكف	2.66
نكفة	0.00
نكفى	1.13
نكل	2.51
نكن	4.20
نكنا	0.00
نكه	1.43
نكهة	3.74
نكول	1.81
نكى	0.00
نكي	2.56
نكير	2.50
نلاقى	1.60
نلغى	1.71
نلفى	0.00
نلق	2.02
نلقى	3.41
نما	3.45
نماء	2.88
نمائم	0.00
نماة	0.00
نماذج	4.33
نمارق	1.28
نماط	0.00
نمال	0.00
نمام	2.23
نمت	4.32
نمتدد	0.00
نمتز	0.00
نمتم	1.56
نمتن	1.31
نمحى	0.00
نمد	3.08
نمر	4.03
نمراء	0.00
نمراوات	0.00
نمرة	3.40
نمرق	1.36
نمرقة	1.09
نمس	2.62
نمسا	1.96
نمساوي	2.69
نمش	2.22
نمص	1.92
نمط	4.46
نمق	0.00
نمكسود	0.00
نمل	3.49
نملة	3.26
نمنا	2.72
نمنم	1.84
نمنمة	1.31
نمه	1.34
نمو	4.55
نموتم	0.00
نموتن	0.00
نموذج	4.64
نموذجي	3.62
نمور	3.36
نموس	1.41
نمون	1.39
نمونا	2.02
نمى	2.93
نمي	2.59
نمية	0.00
نمير	2.98
نميم	0.00
نميمة	2.61
ننادى	1.87
نناوى	0.00
ننته	1.97
ننتوى	0.00
ننثن	0.00
نند	0.00
نندى	0.00
ننزو	0.00
ننسى	4.38
ننضمم	0.00
ننفى	1.20
ننقد	1.91
ننقض	1.53
ننكفف	0.00
ننم	1.90
ننمى	1.10
ننهى	1.83
ننوى	1.41
نهؤ	0.00
نهئ	1.34
نها	0.00
نهائي	4.67
نهاب	2.19
نهاة	0.00
نهاد	3.20
نهار	4.23
نهارئذ	0.00
نهارذاك	0.00
نهاز	0.00
نهاض	1.30
نهال	2.89
نهالى	0.00
نهام	1.55
نهامي	0.00
نهاوند	2.41
نهاية	5.48
نهب	3.78
نهبة	1.42
نهت	1.86
نهتمم	0.00
نهج	4.18
نهد	2.80
نهداء	0.00
نهدى	1.80
نهر	4.84
نهرة	0.00
نهز	2.23
نهزة	0.00
نهس	1.05
نهش	2.25
نهض	3.37
نهضة	3.82
نهط	0.00
نهف	0.00
نهق	1.87
نهك	0.00
نهكة	0.00
نهل	2.41
نهلان	0.00
نهلة	2.68
نهلى	0.00
نهم	3.52
نهمة	2.22
نهو	1.91
نهوج	0.00
نهود	2.91
نهوض	3.11
نهول	1.37
نهى	4.05
نهي	2.86
نهية	1.49
نهير	2.07
نهيق	2.18
نهيم	2.01
نوء	2.01
نواء	1.57
نوائب	2.58
نوائح	0.00
نوائل	0.00
نوائم	1.05
نوائي	0.00
نواب	4.33
نوابت	0.00
نوابح	0.00
نوابض	2.13
نوابع	0.00
نوابغ	2.24
نوابل	0.00
نوابي	1.38
نواة	4.14
نواتئ	0.00
نواتج	2.86
نواتي	1.41
نواثر	0.00
نواجح	0.00
نواجذ	0.00
نواجز	0.00
نواجس	0.00
نواجع	0.00
نواجم	0.00
نواجي	0.00
نواح	3.33
نواحر	0.00
نواحل	0.00
نواحي	3.84
نواخالي	0.00
نواخب	0.00
نواخر	0.00
نواخس	0.00
نواخل	0.00
نواد	2.54
نوادب	0.00
نوادر	3.05
نوادل	0.00
نوادم	0.00
نوادي	3.54
نوار	3.17
نوارة	3.02
نوارج	0.00
نوازح	0.00
نوازع	1.98
نوازف	0.00
نوازل	2.33
نواس	2.98
نواسخ	1.34
نواسغ	0.00
نواسف	0.00
نواسك	0.00
نواسل	0.00
نواسم	0.00
نواشئ	0.00
نواشد	0.00
نواشر	0.00
نواشز	0.00
نواشط	0.00
نواشف	1.13
نواص	0.00
نواصب	1.95
نواصح	0.00
نواصر	1.13
نواصع	0.00
نواصف	0.00
نواصي	2.08
نواضب	0.00
نواضح	0.00
نواضر	1.26
نواطح	0.00
نواطر	0.00
نواطف	0.00
نواطق	0.00
نواطير	1.21
نواظر	1.26
نواظم	1.12
نواظير	0.00
نواعب	0.00
نواعت	0.00
نواعس	0.00
نواعق	0.00
نواعم	2.77
نواعي	0.00
نواعير	1.69
نواف	3.88
نوافث	0.00
نوافذ	3.87
نوافر	0.00
نوافس	0.00
نوافض	0.00
نوافط	0.00
نوافع	0.00
نوافق	2.79
نوافل	2.46
نوافى	0.00
نوافي	0.00
نوافيث	0.00
نوافير	2.69
نواقد	0.00
نواقر	0.00
نواقص	2.33
نواقع	0.00
نواقل	2.24
نواقم	0.00
نواقير	0.00
نواقيس	2.08
نواكح	0.00
نواكد	0.00
نواكر	0.00
نواكس	0.00
نواكشوط	3.77
نوال	3.85
نوالى	0.00
نوام	1.78
نواميس	2.14
نواه	3.13
نواهد	0.00
نواهر	0.00
نواهز	0.00
نواهض	0.00
نواهق	0.00
نواهل	1.12
نواهي	1.26
نواوير	0.00
نواى	0.00
نوب	2.94
نوبة	4.10
نوبج	0.00
نوبليوم	0.00
نوبي	2.94
نوت	3.64
نوترون	0.00
نوتي	2.58
نوتية	0.00
نوح	4.27
نوحة	0.00
نودوا	0.00
نودي	2.94
نوديتم	0.00
نوديتن	0.00
نودين	0.00
نودينا	0.00
نور	4.95
نوراني	2.17
نورة	3.73
نورج	2.17
نورس	2.95
نورسيات	0.00
نوروز	2.60
نورى	2.45
نوري	4.07
نوس	2.20
نوسب	0.00
نوسبتم	0.00
نوسبتن	0.00
نوسبن	0.00
نوسبنا	0.00
نوسبوا	0.00
نوط	2.65
نوطة	1.69
نوع	5.38
نوعة	2.38
نوعي	3.58
نوعية	4.36
نوفر	3.80
نوفرتم	0.00
نوفرتن	0.00
نوفرن	0.00
نوفرنا	0.00
نوفروا	0.00
نوفس	0.00
نوفستم	0.00
نوفستن	0.00
نوفسن	0.00
نوفسنا	0.00
نوفسوا	0.00
نوفل	3.63
نوفمبر	5.27
نوفى	1.65
نوق	2.05
نوقش	3.00
نوقشتم	0.00
نوقشتن	0.00
نوقشن	0.00
نوقشنا	0.00
نوقشوا	0.00
نوقى	0.00
نوك	2.89
نول	2.98
نولة	1.48
نولى	1.46
نولينة	0.00
نوم	4.54
نومة	2.77
نومي	3.77
نون	3.95
نونبر	2.99
نوني	2.58
نوه	3.40
نوهة	0.00
نوول	0.00
نوولتم	0.00
نوولتن	0.00
نوولن	0.00
نوولنا	0.00
نوولوا	0.00
نوووا	0.00
نووي	4.00
نوويتم	0.00
نوويتن	0.00
نووين	1.61
نووينا	0.00
نوى	3.60
نوي	2.73
نويات	1.78
نيء	2.06
نيابة	4.31
نيابي	2.65
نيات	2.63
نيازك	2.53
نياط	2.04
نيافة	1.72
نيام	3.37
نيب	2.42
نيبال	3.85
نيبالي	2.13
نيبالية	2.48
نيبور	2.41
نية	4.30
نيترات	1.98
نيجيريا	4.35
نيح	1.51
نير	3.75
نيران	4.04
نيرة	2.57
نيروز	1.99
نيزك	3.31
نيس	3.84
نيسان	4.65
نيشان	2.87
نيص	1.82
نيط	1.15
نيف	3.14
نيفادا	3.55
نيفق	0.00
نيقوسيا	2.65
نيك	4.89
نيكت	1.58
نيكل	2.93
نيكوا	0.00
نيكوتين	2.46
نيكي	3.75
نيل	4.29
نيلوفر	1.82
نيلون	1.81
نيلي	3.48
نيم	3.48
نينجا	3.72
نينوى	3.85
نيه	2.91
نيوب	1.55
نيوبيوم	1.12
نيوترون	2.39
نيودلهي	3.49
نيون	2.92
نيويورك	5.15
هاء	2.98
هائب	0.00
هائج	3.09
هائد	0.00
هائف	0.00
هائل	4.23
هائم	2.56
هاب	3.32
هابر	2.49
هابش	0.00
هابط	2.85
هابل	3.02
هابيل	3.13
هات	3.74
هاتر	2.35
هاتف	4.62
هاتفي	4.11
هاتفيا	3.62
هاتك	1.66
هاتم	0.00
هاته	3.79
هاث	2.02
هاج	2.84
هاجد	1.86
هاجر	4.01
هاجرة	2.09
هاجرتم	0.00
هاجرتن	0.00
هاجرنا	1.94
هاجري	1.68
هاجس	3.56
هاجع	1.35
هاجم	4.15
هاجمتم	1.01
هاجمتن	0.00
هاجمنا	2.12
هاجمي	0.00
هاجى	1.65
هاجي	2.49
هاد	3.87
هادئ	4.11
هادب	0.00
هادت	0.00
هادر	2.23
هادف	3.04
هادل	0.00
هادم	2.51
هادن	2.23
هادوا	2.50
هادى	2.75
هادي	4.52
هاذب	0.00
هاذر	1.09
هار	3.04
هارب	3.51
هارج	1.13
هارد	3.45
هارس	2.00
هارش	1.84
هارع	0.00
هارف	2.21
هارق	0.00
هارون	4.04
هاز	2.28
هازئ	1.27
هازباء	0.00
هازر	0.00
هازع	0.00
هازل	2.73
هازم	1.99
هازمة	0.00
هاس	3.02
هاسيوم	0.00
هاش	3.55
هاشم	4.23
هاشمي	3.29
هاص	1.37
هاصر	0.00
هاض	1.46
هاضب	0.00
هاضل	1.26
هاضم	1.69
هاضوم	0.00
هاط	1.08
هاطل	1.45
هاع	1.59
هاف	2.93
هافانا	3.77
هافت	1.46
هافنيوم	0.00
هال	3.97
هالة	3.95
هالك	3.44
هالوك	1.55
هام	4.55
هامة	4.52
هامد	1.90
هامر	3.23
هامز	0.00
هامس	2.37
هامش	4.08
هامع	0.00
هامك	0.00
هامل	2.89
هان	4.13
هانئ	3.05
هانم	2.93
هانيبال	3.08
هاو	3.64
هاواي	3.85
هاود	1.03
هاوش	0.00
هاون	3.59
هاوى	1.61
هاوي	3.41
هاوية	3.23
هايا	0.00
هايتي	3.90
هايج	2.75
هايط	0.00
هبا	2.27
هباء	3.57
هباب	1.98
هبات	3.09
هباط	1.19
هبال	1.96
هبالة	0.00
هبب	0.00
هببتم	0.00
هببتن	0.00
هببن	0.00
هببنا	0.00
هبة	4.14
هبت	3.43
هبث	0.00
هبج	0.00
هبد	1.55
هبذ	0.00
هبر	1.90
هبرة	2.05
هبرية	0.00
هبز	0.00
هبش	1.13
هبص	0.00
هبط	3.74
هبطة	1.58
هبطتم	0.00
هبطتن	0.00
هبطن	0.00
هبطنا	2.12
هبطوا	2.65
هبع	0.00
هبغ	0.00
هبل	3.21
هبلاء	0.00
هبلاوات	0.00
هبلة	1.88
هبلى	0.00
هبن	1.11
هبهاب	0.00
هبهب	1.83
هبوب	3.29
هبور	0.00
هبوط	4.05
هبول	0.00
هبي	2.38
هبيد	1.23
هتئ	0.00
هتا	2.13
هتات	0.00
هتاف	3.46
هتر	1.28
هتش	2.48
هتع	0.00
هتف	3.19
هتفة	0.00
هتفى	0.00
هتك	3.25
هتكة	0.00
هتل	1.49
هتم	1.74
هتماء	0.00
هتماوات	0.00
هتمى	0.00
هتن	1.16
هتوف	1.36
هتون	2.25
هثم	0.00
هثى	0.00
هجئ	0.00
هجا	2.17
هجاء	3.21
هجائن	1.96
هجاة	0.00
هجاجيك	0.00
هجاد	1.36
هجار	1.40
هجاع	0.00
هجان	1.65
هجانة	1.46
هجب	0.00
هجج	0.00
هجد	0.00
هجدة	0.00
هجر	3.89
هجران	2.55
هجرة	4.18
هجس	1.13
هجش	0.00
هجع	1.50
هجعات	0.00
هجعة	1.63
هجف	0.00
هجل	0.00
هجليج	2.46
هجم	3.32
هجمة	3.48
هجمتم	0.00
هجمتن	0.00
هجمن	0.00
هجمنا	1.36
هجموا	2.68
هجن	2.55
هجناء	1.24
هجنة	1.35
هجو	2.01
هجود	0.00
هجوع	1.89
هجوم	4.84
هجوي	0.00
هجى	1.21
هجي	1.30
هجيج	1.55
هجير	2.19
هجيرة	1.18
هجيع	0.00
هجين	3.36
هجينة	2.93
هخامنش	0.00
هخامنشي	0.00
هدئ	2.18
هدا	2.88
هداب	1.47
هداة	2.38
هداج	2.45
هداد	1.62
هدار	2.27
هدارة	1.55
هداف	3.80
هدال	1.14
هدام	2.59
هداهد	1.13
هدايا	4.13
هداية	3.49
هدب	2.50
هدباء	1.65
هدباوات	0.00
هدبة	1.64
هدة	2.29
هدت	2.16
هدج	0.00
هدد	3.92
هددة	0.00
هددي	0.00
هدر	3.56
هدرة	1.66
هدرج	0.00
هدروجين	1.04
هدس	0.00
هدغ	0.00
هدف	5.07
هدفة	2.21
هدفتم	0.00
هدفتن	0.00
هدفن	0.00
هدفنا	4.16
هدفوا	1.20
هدك	1.69
هدل	1.68
هدلاء	0.00
هدلاوات	0.00
هدم	4.07
هدمة	1.40
هدن	1.93
هدنة	3.83
هدهد	2.64
هدهدة	1.38
هدوء	4.25
هدى	4.17
هدي	3.81
هدية	4.55
هدير	3.32
هديل	3.25
هذئ	0.00
هذا	6.67
هذاء	1.90
هذاءة	0.00
هذاذيك	0.00
هذار	0.00
هذب	2.30
هذر	2.07
هذف	2.09
هذم	1.07
هذى	2.63
هذيان	2.96
هرئ	0.00
هرا	2.04
هراء	3.25
هراب	1.10
هراة	2.17
هرار	1.85
هراس	1.74
هراسة	1.48
هراش	0.00
هراطقة	1.48
هراهير	0.00
هراوة	2.56
هراوى	0.00
هرب	4.29
هربة	1.05
هربتم	1.69
هربتن	0.00
هربن	2.00
هربنا	2.40
هربوا	3.72
هربي	1.67
هرت	2.44
هرتز	3.18
هرج	2.68
هرد	1.83
هرر	2.40
هررة	1.46
هرز	0.00
هرس	2.23
هرش	2.11
هرشف	0.00
هرص	0.00
هرض	0.00
هرط	0.00
هرطق	0.00
هرطقة	2.66
هرطوقي	1.08
هرع	2.85
هرف	0.00
هرق	2.18
هرقل	3.69
هرقلية	2.28
هرم	3.71
هرمز	3.56
هرمون	3.97
هرمى	1.18
هرمينا	1.09
هرهر	0.00
هرهور	1.25
هروب	4.05
هرور	0.00
هرول	2.42
هرولة	2.66
هروي	1.12
هرى	1.35
هري	2.17
هريء	0.00
هريئة	0.00
هرير	1.91
هريرة	4.29
هريس	2.39
هريسة	2.36
هريفنا	1.12
هزء	1.16
هزئ	1.14
هزا	2.55
هزاء	0.00
هزائم	3.16
هزابر	0.00
هزاة	0.00
هزار	2.85
هزاريف	0.00
هزاز	2.90
هزال	2.40
هزالة	1.41
هزاهز	0.00
هزبر	1.51
هزة	3.52
هزج	1.11
هزر	1.21
هزروف	0.00
هزز	0.00
هززة	0.00
هزع	0.00
هزف	0.00
هزق	0.00
هزل	2.62
هزلة	0.00
هزلى	1.75
هزلي	3.41
هزم	3.83
هزهز	0.00
هزهزة	1.18
هزوم	0.00
هزيج	0.00
هزيز	1.50
هزيع	1.31
هزيل	3.08
هزيم	2.52
هزيمة	4.30
هستيري	2.73
هستيريا	2.78
هسع	1.60
هسهس	1.08
هسهسة	1.81
هسيس	1.59
هشاش	0.00
هشاشة	3.55
هشام	4.57
هشر	1.07
هشم	2.33
هشمة	0.00
هشهش	1.96
هشوش	0.00
هشوم	0.00
هشيم	2.51
هشيمة	2.22
هصا	0.00
هصر	0.00
هصم	0.00
هصور	1.53
هضائم	0.00
هضاب	2.57
هضام	0.00
هضب	1.06
هضبة	3.75
هضل	0.00
هضلاء	0.00
هضم	3.38
هضمة	0.00
هضمي	2.47
هضوم	0.00
هضيم	1.18
هطا	1.06
هطال	1.25
هطر	0.00
هطع	0.00
هطف	0.00
هطل	2.62
هطلس	0.00
هطول	4.00
هعخع	0.00
هفا	1.61
هفاف	0.00
هفت	2.03
هفك	0.00
هفهاف	0.00
هفهف	0.00
هفوة	2.79
هقع	0.00
هقف	0.00
هقم	0.00
هقى	0.00
هكب	0.00
هكذا	5.09
هكر	3.02
هكع	0.00
هلا	4.60
هلاك	3.44
هلال	4.33
هلالية	3.18
هلام	3.11
هلامي	2.50
هلب	1.90
هلت	2.35
هلج	0.00
هلد	0.00
هلس	2.26
هلسنكي	3.18
هلع	3.22
هلك	3.53
هلكة	2.19
هلكى	1.81
هلل	2.63
هللة	2.42
هلم	3.13
هلهال	0.00
هلهل	1.52
هلوس	0.00
هلوسة	2.85
هلوع	0.00
هليوم	2.03
هليون	1.86
هما	4.88
همائم	0.00
هماد	0.00
هماز	2.00
هماس	0.00
همالية	0.00
همام	3.55
همة	3.47
همت	3.20
همج	3.07
همجي	2.99
همجية	3.20
همد	1.32
همدان	3.36
همدة	0.00
همذ	0.00
همر	2.99
همرة	0.00
همز	2.04
همزة	3.36
همس	3.75
همسة	3.19
همش	2.27
همط	0.00
همع	1.32
همغ	0.00
همك	3.09
همل	2.11
همم	3.09
همهام	0.00
همهم	3.46
همهمة	2.31
همولة	0.00
همى	1.92
همي	3.19
هميان	1.46
هميز	0.00
هنؤ	0.00
هنؤوا	0.00
هنئ	2.01
هنئتم	0.00
هنئتن	0.00
هنئنا	1.22
هنئي	0.00
هنا	5.93
هناء	3.36
هناة	0.00
هناتم	0.00
هناتن	0.00
هناك	6.11
هنالك	4.83
هنان	0.00
هنانا	0.00
هنب	1.83
هنة	1.27
هند	4.06
هندام	1.91
هندبا	0.00
هندباء	1.78
هندس	2.18
هندسة	4.18
هندسي	3.25
هندم	1.37
هندوس	2.21
هندوسي	3.01
هندوسية	2.52
هندي	4.30
هنري	4.65
هنع	0.00
هنغ	1.67
هنغاري	2.16
هنغاريا	3.46
هنق	1.04
هنوا	1.10
هنوات	0.00
هني	3.46
هنيء	2.20
هنيدة	1.84
هنيهة	2.49
ههه	3.22
هوئ	0.00
هواء	4.08
هوائب	0.00
هوائج	0.00
هوائد	0.00
هوائف	0.00
هوائل	0.00
هوائم	0.00
هوائي	3.38
هوابط	0.00
هوابل	0.00
هواة	3.81
هواتف	4.15
هواجد	0.00
هواجر	1.20
هواجس	3.16
هواجع	0.00
هواجن	0.00
هواجي	0.00
هواد	1.08
هوادئ	0.00
هوادة	3.44
هوادج	0.00
هوادر	0.00
هوادف	0.00
هوادل	0.00
هوادم	0.00
هوادي	1.21
هواذر	0.00
هوارب	0.00
هوارة	2.45
هواز	0.00
هوازئ	0.00
هوازل	0.00
هوازم	0.00
هواشم	0.00
هواضم	0.00
هواضيم	0.00
هواطل	0.00
هوالك	0.00
هوام	2.08
هوامد	0.00
هوامر	0.00
هوامز	0.00
هوامس	0.00
هوامش	3.12
هوامع	0.00
هوامل	0.00
هوان	3.33
هوانئ	0.00
هواوين	0.00
هواية	3.67
هوبر	3.43
هوة	3.29
هوتة	1.01
هوج	2.60
هوجاء	2.54
هوجاوات	0.00
هوجر	1.07
هوجم	3.20
هوجمتم	0.00
هوجمتن	0.00
هوجمن	0.00
هوجمنا	1.05
هوجموا	2.45
هوجى	0.00
هود	4.07
هودج	2.93
هودوا	0.00
هودي	2.58
هوذا	2.40
هور	2.89
هوري	2.17
هوز	2.55
هوس	3.66
هوساء	0.00
هوساوات	0.00
هوسى	0.00
هوش	2.29
هوشة	1.80
هوع	0.00
هوف	2.93
هوك	3.86
هول	3.95
هولة	1.70
هولع	0.00
هولميوم	0.00
هولندا	4.32
هولندي	3.28
هولندية	3.37
هوم	3.62
هون	4.06
هونى	1.39
هوى	3.69
هوي	3.54
هوية	4.60
هويس	2.00
هوينا	1.69
هوينى	0.00
هيؤ	0.00
هيئ	2.64
هيئة	5.19
هيا	4.52
هياب	1.64
هياثم	0.00
هياج	2.76
هيادب	0.00
هياشر	0.00
هيافى	0.00
هياكل	3.65
هيام	3.21
هيامى	0.00
هيب	3.53
هيبة	3.84
هيثم	3.89
هيج	2.99
هيجاء	0.00
هيجان	3.11
هيدب	0.00
هيذبى	0.00
هيشر	1.83
هيض	1.08
هيضة	1.07
هيع	1.49
هيغ	2.71
هيف	2.73
هيفاء	3.98
هيفان	1.01
هيفاوات	0.00
هيفى	1.34
هيق	1.39
هيقاء	0.00
هيقاوات	0.00
هيكل	4.30
هيكلة	3.70
هيل	4.36
هيلانة	2.70
هيلع	0.00
هيلل	1.96
هيليوم	2.84
هيم	2.51
هيماء	1.65
هيمان	2.69
هيماوات	0.00
هيمن	2.86
هيمنة	3.73
هيمى	1.29
هين	3.40
هينة	2.80
هيه	3.79
هيهات	3.46
هيوب	1.72
هيوف	0.00
هيوق	0.00
هيول	1.35
هيولى	1.65
هيولي	1.29
هيوم	3.10
وئام	2.93
وئب	0.00
وئيد	0.00
واءم	0.00
وائل	4.25
واب	3.50
وابل	3.31
وابور	1.81
واتد	0.00
واتر	2.93
واترتم	0.00
واترتن	0.00
واترنا	0.00
واتري	0.00
واثب	1.77
واثق	4.04
واثن	0.00
واجب	4.49
واجد	3.09
واجز	1.26
واجس	0.00
واجف	1.40
واجل	2.26
واجم	1.46
واجه	4.21
واجهة	4.29
واحة	3.84
واحد	5.81
واحدة	5.69
واحدته	1.76
واحل	1.77
واخم	0.00
واد	4.08
وادع	2.62
وادي	4.63
وار	2.13
وارب	1.84
وارث	2.96
وارد	4.13
وارسو	3.52
وارع	1.25
وارف	2.48
وارق	2.60
وارم	2.16
وارى	2.86
وازر	0.00
وازع	2.41
وازن	2.58
وازى	1.59
واسط	3.21
واسطة	3.24
واسطي	1.15
واسع	4.90
واسق	1.64
واسم	3.82
واسى	1.66
واشج	0.00
واشجة	0.00
واشك	2.01
واشنطن	4.89
واشي	2.23
واص	1.16
واصب	2.03
واصبة	0.00
واصف	3.27
واصل	4.35
واصلتم	1.45
واصلتن	0.00
واصلنا	2.50
واصلي	3.05
واضا	0.00
واضح	5.00
واضع	3.08
واط	0.00
واطئ	1.95
واطا	0.00
واطن	1.71
واظب	2.42
واظف	0.00
واع	3.27
واعد	3.52
واعر	1.98
واعز	2.11
واعظ	3.05
واعك	0.00
واعي	3.26
واغد	1.26
واغر	0.00
واغل	1.29
واف	2.76
وافت	2.08
وافد	3.18
وافر	3.32
وافق	4.51
وافقتم	1.71
وافقتن	0.00
وافقنا	2.52
وافقي	1.94
وافى	2.01
وافي	2.99
وافيتم	0.00
وافيتن	0.00
وافينا	1.14
واق	3.31
واقع	4.67
واقعا	3.91
واقعة	4.31
واقعتم	0.00
واقعتن	0.00
واقعنا	3.55
واقعي	3.96
واقعية	4.22
واقف	3.87
واقي	3.39
واكا	0.00
واكب	2.86
واكظ	0.00
واكف	1.65
واكل	2.84
واكن	2.42
وال	4.14
والت	3.82
والد	4.62
والدان	2.39
والدة	4.40
والع	1.83
والغنم	2.75
والف	3.18
والمؤنث	2.42
والمثنى	2.21
والمفرد	2.18
واله	3.28
والى	3.95
والي	4.35
واليتم	1.57
واليتن	0.00
والينا	1.85
وام	4.08
وامض	2.66
وامق	1.01
وان	5.05
واني	3.58
واه	3.16
واهب	2.73
واهن	2.38
واهي	2.56
واو	3.87
واوا	0.00
واى	2.96
وايومنغ	2.66
وبؤ	0.00
وبئ	0.00
وبا	1.51
وباء	3.88
وبار	2.68
وبال	2.75
وبخ	2.62
وبد	2.07
وبر	3.26
وبراء	1.63
وبراوات	0.00
وبش	1.75
وبص	1.76
وبط	1.93
وبغ	0.00
وبق	2.03
وبل	2.94
وبلة	0.00
وبه	3.82
وبور	2.00
وبيء	0.00
وبيئة	3.30
وبيل	3.02
وتا	1.23
وتائر	1.21
وتار	1.78
وتب	2.74
وتح	1.50
وتخ	0.00
وتد	2.97
وتدي	1.93
وتر	3.70
وتري	2.76
وتغ	1.40
وتم	5.18
وتن	2.13
وتيرة	3.93
وتين	2.32
وثئ	0.00
وثا	0.00
وثائر	2.15
وثائق	4.34
وثائقي	4.09
وثائل	0.00
وثاب	2.31
وثار	2.80
وثارة	0.00
وثاق	2.51
وثب	2.91
وثبة	2.61
وثبى	0.00
وثج	0.00
وثر	1.78
وثغ	0.00
وثف	0.00
وثق	3.92
وثقة	3.43
وثقى	1.51
وثل	1.04
وثم	3.75
وثن	2.24
وثني	3.06
وثنية	2.96
وثوب	2.63
وثوق	2.04
وثير	1.85
وثيق	3.83
وثيقة	4.56
وثيل	1.11
وجا	0.00
وجاب	2.62
وجاد	3.10
وجار	2.85
وجاعى	0.00
وجاف	2.71
وجاق	1.04
وجال	2.49
وجام	1.41
وجاه	2.53
وجاهة	2.31
وجب	4.07
وجبة	4.53
وجبتم	0.00
وجبتن	0.00
وجبن	2.89
وجبنا	2.07
وجبوا	0.00
وجبي	0.00
وجح	1.06
وجد	4.96
وجدان	3.44
وجداني	2.88
وجدة	3.66
وجدي	3.76
وجر	2.78
وجرة	2.20
وجز	2.14
وجس	1.97
وجع	3.67
وجعى	0.00
وجف	2.28
وجفة	0.00
وجل	4.45
وجلاء	2.80
وجلاوات	0.00
وجم	2.27
وجمة	1.21
وجن	2.64
وجنة	2.92
وجه	5.22
وجهاء	3.11
وجهة	4.80
وجهتم	1.73
وجهتن	0.00
وجهن	1.47
وجهنا	3.05
وجهوا	3.13
وجهى	2.47
وجهي	4.58
وجوب	3.93
وجود	5.59
وجودي	4.00
وجودية	2.93
وجور	2.32
وجوم	1.41
وجوه	4.39
وجى	1.64
وجي	3.21
وجيبة	1.02
وجيز	3.20
وجيع	1.30
وجيم	2.73
وجين	2.65
وجيه	3.88
وحاب	1.78
وحاف	1.01
وحام	2.13
وحامى	1.67
وحاويح	0.00
وحج	2.80
وحد	3.71
وحداء	1.77
وحدان	0.00
وحداني	1.93
وحدانية	2.57
وحدة	5.00
وحدوي	2.23
وحدوية	2.37
وحدي	4.07
وحر	3.10
وحرة	2.80
وحش	4.02
وحشان	1.37
وحشة	3.00
وحشي	3.50
وحشية	3.95
وحص	0.00
وحف	1.80
وحفة	0.00
وحل	4.08
وحم	1.82
وحمة	2.64
وحمى	2.99
وحن	1.98
وحواح	0.00
وحوح	1.18
وحوش	3.66
وحول	4.10
وحى	2.47
وحي	4.03
وحيد	4.60
وحيش	1.39
وحيم	0.00
وخد	2.47
وخز	3.00
وخزة	2.54
وخش	1.80
وخض	1.59
وخط	3.62
وخف	2.27
وخفة	3.03
وخم	1.41
وخمة	0.00
وخواتيم	2.25
وخى	1.04
وخي	1.57
وخيم	2.72
ودئ	0.00
ودا	0.00
ودائع	3.41
وداج	0.00
وداد	3.47
ودادية	1.67
وداع	3.88
وداعا	4.26
وداعة	2.64
ودامون	1.34
ودج	1.91
ودر	2.34
ودس	2.12
ودع	3.66
ودعاء	3.09
ودعة	1.94
ودف	1.66
ودفة	1.21
ودق	2.82
ودقة	3.39
ودك	2.74
ودل	2.90
ودن	2.30
وده	3.65
ودهاء	2.48
ودود	3.42
ودوع	0.00
ودى	2.72
ودي	3.95
وديان	3.08
وديد	1.91
وديع	3.58
وديعة	3.40
وديك	2.46
وذء	0.00
وذا	0.00
وذح	0.00
وذر	2.05
وذع	0.00
وذف	0.00
وذم	2.43
وذماء	0.00
وذوم	0.00
وذى	1.56
وذيمة	0.00
ورا	1.27
وراء	5.08
وراث	1.40
وراثة	3.10
وراثيات	0.00
وراد	2.39
وراف	1.47
وراق	2.71
وراقة	1.16
وراقى	1.40
ورب	3.55
وربة	2.63
ورث	3.52
ورثة	3.39
ورخ	1.20
ورد	4.85
وردة	4.03
وردتم	0.00
وردتن	0.00
وردن	1.93
وردنا	3.00
وردوا	2.50
وردي	3.78
ورديات	2.62
وردية	3.62
ورذ	0.00
ورس	2.05
ورش	4.04
ورشان	1.34
ورشة	4.38
ورشنوفة	0.00
ورص	1.93
ورض	1.44
ورط	2.72
ورطة	3.34
ورع	3.01
ورف	2.12
ورفة	1.20
ورق	4.30
ورقاء	2.20
ورقاوات	0.00
ورقة	4.62
ورقي	3.54
ورك	2.89
وركاء	1.14
وركاوات	0.00
ورل	1.91
ورلة	0.00
ورليات	0.00
ورم	3.94
ورنش	0.00
ورنيش	2.15
وره	2.23
ورهاء	0.00
وروار	1.19
ورود	3.81
ورور	1.69
ورى	2.85
وري	2.75
وريث	3.52
وريد	3.05
وريدان	1.41
وريق	1.63
وزا	0.00
وزارة	5.52
وزاري	3.45
وزاع	0.00
وزاغ	1.50
وزال	2.57
وزان	2.93
وزب	2.11
وزر	3.21
وزراء	4.66
وزرة	2.25
وزع	3.44
وزعة	0.00
وزغ	2.18
وزغان	0.00
وزغة	1.62
وزف	1.46
وزم	1.46
وزن	4.29
وزنة	2.82
وزنى	2.26
وزني	3.39
وزوز	1.09
وزى	2.08
وزير	5.38
وزيم	1.16
وزين	3.43
وسائد	3.04
وسائط	3.85
وسائل	5.13
وساخة	2.03
وساد	2.68
وسادة	3.52
وساط	1.08
وساطة	3.42
وسام	4.23
وسامة	2.82
وساوس	2.46
وسب	2.78
وسج	0.00
وسخ	3.02
وسد	3.32
وسط	5.35
وسطاء	3.04
وسطة	1.60
وسطى	3.19
وسطية	3.42
وسع	3.71
وسعة	3.46
وسعى	3.36
وسق	2.08
وسل	2.66
وسم	3.85
وسماء	2.82
وسمة	2.31
وسمى	3.02
وسمي	3.31
وسن	3.37
وسنان	2.06
وسنة	3.80
وسنى	1.39
وسني	2.11
وسواس	2.89
وسوس	2.43
وسوسة	2.66
وسوستم	0.00
وسوستن	0.00
وسوسنا	0.00
وسوسي	0.00
وسوط	1.73
وسوق	3.50
وسوم	3.20
وسى	1.44
وسيط	3.84
وسيع	2.28
وسيق	2.40
وسيلة	4.79
وسيم	4.06
وشاء	2.73
وشاءة	0.00
وشائج	1.83
وشائح	0.00
وشاة	1.68
وشاح	3.51
وشام	1.88
وشاية	2.43
وشج	1.60
وشح	2.53
وشر	3.34
وشظ	0.00
وشع	1.36
وشغ	0.00
وشق	3.37
وشك	4.38
وشل	2.61
وشم	3.42
وشمة	1.91
وشهد	3.81
وشواش	0.00
وشوش	1.88
وشوشة	2.37
وشوم	2.35
وشى	2.75
وشي	3.25
وشيج	0.00
وشيجة	1.40
وشيقة	2.11
وشيك	3.41
وصئ	0.00
وصائد	1.93
وصائف	0.00
وصائل	0.00
وصاب	2.08
وصابى	0.00
وصاف	1.82
وصال	2.91
وصاويص	0.00
وصايا	3.38
وصاية	3.39
وصب	3.04
وصد	2.98
وصر	1.63
وصع	1.66
وصف	4.95
وصفاء	3.18
وصفة	4.05
وصفي	3.31
وصفية	2.86
وصل	5.10
وصلة	4.08
وصلي	3.15
وصم	2.66
وصمة	3.51
وصواص	0.00
وصوص	1.58
وصول	4.79
وصولات	2.05
وصولي	3.44
وصولية	1.39
وصوم	2.97
وصى	2.92
وصي	3.26
وصية	3.91
وصيد	2.99
وصيف	3.44
وصيل	0.00
وصيلة	1.79
وضؤ	1.01
وضا	0.00
وضاء	1.84
وضائع	1.65
وضاح	3.38
وضاع	2.85
وضب	1.78
وضح	4.08
وضحة	2.00
وضحى	3.00
وضخ	2.49
وضر	1.95
وضع	5.39
وضعة	2.60
وضعية	4.14
وضف	1.77
وضم	3.60
وضن	1.50
وضوء	3.25
وضوح	3.94
وضيء	1.31
وضيئة	1.13
وضيع	3.40
وطء	2.14
وطؤ	0.00
وطئ	2.58
وطا	2.44
وطاء	1.92
وطائد	0.00
وطاب	3.00
وطاة	3.78
وطاويط	1.69
وطب	3.21
وطح	0.00
وطد	2.27
وطر	1.99
وطس	1.26
وطش	0.00
وطف	1.72
وطم	1.25
وطن	4.42
وطني	4.61
وطنية	4.63
وطواط	1.98
وطوط	0.00
وطيء	1.89
وطيئة	0.00
وطيد	1.91
وطيس	1.98
وظائف	4.60
وظاب	0.00
وظب	0.00
وظبة	0.00
وظف	3.32
وظيف	1.80
وظيفة	4.73
وظيفي	3.40
وعاء	4.04
وعاة	0.00
وعاظ	2.41
وعال	2.22
وعاوع	0.00
وعب	1.93
وعث	1.50
وعثاء	2.04
وعد	4.60
وعدة	3.80
وعر	2.81
وعرة	3.12
وعرى	1.71
وعز	3.15
وعس	0.00
وعظ	2.87
وعظة	1.85
وعف	1.67
وعق	1.90
وعقة	0.00
وعك	1.87
وعكة	2.73
وعل	2.83
وعم	3.44
وعود	3.83
وعور	1.05
وعورة	2.64
وعوع	0.00
وعول	1.89
وعى	2.91
وعي	4.13
وعيا	3.45
وعيب	2.63
وعيد	3.78
وعيق	0.00
وغال	2.06
وغب	1.25
وغد	2.81
وغر	2.10
وغرة	1.94
وغف	0.00
وغل	2.17
وغلة	1.08
وغم	2.57
وغى	1.19
وفاء	4.23
وفاة	5.00
وفاد	0.00
وفادة	2.08
وفار	2.19
وفاق	3.75
وفت	2.57
وفد	4.24
وفدة	0.00
وفر	4.00
وفراء	1.72
وفرة	3.63
وفري	2.50
وفز	2.06
وفض	2.50
وفق	5.01
وفقي	1.35
وفل	2.12
وفه	1.72
وفوا	1.86
وفود	3.55
وفور	2.98
وفى	4.37
وفي	6.03
وفيات	4.07
وفيتم	1.54
وفيتن	0.00
وفير	3.15
وفيق	2.86
وفين	2.57
وفينا	3.18
وقاء	1.87
وقائع	3.99
وقائي	3.46
وقاب	1.02
وقاة	1.15
وقاحة	3.64
وقاد	3.58
وقار	2.87
وقاع	2.40
وقاف	1.93
وقاية	3.44
وقب	2.27
وقباء	1.21
وقبة	2.59
وقت	5.66
وقتئذ	3.04
وقتذاك	2.71
وقتما	3.07
وقتي	4.15
وقح	3.11
وقد	5.98
وقدة	1.16
وقذ	1.55
وقر	2.87
وقس	2.57
وقش	2.06
وقص	2.86
وقط	2.32
وقظ	0.00
وقع	4.94
وقعة	3.04
وقعتم	2.23
وقعتن	0.00
وقعن	2.15
وقعنا	3.14
وقعوا	3.65
وقعي	1.68
وقف	4.87
وقفة	4.21
وقفي	2.67
وقل	3.87
وقم	3.82
وقه	2.39
وقواق	1.79
وقواقية	0.00
وقوب	0.00
وقود	4.11
وقور	2.49
وقوع	4.46
وقوف	3.83
وقوق	0.00
وقى	1.94
وقي	2.40
وقيح	1.04
وقيد	2.68
وقير	1.67
وقيرة	1.04
وقيع	1.51
وقيعة	1.50
وكاف	2.21
وكال	2.27
وكالة	5.06
وكب	2.12
وكت	2.35
وكح	0.00
وكد	1.91
وكدي	1.45
وكر	3.32
وكز	1.66
وكس	2.66
وكساء	1.85
وكساوات	0.00
وكظ	0.00
وكع	1.30
وكف	3.11
وكل	5.29
وكلاء	3.68
وكلة	1.84
وكم	4.38
وكن	3.82
وكنة	1.29
وكوب	2.86
وكوف	1.07
وكون	3.35
وكى	1.98
وكيرة	0.00
وكيل	4.44
ولا	6.09
ولاء	3.83
ولائد	0.00
ولائم	2.39
ولاة	3.87
ولاج	0.00
ولادة	4.33
ولاعة	2.61
ولاه	3.07
ولاهى	0.00
ولاية	5.05
ولب	2.59
ولبة	1.53
ولت	3.08
ولث	0.00
ولج	2.82
ولح	1.38
ولخ	1.12
ولد	5.45
ولدان	3.33
ولدة	2.20
ولدي	4.04
ولذ	1.53
ولس	2.15
ولع	3.15
ولغ	1.74
ولف	3.49
ولق	1.51
ولقى	2.67
وله	4.79
ولهان	2.25
ولهة	1.02
ولهى	1.24
ولو	5.15
ولود	2.19
ولوع	1.57
ولوف	1.67
ولول	1.59
ولولة	1.44
ولى	3.74
ولي	4.80
وليا	3.64
وليجة	0.00
وليد	4.60
وليف	2.55
وليم	3.46
وليمة	3.55
وما	1.23
ومد	3.55
ومز	1.37
ومس	2.62
ومض	2.16
ومق	0.00
ومه	1.71
وميض	3.32
وميق	0.00
وناء	1.54
ونش	2.77
ونك	2.11
ونم	2.65
ونى	1.73
وني	2.36
ونية	2.76
ونيلية	0.00
وهاب	2.86
وهابي	2.57
وهابية	2.61
وهاة	0.00
وهاج	2.38
وهاجى	0.00
وهاد	2.72
وهان	2.51
وهب	3.93
وهبة	3.14
وهت	1.33
وهث	0.00
وهج	3.40
وهجان	0.00
وهجع	0.00
وهجى	0.00
وهد	2.02
وهدان	2.18
وهدة	2.06
وهر	1.53
وهران	3.58
وهز	2.81
وهس	1.33
وهص	0.00
وهط	0.00
وهف	1.82
وهق	1.61
وهل	4.81
وهلة	2.96
وهم	5.32
وهمي	3.67
وهن	3.89
وهنانة	0.00
وهنة	1.24
وهواه	2.36
وهوه	2.49
وهوهة	0.00
وهى	4.38
وهي	5.87
وهيا	3.47
وهيج	2.17
ووتر	3.46
ووترتم	0.00
ووترتن	0.00
ووترن	0.00
ووترنا	0.00
ووتروا	0.00
ووصل	3.98
ووصلتم	1.18
ووصلتن	0.00
ووصلن	0.00
ووصلنا	2.95
ووصلوا	3.16
ووفق	3.52
ووفقتم	0.00
ووفقتن	0.00
ووفقن	0.00
ووفقنا	2.33
ووفقوا	0.00
ووفوا	1.36
ووفي	2.44
ووفيتم	0.00
ووفيتن	0.00
ووفين	0.00
ووفينا	0.00
ووقع	3.80
ووقعتم	0.00
ووقعتن	0.00
ووقعن	0.00
ووقعنا	1.97
ووقعوا	2.50
وولوا	2.24
وولي	3.78
ووليتم	0.00
ووليتن	0.00
وولين	0.00
وولينا	1.20
ويبة	0.00
ويرونكة	0.00
ويس	3.40
ويسكنسن	2.07
ويسكي	2.68
ويكاموس	1.89
ويكي	3.89
ويل	4.34
ويلة	1.56
ويلز	4.10
وين	4.36
وينة	1.11
يؤاتى	0.00
يؤب	0.00
يؤبن	1.52
يؤبوا	0.00
يؤبون	0.00
يؤبى	0.00
يؤبين	0.00
يؤت	2.62
يؤتمم	0.00
يؤتممن	0.00
يؤتموا	0.00
يؤتمون	0.00
يؤتى	3.14
يؤثرن	1.04
يؤثروا	2.06
يؤثرون	2.67
يؤجرن	0.00
يؤجروا	1.05
يؤجرون	2.14
يؤخذن	1.21
يؤخذوا	1.73
يؤخذون	2.06
يؤدى	3.62
يؤذنوا	1.01
يؤذنون	0.00
يؤسرن	0.00
يؤسروا	0.00
يؤسرون	1.08
يؤكلن	0.00
يؤكلوا	0.00
يؤكلون	0.00
يؤل	1.60
يؤلل	0.00
يؤللن	0.00
يؤلى	0.00
يؤمرن	1.24
يؤمروا	1.70
يؤمرون	2.12
يؤملن	0.00
يؤملوا	0.00
يؤملون	0.00
يؤمم	1.35
يؤممن	0.00
يؤمنوا	3.43
يؤمنون	4.28
يؤنى	0.00
يؤهلن	0.00
يؤهلوا	0.00
يؤهلون	1.13
يؤو	0.00
يؤوبا	0.00
يؤوبان	0.00
يؤوبن	0.00
يؤوبوا	0.00
يؤوبون	0.00
يؤوس	0.00
يؤووا	0.00
يؤوون	1.43
يؤوى	0.00
يؤوين	0.00
يؤيؤ	1.23
يئس	2.92
ياء	3.21
يائس	3.05
يائي	0.00
يابان	2.30
ياباني	3.99
يابانية	3.96
يابدن	0.00
يابدوا	0.00
يابدون	0.00
يابس	3.02
يابسة	3.11
يابقن	0.00
يابقوا	0.00
يابقون	0.00
يابى	3.29
يات	4.06
ياتمرن	0.00
ياتمروا	0.00
ياتمرون	2.10
ياتمم	0.00
ياتممن	0.00
ياتموا	0.00
ياتمون	0.00
ياتن	0.00
ياتوا	3.62
ياتون	4.05
ياتين	2.96
ياجوج	3.00
ياخذن	2.56
ياخذوا	3.64
ياخذون	3.81
يادى	1.14
ياذنوا	1.29
ياذنون	0.00
يارا	3.55
ياردة	3.22
ياس	3.53
ياسر	4.59
ياسرن	0.00
ياسروا	1.34
ياسرون	2.15
ياسمين	4.03
ياسين	4.40
ياش	2.90
ياصلن	0.00
ياصلوا	0.00
ياصلون	0.00
يافا	3.88
يافث	2.54
يافطة	2.46
يافع	3.44
يافوخ	1.08
ياقة	2.67
ياقوت	3.33
ياقوتي	1.68
ياقوتية	1.47
يال	1.80
يالمن	0.00
يالموا	0.00
يالمون	1.94
يالون	1.81
ياملن	1.49
ياملوا	1.71
ياملون	3.36
يامم	0.00
ياممن	0.00
يامن	3.34
يان	2.75
يانصيب	2.83
يانع	2.05
يانوا	0.00
يانون	1.39
يانى	0.00
يانيا	0.00
يانيان	0.00
يانين	0.00
ياو	0.00
ياوم	0.00
ياوندي	2.37
ياووا	0.00
ياوون	2.05
ياوين	0.00
ياي	3.21
يبؤسن	0.00
يبؤسوا	0.00
يبؤسون	0.00
يباب	1.75
يباحوا	0.00
يباحون	0.00
يبارى	1.80
يباسن	0.00
يباسوا	0.00
يباسون	0.00
يباعوا	1.32
يباعون	2.09
يبالغن	1.30
يبالغوا	1.82
يبالغون	2.78
يبالى	2.30
يبب	1.13
يبتئسن	0.00
يبتئسوا	0.00
يبتئسون	0.00
يبتدئن	0.00
يبتدئوا	0.00
يبتدئون	0.00
يبتسمن	1.53
يبتسموا	1.74
يبتسمون	3.29
يبتعدن	1.65
يبتعدوا	2.53
يبتعدون	2.86
يبتن	0.00
يبحرن	0.00
يبحروا	1.57
يبحرون	2.25
يبحن	0.00
يبدون	4.02
يبدى	2.52
يبرجن	0.00
يبرجوا	0.00
يبرجون	0.00
يبرزن	1.16
يبرزوا	1.52
يبرزون	2.12
يبرغششن	0.00
يبرغشوا	0.00
يبرغشون	0.00
يبرقن	0.00
يبرقوا	0.00
يبرقون	0.00
يبركن	0.00
يبركوا	0.00
يبركون	0.00
يبرن	0.00
يبروح	0.00
يبريق	0.00
يبس	2.71
يبسة	0.00
يبطؤن	0.00
يبطؤوا	0.00
يبطؤون	0.00
يبطئن	0.00
يبطئوا	0.00
يبطئون	0.00
يبطان	0.00
يبطلن	0.00
يبطلوا	1.90
يبطلون	1.87
يبقوا	3.67
يبقون	3.62
يبقين	2.34
يبكرن	0.00
يبكروا	0.00
يبكرون	1.30
يبكى	2.97
يبلاجج	0.00
يبلاججن	0.00
يبلاجوا	0.00
يبلاجون	0.00
يبلدن	0.00
يبلدوا	0.00
يبلدون	0.00
يبلعن	0.00
يبلعوا	1.10
يبلعون	1.38
يبنى	3.65
يبوحوا	1.55
يبوحون	1.72
يبوروا	0.00
يبورون	0.00
يبوسة	0.00
يبوسوا	0.00
يبوسون	0.00
يبيتوا	1.61
يبيتون	2.68
يبيس	1.54
يبيضض	0.00
يبيضضن	0.00
يبيضوا	0.00
يبيضون	1.43
يبيعوا	2.84
يبيعون	3.65
يبينوا	2.03
يبينون	2.04
يتائم	0.00
يتابدن	0.00
يتابدوا	0.00
يتابدون	0.00
يتاخرن	1.39
يتاخروا	2.05
يتاخرون	2.54
يتازمن	0.00
يتازموا	0.00
يتازمون	0.00
يتاصلن	0.00
يتاصلوا	0.00
يتاصلون	0.00
يتاكدن	0.00
يتاكدوا	2.46
يتاكدون	2.35
يتاكلن	0.00
يتاكلوا	0.00
يتاكلون	0.00
يتالفن	0.00
يتالفوا	0.00
يتالفون	0.00
يتامرن	0.00
يتامروا	1.08
يتامرون	2.56
يتاممن	0.00
يتامموا	0.00
يتاممون	0.00
يتامى	2.69
يتان	0.00
يتانوا	0.00
يتانون	0.00
يتانى	1.64
يتانيا	0.00
يتانيان	0.00
يتانين	0.00
يتباءسن	0.00
يتباحثن	0.00
يتباركن	0.00
يتبالدن	0.00
يتببن	0.00
يتبسمن	0.00
يتبسموا	0.00
يتبسمون	1.06
يتبع	4.53
يتبلدن	0.00
يتبلدوا	0.00
يتبلدون	0.00
يتبن	1.88
يتبوا	0.00
يتبولن	1.20
يتبولوا	0.00
يتبولون	2.60
يتبون	0.00
يتثاءبن	0.00
يتثنوا	0.00
يتثنون	0.00
يتثنين	0.00
يتجاررن	0.00
يتجاروا	0.00
يتجارون	1.21
يتجاملن	0.00
يتجانسن	0.00
يتجبرن	0.00
يتجبروا	0.00
يتجبرون	0.00
يتجددن	0.00
يتجددوا	0.00
يتجددون	1.02
يتجرن	0.00
يتجروا	0.00
يتجرون	1.34
يتجمعن	1.59
يتجمعوا	2.13
يتجمعون	3.13
يتجملن	0.00
يتجملوا	0.00
يتجملون	0.00
يتجنسن	0.00
يتجنسوا	0.00
يتجنسون	1.01
يتجولن	1.72
يتجولوا	1.57
يتجولون	3.32
يتحاببن	0.00
يتحابوا	0.00
يتحابون	1.24
يتحادثن	0.00
يتحاربن	0.00
يتحاسبن	0.00
يتحاملن	0.00
يتحببن	0.00
يتحببوا	0.00
يتحببون	0.00
يتحدثن	2.55
يتحدثوا	3.30
يتحدثون	4.33
يتحدن	0.00
يتحدوا	2.53
يتحدون	3.09
يتحرفن	0.00
يتحرفوا	0.00
يتحرفون	0.00
يتحرمن	0.00
يتحرموا	0.00
يتحرمون	0.00
يتحسنوا	1.20
يتحسنون	2.00
يتحكمن	1.46
يتحكموا	2.31
يتحكمون	3.06
يتحووا	0.00
يتحوون	0.00
يتحوين	0.00
يتخابرن	0.00
يتخامرن	0.00
يتخبرن	0.00
يتخبروا	0.00
يتخبرون	0.00
يتخشبن	0.00
يتخشبوا	0.00
يتخشبون	0.00
يتخمرن	0.00
يتخمروا	0.00
يتخمرون	0.00
يتخوفن	0.00
يتخوفوا	0.00
يتخوفون	2.52
يتدحرجن	0.00
يتدخلن	1.18
يتدخلوا	2.57
يتدخلون	2.87
يتدمرن	0.00
يتدمروا	0.00
يتدمرون	0.00
يتدورن	0.00
يتدوروا	0.00
يتدورون	0.00
يتذمرن	1.41
يتذمروا	1.25
يتذمرون	2.61
يتراجعن	0.00
يترافعن	0.00
يترجلن	0.00
يترجلوا	1.10
يترجلون	1.48
يترددن	1.63
يترددوا	2.45
يترددون	3.12
يترفعن	0.00
يترفعوا	0.00
يترفعون	1.53
يترن	0.00
يتروا	0.00
يترون	0.00
يتزخرفن	0.00
يتزلزلن	0.00
يتزمتن	0.00
يتزمتوا	0.00
يتزمتون	0.00
يتزووا	0.00
يتزوون	0.00
يتزوين	0.00
يتزينوا	0.00
يتزينون	1.49
يتساءلن	1.22
يتساقطن	0.00
يتسامعن	0.00
يتساندن	0.00
يتساو	0.00
يتساووا	1.19
يتساوون	1.93
يتساوى	3.34
يتساوين	0.00
يتسخن	0.00
يتسخوا	0.00
يتسخون	0.00
يتسل	0.00
يتسلحن	0.00
يتسلحوا	1.52
يتسلحون	1.69
يتسلوا	1.62
يتسلون	1.88
يتسلى	2.60
يتسلين	0.00
يتسمعن	0.00
يتسمعوا	0.00
يتسمعون	0.00
يتسممن	0.00
يتسمموا	0.00
يتسممون	0.00
يتسموا	1.41
يتسمون	2.63
يتسمين	0.00
يتسوقن	1.14
يتسوقوا	1.02
يتسوقون	2.16
يتشاءمن	0.00
يتشاجرن	1.01
يتشاركن	1.44
يتشاغلن	0.00
يتشخصن	0.00
يتشخصوا	0.00
يتشخصون	0.00
يتشرفن	0.00
يتشرفوا	0.00
يتشرفون	1.91
يتشكرن	0.00
يتشكروا	0.00
يتشكرون	0.00
يتصادرن	0.00
يتصبرن	0.00
يتصبروا	0.00
يتصبرون	0.00
يتصلن	1.50
يتصلوا	2.53
يتصلون	3.33
يتصلين	0.00
يتضاددن	0.00
يتضادوا	0.00
يتضادون	0.00
يتضايقن	0.00
يتضخمن	0.00
يتضخموا	0.00
يتضخمون	0.00
يتضوؤوا	0.00
يتضوؤون	0.00
يتضوان	0.00
يتطاولن	0.00
يتطرحن	0.00
يتطرحوا	0.00
يتطرحون	0.00
يتطرفن	0.00
يتطرفوا	0.00
يتطرفون	0.00
يتطولن	0.00
يتطولوا	0.00
يتطولون	0.00
يتظاهرن	2.11
يتعارفن	0.00
يتعاكسن	0.00
يتعالوا	0.00
يتعالون	1.40
يتعالين	0.00
يتعاملن	1.83
يتعبدن	0.00
يتعبدوا	0.00
يتعبدون	2.20
يتعبن	1.24
يتعبوا	2.07
يتعبون	2.50
يتعربن	0.00
يتعربوا	0.00
يتعربون	0.00
يتعرقن	0.00
يتعرقوا	0.00
يتعرقون	1.04
يتعشوا	1.60
يتعشون	1.75
يتعشين	0.00
يتعفنوا	0.00
يتعفنون	0.00
يتعملن	0.00
يتعملوا	1.20
يتعملون	1.13
يتغدوا	0.00
يتغدون	1.46
يتغدين	0.00
يتغرغرن	0.00
يتغيبن	0.00
يتغيبوا	1.28
يتغيبون	1.98
يتغيرن	1.36
يتغيروا	2.60
يتغيرون	3.18
يتفارقن	0.00
يتفاضلن	0.00
يتفاعلن	0.00
يتفتحن	0.00
يتفتحوا	0.00
يتفتحون	0.00
يتفجرن	0.00
يتفجروا	0.00
يتفجرون	1.11
يتفرقن	0.00
يتفرقوا	2.15
يتفرقون	2.18
يتفطرن	1.92
يتفطروا	0.00
يتفطرون	0.00
يتفقن	1.44
يتفقوا	2.68
يتفقون	3.20
يتقابلن	0.00
يتقاتلن	0.00
يتقاطرن	0.00
يتقاطعن	0.00
يتقامرن	0.00
يتقبلن	1.32
يتقبلوا	2.45
يتقبلون	2.81
يتقررن	0.00
يتقرروا	0.00
يتقررون	0.00
يتقطبن	0.00
يتقطبوا	0.00
يتقطبون	0.00
يتقطرن	0.00
يتقطروا	0.00
يتقطرون	0.00
يتقى	1.97
يتقيؤوا	0.00
يتقيؤون	1.09
يتقيان	0.00
يتكئن	0.00
يتكئوا	0.00
يتكئون	1.43
يتكاتبن	0.00
يتكاثرن	0.00
يتكافان	0.00
يتكالبن	0.00
يتكبرن	0.00
يتكبروا	0.00
يتكبرون	1.82
يتكحلن	0.00
يتكحلوا	0.00
يتكحلون	0.00
يتكهربن	0.00
يتكونوا	1.17
يتكونون	1.78
يتلاعبن	0.00
يتلاقوا	1.13
يتلاقون	1.72
يتلاقين	0.00
يتلامسن	0.00
يتلعبن	0.00
يتلعبوا	0.00
يتلعبون	0.00
يتلفنوا	0.00
يتلفنون	0.00
يتلوثن	0.00
يتلوثوا	0.00
يتلوثون	0.00
يتلونوا	0.00
يتلونون	1.70
يتلى	2.88
يتلين	0.00
يتم	5.81
يتماثلن	0.00
يتماسسن	0.00
يتماسكن	0.00
يتماسوا	0.00
يتماسون	0.00
يتمان	1.57
يتمتعن	2.51
يتمتعوا	2.64
يتمتعون	3.81
يتمثلن	0.00
يتمثلوا	0.00
يتمثلون	1.73
يتمذهبن	0.00
يتمسكن	1.64
يتمسكوا	2.37
يتمسكون	2.67
يتمصرن	0.00
يتمصروا	0.00
يتمصرون	0.00
يتممن	0.00
يتموا	2.27
يتمون	2.10
يتمى	0.00
يتن	1.32
يتناسبن	0.00
يتنافرن	0.00
يتنافسن	1.92
يتنبؤوا	0.00
يتنبؤون	1.47
يتنبان	0.00
يتنجمن	0.00
يتنجموا	0.00
يتنجمون	0.00
يتنسرن	0.00
يتنسروا	0.00
يتنسرون	0.00
يتنصتن	0.00
يتنصتوا	0.00
يتنصتون	1.39
يتنفسن	0.00
يتنفسوا	1.80
يتنفسون	2.76
يتنورن	0.00
يتنوروا	0.00
يتنورون	0.00
يتهتلرن	0.00
يتهدفن	0.00
يتهدفوا	0.00
يتهدفون	0.00
يتهربن	1.09
يتهربوا	1.44
يتهربون	2.32
يتهودن	0.00
يتهودوا	0.00
يتهودون	0.00
يتهيؤوا	0.00
يتهيؤون	0.00
يتهيان	0.00
يتواترن	0.00
يتواجدن	1.70
يتوارى	2.61
يتواصلن	1.04
يتواضعن	0.00
يتوافقن	0.00
يتواقفن	0.00
يتوالوا	0.00
يتوالون	1.17
يتوالين	0.00
يتوبوا	2.61
يتوبون	2.31
يتوترن	0.00
يتوتروا	1.01
يتوترون	1.29
يتوجدن	0.00
يتوجدوا	0.00
يتوجدون	0.00
يتوحدن	0.00
يتوحدوا	1.76
يتوحدون	1.70
يتورعن	0.00
يتورعوا	1.21
يتورعون	1.91
يتوصلن	0.00
يتوصلوا	2.47
يتوصلون	2.31
يتوع	0.00
يتوعيات	0.00
يتوقفن	1.86
يتوقفوا	3.52
يتوقفون	3.30
يتوكؤوا	0.00
يتوكؤون	0.00
يتوكان	0.00
يتوكدن	0.00
يتوكدوا	0.00
يتوكدون	0.00
يتوكلن	0.00
يتوكلوا	0.00
يتوكلون	2.36
يتولدن	0.00
يتولدوا	0.00
يتولدون	0.00
يتوهوا	1.14
يتوهون	1.33
يتي	2.24
يتيسرن	0.00
يتيسروا	0.00
يتيسرون	0.00
يتيم	3.72
يثابرن	0.00
يثابروا	0.00
يثابرون	1.30
يثاروا	0.00
يثارون	1.04
يثبتن	1.59
يثبتوا	2.85
يثبتون	2.99
يثرب	3.20
يثرثرن	1.05
يثرثروا	0.00
يثرثرون	2.53
يثرن	1.72
يثمرن	0.00
يثمروا	0.00
يثمرون	0.00
يثنوا	1.53
يثنون	2.39
يثنونوا	0.00
يثنونون	0.00
يثنونين	0.00
يثنى	2.39
يثنين	0.00
يثوروا	2.05
يثورون	2.30
يثيروا	2.21
يثيرون	2.85
يجئ	2.80
يجئن	1.21
يجا	0.00
يجابوا	0.00
يجابون	1.04
يجاروا	0.00
يجارون	1.73
يجازوا	0.00
يجازون	1.53
يجبن	2.19
يجبوا	1.21
يجبون	2.08
يجتمعن	2.19
يجتمعوا	2.77
يجتمعون	3.55
يجتهدن	0.00
يجتهدوا	1.66
يجتهدون	2.17
يجدد	3.56
يجددن	0.00
يجدن	2.60
يجدوا	4.02
يجدون	3.97
يجرؤن	1.69
يجرؤوا	2.14
يجرؤون	2.77
يجرمزز	0.00
يجرمززن	0.00
يجرمزوا	0.00
يجرمزون	0.00
يجرن	0.00
يجرنثمن	0.00
يجروا	2.47
يجرون	3.48
يجرى	3.99
يجرين	1.57
يجزى	2.33
يجسرن	0.00
يجسروا	0.00
يجسرون	1.04
يجع	1.66
يجعن	0.00
يجلسن	2.15
يجلسوا	2.58
يجلسون	3.64
يجلعببن	0.00
يجلعبوا	0.00
يجلعبون	0.00
يجلعدد	0.00
يجلعددن	0.00
يجلعدوا	0.00
يجلعدون	0.00
يجلنفعن	0.00
يجمع	4.55
يجمعن	1.95
يجمعوا	2.67
يجمعون	3.57
يجوبوا	1.05
يجوبون	2.97
يجوروا	0.00
يجورون	0.00
يجوزوا	0.00
يجوزون	1.54
يجوعوا	1.57
يجوعون	2.11
يجيؤوا	0.00
يجيؤون	0.00
يجيئوا	1.31
يجيئون	2.23
يجيبوا	3.06
يجيبون	2.94
يجيروا	0.00
يجيرون	0.00
يحاطوا	0.00
يحاطون	0.00
يحافظن	1.74
يحافظوا	2.69
يحافظون	3.11
يحاقوا	0.00
يحاقون	0.00
يحالوا	1.61
يحالون	1.83
يحاموا	0.00
يحامون	1.13
يحامى	0.00
يحامير	0.00
يحامين	0.00
يحبلن	0.00
يحبلوا	0.00
يحبلون	0.00
يحبور	0.00
يحتاطوا	0.00
يحتاطون	0.00
يحتربن	0.00
يحتربوا	0.00
يحتربون	0.00
يحتشدن	0.00
يحتشدوا	0.00
يحتشدون	2.35
يحتطن	0.00
يحتلمن	0.00
يحتلموا	0.00
يحتلمون	0.00
يحتوى	3.71
يحدثن	1.06
يحدثوا	2.35
يحدثون	2.63
يحدن	0.00
يحدوا	1.55
يحدودبا	0.00
يحدودبن	0.00
يحدودقن	0.00
يحدون	1.90
يحربن	0.00
يحربوا	0.00
يحربون	0.00
يحرنجمن	0.00
يحرنشفن	0.00
يحرنفزن	0.00
يحسنوا	2.53
يحسنون	3.13
يحصلن	2.84
يحصلوا	3.81
يحصلون	4.03
يحظوا	2.52
يحظون	3.01
يحظين	2.14
يحقوقفن	0.00
يحكى	3.45
يحلمن	1.90
يحلموا	2.36
يحلمون	3.46
يحلن	1.06
يحمارا	0.00
يحماران	0.00
يحمارر	0.00
يحماررن	0.00
يحماروا	0.00
يحمارون	0.00
يحمرا	0.00
يحمران	0.00
يحمرر	0.00
يحمررن	0.00
يحمروا	0.00
يحمرون	0.00
يحمور	1.43
يحموم	1.74
يحمى	3.04
يحنؤوا	0.00
يحنؤون	0.00
يحنئن	0.00
يحنئوا	0.00
يحنئون	0.00
يحنان	0.00
يحنى	1.48
يحوطوا	0.00
يحوطون	1.05
يحولل	0.00
يحوللن	0.00
يحولوا	2.47
يحولون	2.92
يحوى	2.54
يحيا	3.73
يحيطوا	1.95
يحيطون	3.04
يحيلوا	0.00
يحيلون	1.42
يحيى	4.69
يخافوا	2.92
يخافون	3.87
يخانوا	0.00
يخانون	0.00
يخت	3.28
يختلطن	1.18
يختلطوا	1.91
يختلطون	2.19
يختلفن	1.83
يختلفوا	2.19
يختلفون	3.64
يختمرن	0.00
يختمروا	0.00
يختمرون	0.00
يخجال	1.12
يخجلن	1.16
يخجلوا	2.10
يخجلون	2.58
يخرجن	2.78
يخرجوا	3.74
يخرجون	3.84
يخرمصص	0.00
يخرمصصن	0.00
يخرمصوا	0.00
يخرمصون	0.00
يخرنطمن	0.00
يخرنمسن	0.00
يخروطن	0.00
يخروطوا	0.00
يخروطون	0.00
يخشوشبن	0.00
يخصى	1.20
يخضارر	0.00
يخضاررن	0.00
يخضاروا	0.00
يخضارون	0.00
يخضرر	0.00
يخضررن	0.00
يخضروا	0.00
يخضرون	0.00
يخضللن	0.00
يخضلن	0.00
يخضلوا	0.00
يخضلون	0.00
يخضوضرا	0.00
يخضوضرن	0.00
يخضوضعن	0.00
يخفى	3.90
يخلدن	0.00
يخلدوا	1.58
يخلدون	2.18
يخلون	3.20
يخلى	2.79
يخنبن	0.00
يخنبوا	0.00
يخنبون	0.00
يخونوا	2.03
يخونون	2.62
يخيفوا	1.32
يخيفون	1.72
يداروا	1.09
يدارون	1.67
يدان	3.26
يدانوا	1.47
يدانون	1.74
يدببن	0.00
يدبوا	0.00
يدبون	1.23
يدحى	0.00
يدحين	0.00
يدربن	0.00
يدربوا	1.58
يدربون	2.46
يدرن	1.94
يدرى	2.96
يدعى	4.81
يدعين	1.99
يدفؤوا	0.00
يدفؤون	0.00
يدفئن	0.00
يدفئوا	0.00
يدفئون	0.00
يدفان	0.00
يدفف	0.00
يدففن	0.00
يدفوا	0.00
يدفون	1.63
يدمن	2.68
يدنون	1.41
يدنى	0.00
يدو	2.51
يدوروا	2.26
يدورون	2.95
يدوموا	1.32
يدومون	1.76
يدووا	0.00
يدوون	0.00
يدوي	3.65
يدوين	0.00
يدى	3.06
يدي	4.73
يديروا	2.35
يديرون	3.48
يدينوا	1.96
يدينون	3.34
يذاعوا	0.00
يذاعون	0.00
يذاقوا	0.00
يذاقون	0.00
يذر	2.46
يذرى	0.00
يذلعببن	0.00
يذلعبوا	0.00
يذلعبون	0.00
يذلولوا	0.00
يذلولون	0.00
يذلولى	0.00
يذلولين	0.00
يذنبن	0.00
يذنبوا	1.06
يذنبون	2.00
يذهبن	3.28
يذهبوا	3.61
يذهبون	4.03
يذوقوا	2.18
يذوقون	2.23
يذيعوا	1.78
يذيعون	1.74
يرابيع	0.00
يراحوا	0.00
يراحون	0.00
يرادوا	0.00
يرادون	0.00
يراع	2.17
يراعة	1.69
يراعيات	0.00
يرانوا	0.00
يرانون	0.00
يربوع	2.47
يربون	2.67
يربى	2.66
يرتاحوا	2.18
يرتاحون	2.60
يرتبكن	0.00
يرتبكوا	1.14
يرتبكون	1.62
يرتجى	2.25
يرتحن	0.00
يرتددن	0.00
يرتدون	4.00
يرتدى	2.99
يرتزقن	0.00
يرتزقوا	0.00
يرتزقون	1.19
يرتعدن	0.00
يرتعدوا	0.00
يرتعدون	2.00
يرتفعن	0.00
يرتفعوا	1.62
يرتفعون	2.13
يرثعنوا	0.00
يرثعنون	0.00
يرثن	1.65
يرثوا	1.95
يرثون	2.69
يرجحنوا	0.00
يرجحنون	0.00
يرجلن	0.00
يرجلوا	0.00
يرجلون	0.00
يرجى	4.53
يرجين	0.00
يرحبن	0.00
يرحبوا	2.20
يرحبون	3.01
يرحن	0.00
يردن	2.79
يردوا	3.08
يردون	3.59
يرضى	3.96
يرع	1.60
يرعان	0.00
يرعوان	0.00
يرعون	2.68
يرقان	1.90
يرقانة	1.51
يرقة	2.72
يرقدن	0.00
يرقدوا	1.19
يرقدون	2.48
يرقصن	2.62
يرقصوا	2.07
يرقصون	3.53
يركضن	1.20
يركضوا	1.67
يركضون	3.33
يرمى	3.29
يروحن	1.01
يروحوا	2.13
يروحون	2.35
يروى	3.50
يرى	5.00
يريحوا	1.65
يريحون	1.65
يريدوا	3.31
يريدون	4.92
يريفان	3.47
يرينوا	0.00
يرينون	0.00
يزادوا	0.00
يزادون	0.00
يزاروا	0.00
يزارون	0.00
يزحلن	0.00
يزحلوا	0.00
يزحلون	0.00
يزدادوا	1.96
يزدادون	2.74
يزدانوا	0.00
يزدانون	0.00
يزدحمن	0.00
يزدحموا	0.00
يزدحمون	1.64
يزددن	1.21
يزدهرن	0.00
يزدهروا	0.00
يزدهرون	1.47
يزدوجن	0.00
يزدوجوا	0.00
يزدوجون	0.00
يزرقق	0.00
يزرققن	0.00
يزرقوا	0.00
يزرقون	0.00
يزغن	0.00
يزنوا	1.25
يزنون	2.44
يزنى	1.26
يزنين	1.04
يزهرن	0.00
يزهروا	0.00
يزهرون	1.18
يزوروا	2.13
يزورون	3.35
يزولوا	1.05
يزولون	1.11
يزووا	0.00
يزوون	0.00
يزوى	0.00
يزوين	0.00
يزيد	4.99
يزيدوا	2.67
يزيدون	3.32
يزيغوا	0.00
يزيغون	0.00
يسؤ	1.14
يسؤن	0.00
يسئ	3.11
يسئمن	0.00
يسئموا	0.00
يسئمون	0.00
يسئن	0.00
يسا	0.00
يساءا	0.00
يساءان	0.00
يساءلن	0.00
يساءلوا	0.00
يساءلون	0.00
يساؤوا	0.00
يساؤون	0.00
يسائلن	0.00
يسائلوا	0.00
يسائلون	1.32
يسائوا	0.00
يسائون	0.00
يسار	4.12
يسارة	1.34
يساروا	0.00
يسارون	0.00
يساري	3.48
يسافرن	1.88
يسافروا	2.46
يسافرون	3.37
يساقوا	1.59
يساقون	2.19
يسامن	0.00
يساموا	0.00
يسامون	1.84
يسان	0.00
يساوى	2.97
يسبحن	2.09
يسبحوا	1.52
يسبحون	3.04
يسبغلل	0.00
يسبغللن	0.00
يسبغلوا	0.00
يسبغلون	0.00
يسبكرر	0.00
يسبكررن	0.00
يسبكروا	0.00
يسبكرون	0.00
يستاءا	0.00
يستاءان	0.00
يستاؤوا	0.00
يستاؤون	1.24
يستائوا	0.00
يستائون	0.00
يستان	0.00
يستانى	0.00
يستثنى	2.83
يستحمم	0.00
يستحممن	0.00
يستحموا	1.59
يستحمون	1.80
يستحى	1.55
يستحيا	1.45
يستدرن	0.00
يستدفئن	0.00
يسترجلن	0.00
يسترحن	0.00
يستسلمن	1.33
يستضئ	0.00
يستضئن	0.00
يستضا	0.00
يستعذن	0.00
يستعربن	0.00
يستقتلن	0.00
يستقرئن	0.00
يستقران	0.00
يستقررن	0.00
يستقروا	2.24
يستقرون	2.48
يستكلبن	0.00
يستلقوا	0.00
يستلقون	1.63
يستلقى	1.45
يستلقين	0.00
يستمتعن	1.90
يستمتن	0.00
يستمسكن	0.00
يستمن	0.00
يستمنوا	0.00
يستمنون	0.00
يستمنين	0.00
يستنبئن	0.00
يستنبان	0.00
يستندن	0.00
يستندوا	1.23
يستندون	2.24
يستنسرن	0.00
يستهزئن	0.00
يستوفى	1.59
يستولوا	2.13
يستولون	2.73
يستولى	2.42
يستولين	0.00
يستووا	0.00
يستوون	2.05
يستوى	1.70
يستوي	3.25
يستوين	0.00
يسحن	0.00
يسر	4.03
يسرة	2.23
يسرعن	0.00
يسرعوا	1.97
يسرعون	2.29
يسروع	1.45
يسرى	3.43
يسري	3.96
يسريات	0.00
يسعلن	0.00
يسعلوا	0.00
يسعلون	1.09
يسعوا	2.49
يسعون	4.02
يسعين	2.28
يسقطن	1.57
يسقطوا	2.50
يسقطون	3.12
يسقى	2.62
يسكتن	1.27
يسكتوا	2.18
يسكتون	2.28
يسلمن	1.67
يسلموا	3.03
يسلمون	2.98
يسلنطحن	0.00
يسلنطعن	0.00
يسمن	2.62
يسمون	3.77
يسمى	4.95
يسنوا	0.00
يسنون	1.67
يسهلن	0.00
يسهلوا	1.60
يسهلون	2.08
يسوءا	0.00
يسوءان	0.00
يسوءوا	0.00
يسوءون	0.00
يسوئوا	0.00
يسوئون	0.00
يسوع	4.45
يسوعي	2.04
يسوقوا	1.83
يسوقون	2.59
يسوى	3.19
يسيؤوا	0.00
يسيؤون	2.13
يسيئا	0.00
يسيئان	1.21
يسيئوا	1.98
يسيئون	3.01
يسير	4.46
يسيروا	2.85
يسيرون	3.56
يسيلوا	0.00
يسيلون	0.00
يشاروا	0.00
يشارون	0.00
يشاعوا	0.00
يشاعون	0.00
يشاقوا	0.00
يشاقون	0.00
يشب	2.74
يشتجرن	0.00
يشتجروا	0.00
يشتجرون	0.00
يشتركن	1.42
يشتركوا	2.26
يشتركون	3.20
يشترى	3.22
يشتططن	0.00
يشتطوا	0.00
يشتطون	0.00
يشتغلن	1.58
يشتغلوا	2.20
يشتغلون	3.08
يشتهرن	0.00
يشتهروا	1.39
يشتهرون	2.26
يشخصن	1.30
يشخصوا	1.56
يشخصون	1.92
يشرفن	1.43
يشرفوا	1.51
يشرفون	2.69
يشرى	1.52
يشعن	0.00
يشكى	1.50
يشكين	1.37
يشم	3.20
يشمئزوا	0.00
يشمئزون	1.38
يشوع	3.13
يشوقوا	0.00
يشوقون	0.00
يشيروا	2.31
يشيرون	3.33
يشيعوا	1.14
يشيعون	2.42
يصابوا	2.82
يصابون	3.32
يصادوا	0.00
يصادون	0.00
يصانوا	0.00
يصانون	0.00
يصبحن	2.79
يصبحوا	3.76
يصبحون	3.51
يصحن	1.18
يصرخن	2.07
يصرخوا	1.91
يصرخون	3.57
يصطبرن	0.00
يصطبروا	0.00
يصطبرون	0.00
يصطلوا	0.00
يصطلون	0.00
يصطلى	0.00
يصطلين	0.00
يصغون	2.16
يصغى	1.90
يصفرر	0.00
يصفررن	0.00
يصفروا	0.00
يصفرون	1.75
يصفن	1.47
يصفون	3.62
يصفى	2.66
يصفين	0.00
يصلن	2.29
يصلون	4.05
يصلى	3.21
يصمتن	0.00
يصمتوا	2.14
يصمتون	2.24
يصمدن	0.00
يصمدوا	2.11
يصمدون	2.02
يصوتن	1.30
يصوتوا	2.83
يصوتون	3.04
يصوموا	1.46
يصومون	2.35
يصونوا	1.44
يصونون	1.34
يصيبوا	2.18
يصيبون	2.32
يصيحوا	1.71
يصيحون	3.16
يصيدوا	1.06
يصيدون	2.25
يصيروا	2.47
يصيرون	2.53
يضؤ	0.00
يضؤن	0.00
يضئ	2.69
يضئن	0.00
يضا	0.00
يضاؤوا	0.00
يضاؤون	0.00
يضائوا	0.00
يضائون	0.00
يضاجعن	0.00
يضاجعوا	0.00
يضاجعون	1.01
يضادوا	0.00
يضادون	0.00
يضاعوا	0.00
يضاعون	0.00
يضافوا	0.00
يضافون	1.53
يضان	0.00
يضحكن	1.89
يضحكوا	2.45
يضحكون	3.57
يضربن	2.16
يضربوا	2.86
يضربون	3.52
يضرغططن	0.00
يضرغطوا	0.00
يضرغطون	0.00
يضطربن	0.00
يضطربوا	0.00
يضطربون	1.43
يضعفن	0.00
يضعفوا	1.69
يضعفون	2.11
يضعن	2.84
يضعوا	3.51
يضعون	3.91
يضمحللن	0.00
يضمحلوا	0.00
يضمحلون	0.00
يضوءوا	0.00
يضوءون	0.00
يضوؤوا	0.00
يضوؤون	0.00
يضوئن	0.00
يضوئوا	0.00
يضوئون	0.00
يضوان	0.00
يضيؤوا	0.00
يضيؤون	1.20
يضيئوا	1.05
يضيئون	2.02
يضيعوا	2.33
يضيعون	2.92
يضيفوا	2.26
يضيفون	2.83
يطؤوا	0.00
يطؤون	0.00
يطاعوا	0.00
يطاعون	0.00
يطالوا	0.00
يطالون	0.00
يطان	0.00
يطبلن	0.00
يطبلوا	1.20
يطبلون	1.98
يطربن	0.00
يطربوا	0.00
يطربون	1.66
يطرن	0.00
يطرى	1.92
يطفؤوا	0.00
يطفؤون	0.00
يطفئن	0.00
يطفئوا	2.28
يطفئون	1.76
يطفان	0.00
يطفون	2.08
يطفى	1.77
يطلق	4.79
يطلقن	1.94
يطلقوا	3.40
يطلقون	4.09
يطمئنوا	1.93
يطمئنون	2.06
يطوعوا	0.00
يطوعون	0.00
يطولوا	1.13
يطولون	1.45
يطيروا	2.40
يطيرون	2.68
يطيعوا	2.47
يطيعون	2.45
يطيلا	0.00
يطيلوا	1.36
يطيلون	1.88
يظللن	0.00
يظلمن	1.12
يظلموا	1.57
يظلمون	2.85
يظلوا	3.00
يظلون	2.81
يعابيب	0.00
يعادوا	1.46
يعادون	2.42
يعار	1.86
يعاروا	0.00
يعارون	0.00
يعاسيب	1.09
يعافير	0.00
يعاقيب	0.00
يعبسن	0.00
يعبسوا	0.00
يعبسون	1.17
يعبوب	0.00
يعتملن	0.00
يعتملوا	0.00
يعتملون	0.00
يعتنوا	2.03
يعتنون	2.52
يعتنى	2.28
يعتنين	1.58
يعجبن	1.73
يعجبوا	1.70
يعجبون	2.69
يعجلن	0.00
يعجلوا	1.44
يعجلون	1.56
يعدن	2.39
يعدوا	2.95
يعدون	3.45
يعر	2.59
يعرقن	0.00
يعرقوا	0.00
يعرقون	1.42
يعسوب	2.40
يعش	3.26
يعشن	3.10
يعضيد	0.00
يعطلن	0.00
يعطلوا	1.68
يعطلون	2.23
يعطى	3.94
يعظن	0.00
يعظوا	0.00
يعظون	1.63
يعفور	2.45
يعفى	2.82
يعفين	0.00
يعقوب	4.60
يعل	2.24
يعلمن	2.37
يعلموا	3.75
يعلمون	4.49
يعلوا	2.32
يعلون	2.47
يعلين	0.00
يعم	3.61
يعمقن	0.00
يعمقوا	0.00
يعمقون	0.00
يعموا	1.01
يعمون	1.77
يعمى	2.23
يعمين	0.00
يعنى	4.44
يعني	5.64
يعوجج	0.00
يعوججن	0.00
يعوجوا	0.00
يعوجون	0.00
يعودوا	4.04
يعودون	3.74
يعورن	0.00
يعوروا	0.00
يعورون	0.00
يعوق	3.22
يعيدوا	3.16
يعيدون	3.38
يعيروا	1.82
يعيرون	2.35
يعيشوا	3.58
يعيشون	4.62
يغتلمن	0.00
يغتلموا	0.00
يغتلمون	0.00
يغر	2.16
يغربن	0.00
يغربوا	0.00
يغربون	0.00
يغطى	3.33
يغلطن	0.00
يغلطوا	0.00
يغلطون	1.48
يغلمن	0.00
يغلموا	0.00
يغلمون	0.00
يغلوا	1.40
يغلون	1.94
يغلى	2.72
يغلين	0.00
يغم	1.70
يغمى	2.90
يغنى	3.16
يغوث	2.43
يغور	2.35
يغيبوا	2.09
يغيبون	2.38
يفاجؤوا	0.00
يفاجؤون	1.19
يفاجئن	0.00
يفاجئوا	1.43
يفاجئون	2.01
يفاجان	0.00
يفادوا	0.00
يفادون	0.00
يفاع	1.04
يفاعة	1.42
يفتقرن	1.59
يفتقروا	1.38
يفتقرون	3.23
يفجرن	0.00
يفجروا	1.96
يفجرون	2.71
يفحشن	0.00
يفحشوا	0.00
يفحشون	0.00
يفخ	0.00
يفرحن	1.33
يفرحوا	2.27
يفرحون	2.73
يفررن	0.00
يفرن	2.36
يفروا	2.40
يفرون	3.20
يفصحن	0.00
يفصحوا	2.05
يفصحون	1.88
يفطرن	1.07
يفطروا	1.48
يفطرون	2.60
يفع	2.02
يفعان	0.00
يفعة	0.00
يفقن	0.00
يفقوا	0.00
يفقون	0.00
يفكرن	2.23
يفكروا	3.34
يفكرون	3.94
يفنى	3.06
يفوا	1.83
يفوع	0.00
يفون	2.20
يفيدوا	1.67
يفيدون	2.10
يفين	1.60
يقئ	0.00
يقئن	0.00
يقا	0.00
يقادوا	0.00
يقادون	1.89
يقاسوا	0.00
يقاسون	2.01
يقاظ	0.00
يقاظى	0.00
يقالوا	0.00
يقالون	0.00
يقاموا	0.00
يقامون	0.00
يقبحن	0.00
يقبحوا	0.00
يقبحون	0.00
يقتربن	1.58
يقتربوا	2.35
يقتربون	2.90
يقتضى	1.93
يقتنعن	0.00
يقتنعوا	2.48
يقتنعون	2.44
يقدسن	0.00
يقدسوا	0.00
يقدسون	2.59
يقشعررن	0.00
يقشعروا	0.00
يقشعرون	0.00
يقضى	3.67
يقطرن	0.00
يقطروا	0.00
يقطرون	1.04
يقطين	2.53
يقظ	2.98
يقظان	2.47
يقظة	3.46
يقظى	1.02
يقعرن	0.00
يقعروا	0.00
يقعرون	0.00
يقعن	2.24
يقعوا	2.69
يقعون	3.37
يقفزن	1.17
يقفزوا	1.75
يقفزون	2.49
يقفن	2.34
يقفوا	3.23
يقفون	3.83
يقلقن	1.47
يقلقوا	2.00
يقلقون	2.23
يقلى	2.37
يقلين	0.00
يقمرن	0.00
يقمروا	0.00
يقمرون	0.00
يقمن	3.36
يقن	1.05
يقهقهن	0.00
يقهقهوا	0.00
يقهقهون	0.00
يقوا	1.93
يقودوا	2.35
يقودون	3.45
يقولوا	3.99
يقولون	4.95
يقوموا	4.15
يقومون	4.64
يقون	1.43
يقووا	1.49
يقوون	2.06
يقوين	0.00
يقيؤوا	0.00
يقيؤون	0.00
يقيئوا	0.00
يقيئون	0.00
يقيسوا	1.52
يقيسون	2.37
يقيموا	2.75
يقيمون	3.73
يقين	4.30
يقينا	3.64
يكافؤوا	0.00
يكافؤون	1.33
يكافئن	0.00
يكافئوا	1.40
يكافئون	1.70
يكافان	0.00
يكتحلن	0.00
يكتحلوا	0.00
يكتحلون	0.00
يكتربن	0.00
يكتربوا	0.00
يكتربون	0.00
يكربن	0.00
يكربوا	0.00
يكربون	0.00
يكرمن	0.00
يكرموا	1.72
يكرمون	2.61
يكفى	3.40
يكلبن	0.00
يكلبوا	0.00
يكلبون	0.00
يكلفن	0.00
يكلفوا	2.14
يكلفون	2.49
يكونوا	4.81
يكونون	4.08
يلا	4.03
يلاقى	2.21
يلامع	0.00
يلاموا	1.05
يلامون	1.68
يلب	2.39
يلبنوا	0.00
يلبنون	0.00
يلتبنوا	0.00
يلتبنون	0.00
يلتفتن	1.06
يلتفتوا	2.09
يلتفتون	2.53
يلتقى	2.83
يلدن	2.55
يلدوا	1.98
يلدون	1.98
يلطفن	0.00
يلطفوا	0.00
يلطفون	0.00
يلغى	3.23
يلفى	0.00
يلق	3.09
يلقن	2.71
يلقى	4.07
يلمع	3.23
يلمعي	0.00
يلنجوج	0.00
يلوا	2.09
يلوموا	1.73
يلومون	2.77
يلون	2.67
يليسن	0.00
يليسوا	0.00
يليسون	0.00
يليقوا	0.00
يليقون	1.51
يلين	3.15
يماتوا	0.00
يماتون	0.00
يماسوا	0.00
يماسون	0.00
يمالوا	0.00
يمالون	0.00
يمام	2.19
يمان	2.64
يماني	3.09
يمتازوا	0.00
يمتازون	2.51
يمتددن	0.00
يمتدوا	0.00
يمتدون	1.67
يمتزن	0.00
يمجدن	0.00
يمجدوا	1.19
يمجدون	2.37
يمحى	2.90
يمحيا	0.00
يمحيان	0.00
يمحين	0.00
يمدوا	2.02
يمدون	2.45
يمدى	0.00
يمدين	0.00
يمرضن	0.00
يمرضوا	1.84
يمرضون	2.25
يمرنوا	0.00
يمرنون	0.00
يمزحن	0.00
يمزحوا	1.16
يمزحون	2.48
يمشوا	2.51
يمشون	3.43
يمشى	2.99
يمشين	2.17
يمضى	2.73
يمكثن	1.25
يمكثوا	1.88
يمكثون	2.36
يمم	2.12
يمن	3.98
يمناء	0.00
يمناوات	0.00
يمنة	2.57
يمنى	3.19
يمني	4.17
يمنيات	2.52
يمنيان	1.35
يموتوا	3.38
يموتون	4.08
يموهوا	0.00
يموهون	1.11
يميتوا	0.00
يميتون	1.16
يميلن	1.42
يميلوا	1.96
يميلون	3.61
يمين	4.30
يميني	3.40
ينابيع	3.33
ينادى	3.20
يناروا	0.00
ينارون	0.00
يناكوا	0.00
يناكون	0.00
يناموا	3.03
ينامون	3.75
يناوى	0.00
يناير	5.31
ينبؤوا	0.00
ينبؤون	0.00
ينبئن	0.00
ينبئوا	0.00
ينبئون	0.00
ينبان	0.00
ينبسطن	0.00
ينبسطوا	1.08
ينبسطون	1.04
ينبع	4.02
ينبوت	0.00
ينبوع	3.29
ينتسبن	0.00
ينتسبوا	1.63
ينتسبون	2.87
ينتصرن	0.00
ينتصروا	2.39
ينتصرون	2.74
ينتفخن	0.00
ينتفخوا	0.00
ينتفخون	0.00
ينتفضن	0.00
ينتفضوا	1.51
ينتفضون	2.15
ينتقمن	0.00
ينتقموا	1.89
ينتقمون	2.36
ينتهوا	3.11
ينتهون	2.67
ينتهى	3.36
ينتهين	1.08
ينتوى	1.36
ينثنوا	0.00
ينثنون	0.00
ينثنى	0.00
ينثنين	0.00
ينجبرن	0.00
ينجبروا	0.00
ينجبرون	0.00
ينجحن	1.57
ينجحوا	3.05
ينجحون	2.98
ينجمن	0.00
ينجموا	0.00
ينجمون	0.00
ينجى	1.90
ينحرفن	0.00
ينحرفوا	1.56
ينحرفون	1.90
ينحملن	0.00
ينحملوا	0.00
ينحملون	0.00
يند	1.65
يندفقن	0.00
يندفقوا	0.00
يندفقون	0.00
يندوا	0.00
يندون	0.00
يندى	2.38
يندين	0.00
ينزلن	1.82
ينزلوا	2.85
ينزلون	3.16
ينزو	1.11
ينزووا	0.00
ينزوون	0.00
ينزوين	0.00
ينسحبن	0.00
ينسحبوا	2.44
ينسحبون	2.70
ينسى	4.19
ينشؤوا	1.39
ينشؤون	2.01
ينشئن	0.00
ينشئوا	2.00
ينشئون	2.45
ينشان	1.13
ينشغفن	0.00
ينشغفوا	0.00
ينشغفون	0.00
ينشغلن	0.00
ينشغلوا	1.95
ينشغلون	2.39
ينصتن	0.00
ينصتوا	1.89
ينصتون	2.20
ينصرفن	1.01
ينصرفوا	2.10
ينصرفون	2.01
ينضممن	0.00
ينضموا	2.93
ينضمون	3.01
ينطرحن	0.00
ينطرحوا	0.00
ينطرحون	0.00
ينطفئن	0.00
ينطفئوا	0.00
ينطفئون	0.00
ينظرن	2.36
ينظروا	3.25
ينظرون	4.24
ينع	1.57
ينعظن	0.00
ينعظوا	0.00
ينعظون	0.00
ينعقدن	0.00
ينعقدوا	0.00
ينعقدون	0.00
ينعكسن	0.00
ينعكسوا	0.00
ينعكسون	0.00
ينعملن	0.00
ينعملوا	0.00
ينعملون	0.00
ينفجرن	1.02
ينفجروا	1.44
ينفجرون	2.13
ينفدن	0.00
ينفدوا	0.00
ينفدون	0.00
ينفردن	0.00
ينفردوا	1.30
ينفردون	1.63
ينفصلن	0.00
ينفصلوا	2.04
ينفصلون	2.34
ينفطرن	0.00
ينفطروا	0.00
ينفطرون	0.00
ينفعلن	0.00
ينفعلوا	0.00
ينفعلون	1.58
ينفى	2.63
ينقادوا	1.07
ينقادون	1.43
ينقدن	0.00
ينقرئن	0.00
ينقرئوا	0.00
ينقرئون	0.00
ينقرضن	0.00
ينقرضوا	1.81
ينقرضون	1.70
ينقض	3.37
ينقضوا	1.93
ينقضون	2.30
ينقضين	0.00
ينقطعن	1.04
ينقطعوا	1.09
ينقطعون	1.75
ينقلبن	0.00
ينقلبوا	2.00
ينقلبون	2.87
ينكتبن	0.00
ينكتبوا	0.00
ينكتبون	0.00
ينكربن	0.00
ينكربوا	0.00
ينكربون	0.00
ينكسرن	0.00
ينكسروا	1.36
ينكسرون	1.50
ينكشفن	0.00
ينكشفوا	1.30
ينكشفون	1.10
ينكففن	0.00
ينكفوا	0.00
ينكفون	0.00
ينمن	1.90
ينمى	1.96
ينهزمن	0.00
ينهزموا	1.57
ينهزمون	1.88
ينوى	2.71
ينيروا	1.20
ينيرون	1.79
ينيع	0.00
ينيكوا	1.34
ينيكون	1.66
ينيموا	0.00
ينيمون	0.00
يهافيف	0.00
يهانوا	1.14
يهانون	1.75
يهبن	0.00
يهبوا	1.87
يهبون	2.33
يهتممن	1.80
يهتموا	3.29
يهتمون	3.90
يهجمن	0.00
يهجموا	1.94
يهجمون	2.32
يهدفن	0.00
يهدفوا	0.00
يهدفون	2.94
يهدى	3.16
يهربن	1.88
يهربوا	2.55
يهربون	3.69
يهفوف	0.00
يهم	4.46
يهماء	0.00
يهماوات	0.00
يهمى	0.00
يهنؤوا	0.00
يهنؤون	1.47
يهنئن	0.00
يهنئوا	1.23
يهنئون	2.48
يهنان	0.00
يهنوا	0.00
يهنون	0.00
يهود	4.09
يهودا	3.50
يهودوا	0.00
يهودون	0.00
يهودي	4.13
يهودية	4.23
يهوذا	3.67
يهوه	3.35
يهينوا	1.12
يهينون	2.11
يوءسن	0.00
يوءسوا	0.00
يوءسون	0.00
يوائس	0.00
يوابس	0.00
يواسر	0.00
يوافر	0.00
يوافى	0.00
يوافيخ	0.00
يوالى	0.00
يوامن	0.00
يوانع	0.00
يوبيل	2.23
يوتا	3.12
يوترن	0.00
يوتروا	0.00
يوترون	1.04
يوجدن	0.00
يوجدوا	2.17
يوجدون	2.36
يوجهن	1.36
يوجهوا	2.37
يوجهون	3.13
يوحنا	4.10
يود	4.00
يورثن	0.00
يورثوا	1.66
يورثون	2.16
يورو	4.61
يورى	2.09
يوزنوا	0.00
يوزنون	1.01
يوسف	5.16
يوسفي	2.83
يوسوسن	0.00
يوسوسوا	0.00
يوسوسون	1.08
يوشع	2.99
يوصفن	1.09
يوصفوا	1.84
يوصفون	2.71
يوصلن	0.00
يوصلوا	2.41
يوصلون	2.49
يوضعن	0.00
يوضعوا	1.82
يوضعون	2.18
يوطؤوا	0.00
يوطؤون	0.00
يوطان	0.00
يوعدن	0.00
يوعدوا	0.00
يوعدون	2.27
يوعظن	0.00
يوعظوا	0.00
يوعظون	1.68
يوغا	2.95
يوف	2.55
يوفقن	0.00
يوفقوا	2.08
يوفقون	1.66
يوفى	2.60
يوق	2.35
يوقوا	0.00
يوقون	0.00
يوقى	1.04
يوقين	0.00
يول	3.48
يولدن	1.71
يولدوا	2.61
يولدون	3.20
يولوا	1.92
يولون	2.75
يولى	2.50
يولين	2.09
يوليو	5.26
يوليوز	3.01
يوم	6.11
يومئذ	3.88
يوما	5.39
يومذاك	2.39
يومي	4.66
يوميا	4.90
يوميات	3.97
يومية	4.22
يونان	3.28
يوناني	3.30
يونس	4.54
يونسكو	3.04
يونيسكو	2.00
يونيسيف	2.74
يونيكود	1.83
يونيه	3.13
يونيو	5.32
يوهبن	0.00
يوهبوا	0.00
يوهبون	0.00
يوهنوا	0.00
يوهنون	0.00
يويو	2.62
ييرعا	0.00
ييرعان	0.00
ييرعن	0.00
ييرعوا	0.00
ييرعون	0.00
يينمية	0.00
